unit_id,station_id,timestamp_s,operator_id,check_pass
UNIT-000000,PT-05,840.0,OP-SHIFT_1-01,True
UNIT-000000,FA-05,1200.0,OP-SHIFT_1-01,True
UNIT-000000,FA-06,1260.0,OP-SHIFT_1-01,True
UNIT-000000,FA-07,1320.0,OP-SHIFT_1-01,True
UNIT-000000,FA-08,1380.0,OP-SHIFT_1-01,True
UNIT-000001,PT-05,900.0,OP-SHIFT_1-02,True
UNIT-000001,FA-05,1260.0,OP-SHIFT_1-02,True
UNIT-000001,FA-06,1320.0,OP-SHIFT_1-02,True
UNIT-000001,FA-07,1380.0,OP-SHIFT_1-02,True
UNIT-000001,FA-08,1440.0,OP-SHIFT_1-02,True
UNIT-000002,PT-05,960.0,OP-SHIFT_1-03,True
UNIT-000002,FA-05,1320.0,OP-SHIFT_1-03,True
UNIT-000002,FA-06,1380.0,OP-SHIFT_1-03,True
UNIT-000002,FA-07,1440.0,OP-SHIFT_1-03,True
UNIT-000002,FA-08,1500.0,OP-SHIFT_1-03,True
UNIT-000003,PT-05,1020.0,OP-SHIFT_1-04,True
UNIT-000003,FA-05,1380.0,OP-SHIFT_1-04,True
UNIT-000003,FA-06,1440.0,OP-SHIFT_1-04,True
UNIT-000003,FA-07,1500.0,OP-SHIFT_1-04,True
UNIT-000003,FA-08,1560.0,OP-SHIFT_1-04,True
UNIT-000004,PT-05,1080.0,OP-SHIFT_1-05,True
UNIT-000004,FA-05,1440.0,OP-SHIFT_1-05,True
UNIT-000004,FA-06,1500.0,OP-SHIFT_1-05,True
UNIT-000004,FA-07,1560.0,OP-SHIFT_1-05,True
UNIT-000004,FA-08,1620.0,OP-SHIFT_1-05,True
UNIT-000005,PT-05,1140.0,OP-SHIFT_1-06,True
UNIT-000005,FA-05,1500.0,OP-SHIFT_1-06,True
UNIT-000005,FA-06,1560.0,OP-SHIFT_1-06,True
UNIT-000005,FA-07,1620.0,OP-SHIFT_1-06,True
UNIT-000005,FA-08,1680.0,OP-SHIFT_1-06,True
UNIT-000006,PT-05,1200.0,OP-SHIFT_1-01,True
UNIT-000006,FA-05,1560.0,OP-SHIFT_1-01,True
UNIT-000006,FA-06,1620.0,OP-SHIFT_1-01,True
UNIT-000006,FA-07,1680.0,OP-SHIFT_1-01,True
UNIT-000006,FA-08,1740.0,OP-SHIFT_1-01,True
UNIT-000007,PT-05,1260.0,OP-SHIFT_1-02,True
UNIT-000007,FA-05,1620.0,OP-SHIFT_1-02,True
UNIT-000007,FA-06,1680.0,OP-SHIFT_1-02,True
UNIT-000007,FA-07,1740.0,OP-SHIFT_1-02,True
UNIT-000007,FA-08,1800.0,OP-SHIFT_1-02,True
UNIT-000008,PT-05,1320.0,OP-SHIFT_1-03,True
UNIT-000008,FA-05,1680.0,OP-SHIFT_1-03,True
UNIT-000008,FA-06,1740.0,OP-SHIFT_1-03,True
UNIT-000008,FA-07,1800.0,OP-SHIFT_1-03,True
UNIT-000008,FA-08,1860.0,OP-SHIFT_1-03,True
UNIT-000009,PT-05,1380.0,OP-SHIFT_1-04,True
UNIT-000009,FA-05,1740.0,OP-SHIFT_1-04,True
UNIT-000009,FA-06,1800.0,OP-SHIFT_1-04,True
UNIT-000009,FA-07,1860.0,OP-SHIFT_1-04,True
UNIT-000009,FA-08,1920.0,OP-SHIFT_1-04,True
UNIT-000010,PT-05,1440.0,OP-SHIFT_1-05,True
UNIT-000010,FA-05,1800.0,OP-SHIFT_1-05,True
UNIT-000010,FA-06,1860.0,OP-SHIFT_1-05,True
UNIT-000010,FA-07,1920.0,OP-SHIFT_1-05,True
UNIT-000010,FA-08,1980.0,OP-SHIFT_1-05,True
UNIT-000011,PT-05,1500.0,OP-SHIFT_1-06,True
UNIT-000011,FA-05,1860.0,OP-SHIFT_1-06,True
UNIT-000011,FA-06,1920.0,OP-SHIFT_1-06,True
UNIT-000011,FA-07,1980.0,OP-SHIFT_1-06,True
UNIT-000011,FA-08,2040.0,OP-SHIFT_1-06,True
UNIT-000012,PT-05,1560.0,OP-SHIFT_1-01,True
UNIT-000012,FA-05,1920.0,OP-SHIFT_1-01,True
UNIT-000012,FA-06,1980.0,OP-SHIFT_1-01,True
UNIT-000012,FA-07,2040.0,OP-SHIFT_1-01,True
UNIT-000012,FA-08,2100.0,OP-SHIFT_1-01,True
UNIT-000013,PT-05,1620.0,OP-SHIFT_1-02,True
UNIT-000013,FA-05,1980.0,OP-SHIFT_1-02,True
UNIT-000013,FA-06,2040.0,OP-SHIFT_1-02,True
UNIT-000013,FA-07,2100.0,OP-SHIFT_1-02,True
UNIT-000013,FA-08,2160.0,OP-SHIFT_1-02,True
UNIT-000014,PT-05,1680.0,OP-SHIFT_1-03,True
UNIT-000014,FA-05,2040.0,OP-SHIFT_1-03,True
UNIT-000014,FA-06,2100.0,OP-SHIFT_1-03,True
UNIT-000014,FA-07,2160.0,OP-SHIFT_1-03,True
UNIT-000014,FA-08,2220.0,OP-SHIFT_1-03,True
UNIT-000015,PT-05,1740.0,OP-SHIFT_1-04,True
UNIT-000015,FA-05,2100.0,OP-SHIFT_1-04,True
UNIT-000015,FA-06,2160.0,OP-SHIFT_1-04,True
UNIT-000015,FA-07,2220.0,OP-SHIFT_1-04,True
UNIT-000015,FA-08,2280.0,OP-SHIFT_1-04,True
UNIT-000016,PT-05,1800.0,OP-SHIFT_1-05,True
UNIT-000016,FA-05,2160.0,OP-SHIFT_1-05,True
UNIT-000016,FA-06,2220.0,OP-SHIFT_1-05,True
UNIT-000016,FA-07,2280.0,OP-SHIFT_1-05,True
UNIT-000016,FA-08,2340.0,OP-SHIFT_1-05,True
UNIT-000017,PT-05,1860.0,OP-SHIFT_1-06,True
UNIT-000017,FA-05,2220.0,OP-SHIFT_1-06,True
UNIT-000017,FA-06,2280.0,OP-SHIFT_1-06,True
UNIT-000017,FA-07,2340.0,OP-SHIFT_1-06,True
UNIT-000017,FA-08,2400.0,OP-SHIFT_1-06,True
UNIT-000018,PT-05,1920.0,OP-SHIFT_1-01,True
UNIT-000018,FA-05,2280.0,OP-SHIFT_1-01,True
UNIT-000018,FA-06,2340.0,OP-SHIFT_1-01,True
UNIT-000018,FA-07,2400.0,OP-SHIFT_1-01,True
UNIT-000018,FA-08,2460.0,OP-SHIFT_1-01,True
UNIT-000019,PT-05,1980.0,OP-SHIFT_1-02,True
UNIT-000019,FA-05,2340.0,OP-SHIFT_1-02,True
UNIT-000019,FA-06,2400.0,OP-SHIFT_1-02,True
UNIT-000019,FA-07,2460.0,OP-SHIFT_1-02,True
UNIT-000019,FA-08,2520.0,OP-SHIFT_1-02,True
UNIT-000020,PT-05,2040.0,OP-SHIFT_1-03,True
UNIT-000020,FA-05,2400.0,OP-SHIFT_1-03,True
UNIT-000020,FA-06,2460.0,OP-SHIFT_1-03,True
UNIT-000020,FA-07,2520.0,OP-SHIFT_1-03,True
UNIT-000020,FA-08,2580.0,OP-SHIFT_1-03,True
UNIT-000021,PT-05,2100.0,OP-SHIFT_1-04,True
UNIT-000021,FA-05,2460.0,OP-SHIFT_1-04,True
UNIT-000021,FA-06,2520.0,OP-SHIFT_1-04,True
UNIT-000021,FA-07,2580.0,OP-SHIFT_1-04,True
UNIT-000021,FA-08,2640.0,OP-SHIFT_1-04,True
UNIT-000022,PT-05,2160.0,OP-SHIFT_1-05,True
UNIT-000022,FA-05,2520.0,OP-SHIFT_1-05,True
UNIT-000022,FA-06,2580.0,OP-SHIFT_1-05,True
UNIT-000022,FA-07,2640.0,OP-SHIFT_1-05,True
UNIT-000022,FA-08,2700.0,OP-SHIFT_1-05,True
UNIT-000023,PT-05,2220.0,OP-SHIFT_1-06,True
UNIT-000023,FA-05,2580.0,OP-SHIFT_1-06,True
UNIT-000023,FA-06,2640.0,OP-SHIFT_1-06,True
UNIT-000023,FA-07,2700.0,OP-SHIFT_1-06,True
UNIT-000023,FA-08,2760.0,OP-SHIFT_1-06,True
UNIT-000024,PT-05,2280.0,OP-SHIFT_1-01,True
UNIT-000024,FA-05,2640.0,OP-SHIFT_1-01,True
UNIT-000024,FA-06,2700.0,OP-SHIFT_1-01,True
UNIT-000024,FA-07,2760.0,OP-SHIFT_1-01,True
UNIT-000024,FA-08,2820.0,OP-SHIFT_1-01,True
UNIT-000025,PT-05,2340.0,OP-SHIFT_1-02,True
UNIT-000025,FA-05,2700.0,OP-SHIFT_1-02,True
UNIT-000025,FA-06,2760.0,OP-SHIFT_1-02,True
UNIT-000025,FA-07,2820.0,OP-SHIFT_1-02,True
UNIT-000025,FA-08,2880.0,OP-SHIFT_1-02,True
UNIT-000026,PT-05,2400.0,OP-SHIFT_1-03,True
UNIT-000026,FA-05,2760.0,OP-SHIFT_1-03,True
UNIT-000026,FA-06,2820.0,OP-SHIFT_1-03,True
UNIT-000026,FA-07,2880.0,OP-SHIFT_1-03,True
UNIT-000026,FA-08,2940.0,OP-SHIFT_1-03,True
UNIT-000027,PT-05,2460.0,OP-SHIFT_1-04,True
UNIT-000027,FA-05,2820.0,OP-SHIFT_1-04,False
UNIT-000027,FA-06,2880.0,OP-SHIFT_1-04,True
UNIT-000027,FA-07,2940.0,OP-SHIFT_1-04,True
UNIT-000027,FA-08,3000.0,OP-SHIFT_1-04,True
UNIT-000028,PT-05,2520.0,OP-SHIFT_1-05,True
UNIT-000028,FA-05,2880.0,OP-SHIFT_1-05,True
UNIT-000028,FA-06,2940.0,OP-SHIFT_1-05,True
UNIT-000028,FA-07,3000.0,OP-SHIFT_1-05,True
UNIT-000028,FA-08,3060.0,OP-SHIFT_1-05,True
UNIT-000029,PT-05,2580.0,OP-SHIFT_1-06,True
UNIT-000029,FA-05,2940.0,OP-SHIFT_1-06,True
UNIT-000029,FA-06,3000.0,OP-SHIFT_1-06,True
UNIT-000029,FA-07,3060.0,OP-SHIFT_1-06,True
UNIT-000029,FA-08,3120.0,OP-SHIFT_1-06,True
UNIT-000030,PT-05,2640.0,OP-SHIFT_1-01,True
UNIT-000030,FA-05,3000.0,OP-SHIFT_1-01,True
UNIT-000030,FA-06,3060.0,OP-SHIFT_1-01,True
UNIT-000030,FA-07,3120.0,OP-SHIFT_1-01,True
UNIT-000030,FA-08,3180.0,OP-SHIFT_1-01,True
UNIT-000031,PT-05,2700.0,OP-SHIFT_1-02,True
UNIT-000031,FA-05,3060.0,OP-SHIFT_1-02,True
UNIT-000031,FA-06,3120.0,OP-SHIFT_1-02,True
UNIT-000031,FA-07,3180.0,OP-SHIFT_1-02,True
UNIT-000031,FA-08,3240.0,OP-SHIFT_1-02,True
UNIT-000032,PT-05,2760.0,OP-SHIFT_1-03,True
UNIT-000032,FA-05,3120.0,OP-SHIFT_1-03,True
UNIT-000032,FA-06,3180.0,OP-SHIFT_1-03,True
UNIT-000032,FA-07,3240.0,OP-SHIFT_1-03,True
UNIT-000032,FA-08,3300.0,OP-SHIFT_1-03,True
UNIT-000033,PT-05,2820.0,OP-SHIFT_1-04,True
UNIT-000033,FA-05,3180.0,OP-SHIFT_1-04,True
UNIT-000033,FA-06,3240.0,OP-SHIFT_1-04,True
UNIT-000033,FA-07,3300.0,OP-SHIFT_1-04,True
UNIT-000033,FA-08,3360.0,OP-SHIFT_1-04,True
UNIT-000034,PT-05,2880.0,OP-SHIFT_1-05,True
UNIT-000034,FA-05,3240.0,OP-SHIFT_1-05,True
UNIT-000034,FA-06,3300.0,OP-SHIFT_1-05,True
UNIT-000034,FA-07,3360.0,OP-SHIFT_1-05,True
UNIT-000034,FA-08,3420.0,OP-SHIFT_1-05,True
UNIT-000035,PT-05,2940.0,OP-SHIFT_1-06,True
UNIT-000035,FA-05,3300.0,OP-SHIFT_1-06,True
UNIT-000035,FA-06,3360.0,OP-SHIFT_1-06,True
UNIT-000035,FA-07,3420.0,OP-SHIFT_1-06,True
UNIT-000035,FA-08,3480.0,OP-SHIFT_1-06,True
UNIT-000036,PT-05,3000.0,OP-SHIFT_1-01,True
UNIT-000036,FA-05,3360.0,OP-SHIFT_1-01,True
UNIT-000036,FA-06,3420.0,OP-SHIFT_1-01,True
UNIT-000036,FA-07,3480.0,OP-SHIFT_1-01,True
UNIT-000036,FA-08,3540.0,OP-SHIFT_1-01,True
UNIT-000037,PT-05,3060.0,OP-SHIFT_1-02,True
UNIT-000037,FA-05,3420.0,OP-SHIFT_1-02,True
UNIT-000037,FA-06,3480.0,OP-SHIFT_1-02,True
UNIT-000037,FA-07,3540.0,OP-SHIFT_1-02,True
UNIT-000037,FA-08,3600.0,OP-SHIFT_1-02,True
UNIT-000038,PT-05,3120.0,OP-SHIFT_1-03,True
UNIT-000038,FA-05,3480.0,OP-SHIFT_1-03,True
UNIT-000038,FA-06,3540.0,OP-SHIFT_1-03,True
UNIT-000038,FA-07,3600.0,OP-SHIFT_1-03,True
UNIT-000038,FA-08,3660.0,OP-SHIFT_1-03,True
UNIT-000039,PT-05,3180.0,OP-SHIFT_1-04,True
UNIT-000039,FA-05,3540.0,OP-SHIFT_1-04,True
UNIT-000039,FA-06,3600.0,OP-SHIFT_1-04,True
UNIT-000039,FA-07,3660.0,OP-SHIFT_1-04,True
UNIT-000039,FA-08,3720.0,OP-SHIFT_1-04,True
UNIT-000040,PT-05,3240.0,OP-SHIFT_1-05,True
UNIT-000040,FA-05,3600.0,OP-SHIFT_1-05,True
UNIT-000040,FA-06,3660.0,OP-SHIFT_1-05,True
UNIT-000040,FA-07,3720.0,OP-SHIFT_1-05,True
UNIT-000040,FA-08,3780.0,OP-SHIFT_1-05,True
UNIT-000041,PT-05,3300.0,OP-SHIFT_1-06,True
UNIT-000041,FA-05,3660.0,OP-SHIFT_1-06,True
UNIT-000041,FA-06,3720.0,OP-SHIFT_1-06,True
UNIT-000041,FA-07,3780.0,OP-SHIFT_1-06,True
UNIT-000041,FA-08,3840.0,OP-SHIFT_1-06,True
UNIT-000042,PT-05,3360.0,OP-SHIFT_1-01,True
UNIT-000042,FA-05,3720.0,OP-SHIFT_1-01,True
UNIT-000042,FA-06,3780.0,OP-SHIFT_1-01,True
UNIT-000042,FA-07,3840.0,OP-SHIFT_1-01,True
UNIT-000042,FA-08,3900.0,OP-SHIFT_1-01,True
UNIT-000043,PT-05,3420.0,OP-SHIFT_1-02,True
UNIT-000043,FA-05,3780.0,OP-SHIFT_1-02,True
UNIT-000043,FA-06,3840.0,OP-SHIFT_1-02,True
UNIT-000043,FA-07,3900.0,OP-SHIFT_1-02,True
UNIT-000043,FA-08,3960.0,OP-SHIFT_1-02,True
UNIT-000044,PT-05,3480.0,OP-SHIFT_1-03,True
UNIT-000044,FA-05,3840.0,OP-SHIFT_1-03,True
UNIT-000044,FA-06,3900.0,OP-SHIFT_1-03,True
UNIT-000044,FA-07,3960.0,OP-SHIFT_1-03,True
UNIT-000044,FA-08,4020.0,OP-SHIFT_1-03,True
UNIT-000045,PT-05,3540.0,OP-SHIFT_1-04,True
UNIT-000045,FA-05,3900.0,OP-SHIFT_1-04,True
UNIT-000045,FA-06,3960.0,OP-SHIFT_1-04,True
UNIT-000045,FA-07,4020.0,OP-SHIFT_1-04,True
UNIT-000045,FA-08,4080.0,OP-SHIFT_1-04,True
UNIT-000046,PT-05,3600.0,OP-SHIFT_1-05,True
UNIT-000046,FA-05,3960.0,OP-SHIFT_1-05,True
UNIT-000046,FA-06,4020.0,OP-SHIFT_1-05,True
UNIT-000046,FA-07,4080.0,OP-SHIFT_1-05,True
UNIT-000046,FA-08,4140.0,OP-SHIFT_1-05,True
UNIT-000047,PT-05,3660.0,OP-SHIFT_1-06,True
UNIT-000047,FA-05,4020.0,OP-SHIFT_1-06,True
UNIT-000047,FA-06,4080.0,OP-SHIFT_1-06,True
UNIT-000047,FA-07,4140.0,OP-SHIFT_1-06,True
UNIT-000047,FA-08,4200.0,OP-SHIFT_1-06,True
UNIT-000048,PT-05,3720.0,OP-SHIFT_1-01,False
UNIT-000048,FA-05,4080.0,OP-SHIFT_1-01,True
UNIT-000048,FA-06,4140.0,OP-SHIFT_1-01,True
UNIT-000048,FA-07,4200.0,OP-SHIFT_1-01,True
UNIT-000048,FA-08,4260.0,OP-SHIFT_1-01,True
UNIT-000049,PT-05,3780.0,OP-SHIFT_1-02,True
UNIT-000049,FA-05,4140.0,OP-SHIFT_1-02,True
UNIT-000049,FA-06,4200.0,OP-SHIFT_1-02,True
UNIT-000049,FA-07,4260.0,OP-SHIFT_1-02,True
UNIT-000049,FA-08,4320.0,OP-SHIFT_1-02,True
UNIT-000050,PT-05,3840.0,OP-SHIFT_1-03,True
UNIT-000050,FA-05,4200.0,OP-SHIFT_1-03,True
UNIT-000050,FA-06,4260.0,OP-SHIFT_1-03,True
UNIT-000050,FA-07,4320.0,OP-SHIFT_1-03,True
UNIT-000050,FA-08,4380.0,OP-SHIFT_1-03,True
UNIT-000051,PT-05,3900.0,OP-SHIFT_1-04,True
UNIT-000051,FA-05,4260.0,OP-SHIFT_1-04,True
UNIT-000051,FA-06,4320.0,OP-SHIFT_1-04,True
UNIT-000051,FA-07,4380.0,OP-SHIFT_1-04,True
UNIT-000051,FA-08,4440.0,OP-SHIFT_1-04,True
UNIT-000052,PT-05,3960.0,OP-SHIFT_1-05,True
UNIT-000052,FA-05,4320.0,OP-SHIFT_1-05,True
UNIT-000052,FA-06,4380.0,OP-SHIFT_1-05,True
UNIT-000052,FA-07,4440.0,OP-SHIFT_1-05,True
UNIT-000052,FA-08,4500.0,OP-SHIFT_1-05,True
UNIT-000053,PT-05,4020.0,OP-SHIFT_1-06,True
UNIT-000053,FA-05,4380.0,OP-SHIFT_1-06,True
UNIT-000053,FA-06,4440.0,OP-SHIFT_1-06,True
UNIT-000053,FA-07,4500.0,OP-SHIFT_1-06,True
UNIT-000053,FA-08,4560.0,OP-SHIFT_1-06,True
UNIT-000054,PT-05,4080.0,OP-SHIFT_1-01,True
UNIT-000054,FA-05,4440.0,OP-SHIFT_1-01,True
UNIT-000054,FA-06,4500.0,OP-SHIFT_1-01,True
UNIT-000054,FA-07,4560.0,OP-SHIFT_1-01,True
UNIT-000054,FA-08,4620.0,OP-SHIFT_1-01,True
UNIT-000055,PT-05,4140.0,OP-SHIFT_1-02,True
UNIT-000055,FA-05,4500.0,OP-SHIFT_1-02,True
UNIT-000055,FA-06,4560.0,OP-SHIFT_1-02,True
UNIT-000055,FA-07,4620.0,OP-SHIFT_1-02,True
UNIT-000055,FA-08,4680.0,OP-SHIFT_1-02,True
UNIT-000056,PT-05,4200.0,OP-SHIFT_1-03,True
UNIT-000056,FA-05,4560.0,OP-SHIFT_1-03,True
UNIT-000056,FA-06,4620.0,OP-SHIFT_1-03,True
UNIT-000056,FA-07,4680.0,OP-SHIFT_1-03,True
UNIT-000056,FA-08,4740.0,OP-SHIFT_1-03,True
UNIT-000057,PT-05,4260.0,OP-SHIFT_1-04,True
UNIT-000057,FA-05,4620.0,OP-SHIFT_1-04,True
UNIT-000057,FA-06,4680.0,OP-SHIFT_1-04,True
UNIT-000057,FA-07,4740.0,OP-SHIFT_1-04,True
UNIT-000057,FA-08,4800.0,OP-SHIFT_1-04,True
UNIT-000058,PT-05,4320.0,OP-SHIFT_1-05,True
UNIT-000058,FA-05,4680.0,OP-SHIFT_1-05,True
UNIT-000058,FA-06,4740.0,OP-SHIFT_1-05,True
UNIT-000058,FA-07,4800.0,OP-SHIFT_1-05,True
UNIT-000058,FA-08,4860.0,OP-SHIFT_1-05,True
UNIT-000059,PT-05,4380.0,OP-SHIFT_1-06,True
UNIT-000059,FA-05,4740.0,OP-SHIFT_1-06,True
UNIT-000059,FA-06,4800.0,OP-SHIFT_1-06,True
UNIT-000059,FA-07,4860.0,OP-SHIFT_1-06,True
UNIT-000059,FA-08,4920.0,OP-SHIFT_1-06,True
UNIT-000060,PT-05,4440.0,OP-SHIFT_1-01,True
UNIT-000060,FA-05,4800.0,OP-SHIFT_1-01,True
UNIT-000060,FA-06,4860.0,OP-SHIFT_1-01,True
UNIT-000060,FA-07,4920.0,OP-SHIFT_1-01,True
UNIT-000060,FA-08,4980.0,OP-SHIFT_1-01,True
UNIT-000061,PT-05,4500.0,OP-SHIFT_1-02,True
UNIT-000061,FA-05,4860.0,OP-SHIFT_1-02,True
UNIT-000061,FA-06,4920.0,OP-SHIFT_1-02,True
UNIT-000061,FA-07,4980.0,OP-SHIFT_1-02,True
UNIT-000061,FA-08,5040.0,OP-SHIFT_1-02,True
UNIT-000062,PT-05,4560.0,OP-SHIFT_1-03,True
UNIT-000062,FA-05,4920.0,OP-SHIFT_1-03,True
UNIT-000062,FA-06,4980.0,OP-SHIFT_1-03,True
UNIT-000062,FA-07,5040.0,OP-SHIFT_1-03,True
UNIT-000062,FA-08,5100.0,OP-SHIFT_1-03,True
UNIT-000063,PT-05,4620.0,OP-SHIFT_1-04,True
UNIT-000063,FA-05,4980.0,OP-SHIFT_1-04,True
UNIT-000063,FA-06,5040.0,OP-SHIFT_1-04,True
UNIT-000063,FA-07,5100.0,OP-SHIFT_1-04,True
UNIT-000063,FA-08,5160.0,OP-SHIFT_1-04,True
UNIT-000064,PT-05,4680.0,OP-SHIFT_1-05,True
UNIT-000064,FA-05,5040.0,OP-SHIFT_1-05,True
UNIT-000064,FA-06,5100.0,OP-SHIFT_1-05,True
UNIT-000064,FA-07,5160.0,OP-SHIFT_1-05,True
UNIT-000064,FA-08,5220.0,OP-SHIFT_1-05,True
UNIT-000065,PT-05,4740.0,OP-SHIFT_1-06,True
UNIT-000065,FA-05,5100.0,OP-SHIFT_1-06,True
UNIT-000065,FA-06,5160.0,OP-SHIFT_1-06,True
UNIT-000065,FA-07,5220.0,OP-SHIFT_1-06,True
UNIT-000065,FA-08,5280.0,OP-SHIFT_1-06,True
UNIT-000066,PT-05,4800.0,OP-SHIFT_1-01,True
UNIT-000066,FA-05,5160.0,OP-SHIFT_1-01,True
UNIT-000066,FA-06,5220.0,OP-SHIFT_1-01,True
UNIT-000066,FA-07,5280.0,OP-SHIFT_1-01,True
UNIT-000066,FA-08,5340.0,OP-SHIFT_1-01,True
UNIT-000067,PT-05,4860.0,OP-SHIFT_1-02,True
UNIT-000067,FA-05,5220.0,OP-SHIFT_1-02,True
UNIT-000067,FA-06,5280.0,OP-SHIFT_1-02,True
UNIT-000067,FA-07,5340.0,OP-SHIFT_1-02,True
UNIT-000067,FA-08,5400.0,OP-SHIFT_1-02,True
UNIT-000068,PT-05,4920.0,OP-SHIFT_1-03,True
UNIT-000068,FA-05,5280.0,OP-SHIFT_1-03,True
UNIT-000068,FA-06,5340.0,OP-SHIFT_1-03,True
UNIT-000068,FA-07,5400.0,OP-SHIFT_1-03,True
UNIT-000068,FA-08,5460.0,OP-SHIFT_1-03,True
UNIT-000069,PT-05,4980.0,OP-SHIFT_1-04,True
UNIT-000069,FA-05,5340.0,OP-SHIFT_1-04,True
UNIT-000069,FA-06,5400.0,OP-SHIFT_1-04,True
UNIT-000069,FA-07,5460.0,OP-SHIFT_1-04,True
UNIT-000069,FA-08,5520.0,OP-SHIFT_1-04,True
UNIT-000070,PT-05,5040.0,OP-SHIFT_1-05,True
UNIT-000070,FA-05,5400.0,OP-SHIFT_1-05,True
UNIT-000070,FA-06,5460.0,OP-SHIFT_1-05,True
UNIT-000070,FA-07,5520.0,OP-SHIFT_1-05,True
UNIT-000070,FA-08,5580.0,OP-SHIFT_1-05,True
UNIT-000071,PT-05,5100.0,OP-SHIFT_1-06,True
UNIT-000071,FA-05,5460.0,OP-SHIFT_1-06,True
UNIT-000071,FA-06,5520.0,OP-SHIFT_1-06,True
UNIT-000071,FA-07,5580.0,OP-SHIFT_1-06,True
UNIT-000071,FA-08,5640.0,OP-SHIFT_1-06,True
UNIT-000072,PT-05,5160.0,OP-SHIFT_1-01,True
UNIT-000072,FA-05,5520.0,OP-SHIFT_1-01,True
UNIT-000072,FA-06,5580.0,OP-SHIFT_1-01,True
UNIT-000072,FA-07,5640.0,OP-SHIFT_1-01,True
UNIT-000072,FA-08,5700.0,OP-SHIFT_1-01,True
UNIT-000073,PT-05,5220.0,OP-SHIFT_1-02,True
UNIT-000073,FA-05,5580.0,OP-SHIFT_1-02,True
UNIT-000073,FA-06,5640.0,OP-SHIFT_1-02,True
UNIT-000073,FA-07,5700.0,OP-SHIFT_1-02,True
UNIT-000073,FA-08,5760.0,OP-SHIFT_1-02,True
UNIT-000074,PT-05,5280.0,OP-SHIFT_1-03,True
UNIT-000074,FA-05,5640.0,OP-SHIFT_1-03,True
UNIT-000074,FA-06,5700.0,OP-SHIFT_1-03,True
UNIT-000074,FA-07,5760.0,OP-SHIFT_1-03,True
UNIT-000074,FA-08,5820.0,OP-SHIFT_1-03,True
UNIT-000075,PT-05,5340.0,OP-SHIFT_1-04,True
UNIT-000075,FA-05,5700.0,OP-SHIFT_1-04,True
UNIT-000075,FA-06,5760.0,OP-SHIFT_1-04,True
UNIT-000075,FA-07,5820.0,OP-SHIFT_1-04,True
UNIT-000075,FA-08,5880.0,OP-SHIFT_1-04,True
UNIT-000076,PT-05,5400.0,OP-SHIFT_1-05,True
UNIT-000076,FA-05,5760.0,OP-SHIFT_1-05,True
UNIT-000076,FA-06,5820.0,OP-SHIFT_1-05,True
UNIT-000076,FA-07,5880.0,OP-SHIFT_1-05,True
UNIT-000076,FA-08,5940.0,OP-SHIFT_1-05,True
UNIT-000077,PT-05,5460.0,OP-SHIFT_1-06,True
UNIT-000077,FA-05,5820.0,OP-SHIFT_1-06,True
UNIT-000077,FA-06,5880.0,OP-SHIFT_1-06,True
UNIT-000077,FA-07,5940.0,OP-SHIFT_1-06,True
UNIT-000077,FA-08,6000.0,OP-SHIFT_1-06,True
UNIT-000078,PT-05,5520.0,OP-SHIFT_1-01,True
UNIT-000078,FA-05,5880.0,OP-SHIFT_1-01,True
UNIT-000078,FA-06,5940.0,OP-SHIFT_1-01,True
UNIT-000078,FA-07,6000.0,OP-SHIFT_1-01,True
UNIT-000078,FA-08,6060.0,OP-SHIFT_1-01,True
UNIT-000079,PT-05,5580.0,OP-SHIFT_1-02,True
UNIT-000079,FA-05,5940.0,OP-SHIFT_1-02,True
UNIT-000079,FA-06,6000.0,OP-SHIFT_1-02,True
UNIT-000079,FA-07,6060.0,OP-SHIFT_1-02,True
UNIT-000079,FA-08,6120.0,OP-SHIFT_1-02,True
UNIT-000080,PT-05,5640.0,OP-SHIFT_1-03,True
UNIT-000080,FA-05,6000.0,OP-SHIFT_1-03,False
UNIT-000080,FA-06,6060.0,OP-SHIFT_1-03,True
UNIT-000080,FA-07,6120.0,OP-SHIFT_1-03,True
UNIT-000080,FA-08,6180.0,OP-SHIFT_1-03,True
UNIT-000081,PT-05,5700.0,OP-SHIFT_1-04,True
UNIT-000081,FA-05,6060.0,OP-SHIFT_1-04,True
UNIT-000081,FA-06,6120.0,OP-SHIFT_1-04,True
UNIT-000081,FA-07,6180.0,OP-SHIFT_1-04,True
UNIT-000081,FA-08,6240.0,OP-SHIFT_1-04,True
UNIT-000082,PT-05,5760.0,OP-SHIFT_1-05,True
UNIT-000082,FA-05,6120.0,OP-SHIFT_1-05,True
UNIT-000082,FA-06,6180.0,OP-SHIFT_1-05,True
UNIT-000082,FA-07,6240.0,OP-SHIFT_1-05,True
UNIT-000082,FA-08,6300.0,OP-SHIFT_1-05,True
UNIT-000083,PT-05,5820.0,OP-SHIFT_1-06,True
UNIT-000083,FA-05,6180.0,OP-SHIFT_1-06,True
UNIT-000083,FA-06,6240.0,OP-SHIFT_1-06,True
UNIT-000083,FA-07,6300.0,OP-SHIFT_1-06,True
UNIT-000083,FA-08,6360.0,OP-SHIFT_1-06,True
UNIT-000084,PT-05,5880.0,OP-SHIFT_1-01,True
UNIT-000084,FA-05,6240.0,OP-SHIFT_1-01,True
UNIT-000084,FA-06,6300.0,OP-SHIFT_1-01,True
UNIT-000084,FA-07,6360.0,OP-SHIFT_1-01,True
UNIT-000084,FA-08,6420.0,OP-SHIFT_1-01,True
UNIT-000085,PT-05,5940.0,OP-SHIFT_1-02,True
UNIT-000085,FA-05,6300.0,OP-SHIFT_1-02,True
UNIT-000085,FA-06,6360.0,OP-SHIFT_1-02,True
UNIT-000085,FA-07,6420.0,OP-SHIFT_1-02,True
UNIT-000085,FA-08,6480.0,OP-SHIFT_1-02,True
UNIT-000086,PT-05,6000.0,OP-SHIFT_1-03,True
UNIT-000086,FA-05,6360.0,OP-SHIFT_1-03,True
UNIT-000086,FA-06,6420.0,OP-SHIFT_1-03,True
UNIT-000086,FA-07,6480.0,OP-SHIFT_1-03,True
UNIT-000086,FA-08,6540.0,OP-SHIFT_1-03,True
UNIT-000087,PT-05,6060.0,OP-SHIFT_1-04,True
UNIT-000087,FA-05,6420.0,OP-SHIFT_1-04,True
UNIT-000087,FA-06,6480.0,OP-SHIFT_1-04,True
UNIT-000087,FA-07,6540.0,OP-SHIFT_1-04,True
UNIT-000087,FA-08,6600.0,OP-SHIFT_1-04,True
UNIT-000088,PT-05,6120.0,OP-SHIFT_1-05,True
UNIT-000088,FA-05,6480.0,OP-SHIFT_1-05,True
UNIT-000088,FA-06,6540.0,OP-SHIFT_1-05,True
UNIT-000088,FA-07,6600.0,OP-SHIFT_1-05,True
UNIT-000088,FA-08,6660.0,OP-SHIFT_1-05,True
UNIT-000089,PT-05,6180.0,OP-SHIFT_1-06,True
UNIT-000089,FA-05,6540.0,OP-SHIFT_1-06,True
UNIT-000089,FA-06,6600.0,OP-SHIFT_1-06,True
UNIT-000089,FA-07,6660.0,OP-SHIFT_1-06,True
UNIT-000089,FA-08,6720.0,OP-SHIFT_1-06,True
UNIT-000090,PT-05,6240.0,OP-SHIFT_1-01,True
UNIT-000090,FA-05,6600.0,OP-SHIFT_1-01,True
UNIT-000090,FA-06,6660.0,OP-SHIFT_1-01,True
UNIT-000090,FA-07,6720.0,OP-SHIFT_1-01,True
UNIT-000090,FA-08,6780.0,OP-SHIFT_1-01,True
UNIT-000091,PT-05,6300.0,OP-SHIFT_1-02,True
UNIT-000091,FA-05,6660.0,OP-SHIFT_1-02,True
UNIT-000091,FA-06,6720.0,OP-SHIFT_1-02,True
UNIT-000091,FA-07,6780.0,OP-SHIFT_1-02,True
UNIT-000091,FA-08,6840.0,OP-SHIFT_1-02,True
UNIT-000092,PT-05,6360.0,OP-SHIFT_1-03,True
UNIT-000092,FA-05,6720.0,OP-SHIFT_1-03,True
UNIT-000092,FA-06,6780.0,OP-SHIFT_1-03,True
UNIT-000092,FA-07,6840.0,OP-SHIFT_1-03,True
UNIT-000092,FA-08,6900.0,OP-SHIFT_1-03,True
UNIT-000093,PT-05,6420.0,OP-SHIFT_1-04,True
UNIT-000093,FA-05,6780.0,OP-SHIFT_1-04,True
UNIT-000093,FA-06,6840.0,OP-SHIFT_1-04,True
UNIT-000093,FA-07,6900.0,OP-SHIFT_1-04,True
UNIT-000093,FA-08,6960.0,OP-SHIFT_1-04,True
UNIT-000094,PT-05,6480.0,OP-SHIFT_1-05,True
UNIT-000094,FA-05,6840.0,OP-SHIFT_1-05,True
UNIT-000094,FA-06,6900.0,OP-SHIFT_1-05,True
UNIT-000094,FA-07,6960.0,OP-SHIFT_1-05,True
UNIT-000094,FA-08,7020.0,OP-SHIFT_1-05,True
UNIT-000095,PT-05,6540.0,OP-SHIFT_1-06,True
UNIT-000095,FA-05,6900.0,OP-SHIFT_1-06,True
UNIT-000095,FA-06,6960.0,OP-SHIFT_1-06,True
UNIT-000095,FA-07,7020.0,OP-SHIFT_1-06,True
UNIT-000095,FA-08,7080.0,OP-SHIFT_1-06,True
UNIT-000096,PT-05,6600.0,OP-SHIFT_1-01,True
UNIT-000096,FA-05,6960.0,OP-SHIFT_1-01,True
UNIT-000096,FA-06,7020.0,OP-SHIFT_1-01,True
UNIT-000096,FA-07,7080.0,OP-SHIFT_1-01,True
UNIT-000096,FA-08,7140.0,OP-SHIFT_1-01,True
UNIT-000097,PT-05,6660.0,OP-SHIFT_1-02,True
UNIT-000097,FA-05,7020.0,OP-SHIFT_1-02,True
UNIT-000097,FA-06,7080.0,OP-SHIFT_1-02,True
UNIT-000097,FA-07,7140.0,OP-SHIFT_1-02,True
UNIT-000097,FA-08,7200.0,OP-SHIFT_1-02,True
UNIT-000098,PT-05,6720.0,OP-SHIFT_1-03,True
UNIT-000098,FA-05,7080.0,OP-SHIFT_1-03,True
UNIT-000098,FA-06,7140.0,OP-SHIFT_1-03,True
UNIT-000098,FA-07,7200.0,OP-SHIFT_1-03,True
UNIT-000098,FA-08,7260.0,OP-SHIFT_1-03,True
UNIT-000099,PT-05,6780.0,OP-SHIFT_1-04,True
UNIT-000099,FA-05,7140.0,OP-SHIFT_1-04,True
UNIT-000099,FA-06,7200.0,OP-SHIFT_1-04,True
UNIT-000099,FA-07,7260.0,OP-SHIFT_1-04,True
UNIT-000099,FA-08,7320.0,OP-SHIFT_1-04,True
UNIT-000100,PT-05,6840.0,OP-SHIFT_1-05,True
UNIT-000100,FA-05,7200.0,OP-SHIFT_1-05,True
UNIT-000100,FA-06,7260.0,OP-SHIFT_1-05,True
UNIT-000100,FA-07,7320.0,OP-SHIFT_1-05,True
UNIT-000100,FA-08,7380.0,OP-SHIFT_1-05,True
UNIT-000101,PT-05,6900.0,OP-SHIFT_1-06,True
UNIT-000101,FA-05,7260.0,OP-SHIFT_1-06,True
UNIT-000101,FA-06,7320.0,OP-SHIFT_1-06,True
UNIT-000101,FA-07,7380.0,OP-SHIFT_1-06,True
UNIT-000101,FA-08,7440.0,OP-SHIFT_1-06,True
UNIT-000102,PT-05,6960.0,OP-SHIFT_1-01,True
UNIT-000102,FA-05,7320.0,OP-SHIFT_1-01,True
UNIT-000102,FA-06,7380.0,OP-SHIFT_1-01,True
UNIT-000102,FA-07,7440.0,OP-SHIFT_1-01,True
UNIT-000102,FA-08,7500.0,OP-SHIFT_1-01,True
UNIT-000103,PT-05,7020.0,OP-SHIFT_1-02,True
UNIT-000103,FA-05,7380.0,OP-SHIFT_1-02,True
UNIT-000103,FA-06,7440.0,OP-SHIFT_1-02,True
UNIT-000103,FA-07,7500.0,OP-SHIFT_1-02,True
UNIT-000103,FA-08,7560.0,OP-SHIFT_1-02,True
UNIT-000104,PT-05,7080.0,OP-SHIFT_1-03,True
UNIT-000104,FA-05,7440.0,OP-SHIFT_1-03,True
UNIT-000104,FA-06,7500.0,OP-SHIFT_1-03,True
UNIT-000104,FA-07,7560.0,OP-SHIFT_1-03,True
UNIT-000104,FA-08,7620.0,OP-SHIFT_1-03,True
UNIT-000105,PT-05,7140.0,OP-SHIFT_1-04,True
UNIT-000105,FA-05,7500.0,OP-SHIFT_1-04,True
UNIT-000105,FA-06,7560.0,OP-SHIFT_1-04,True
UNIT-000105,FA-07,7620.0,OP-SHIFT_1-04,True
UNIT-000105,FA-08,7680.0,OP-SHIFT_1-04,True
UNIT-000106,PT-05,7200.0,OP-SHIFT_1-05,True
UNIT-000106,FA-05,7560.0,OP-SHIFT_1-05,True
UNIT-000106,FA-06,7620.0,OP-SHIFT_1-05,True
UNIT-000106,FA-07,7680.0,OP-SHIFT_1-05,True
UNIT-000106,FA-08,7740.0,OP-SHIFT_1-05,True
UNIT-000107,PT-05,7260.0,OP-SHIFT_1-06,True
UNIT-000107,FA-05,7620.0,OP-SHIFT_1-06,True
UNIT-000107,FA-06,7680.0,OP-SHIFT_1-06,True
UNIT-000107,FA-07,7740.0,OP-SHIFT_1-06,True
UNIT-000107,FA-08,7800.0,OP-SHIFT_1-06,True
UNIT-000108,PT-05,7320.0,OP-SHIFT_1-01,True
UNIT-000108,FA-05,7680.0,OP-SHIFT_1-01,True
UNIT-000108,FA-06,7740.0,OP-SHIFT_1-01,True
UNIT-000108,FA-07,7800.0,OP-SHIFT_1-01,True
UNIT-000108,FA-08,7860.0,OP-SHIFT_1-01,True
UNIT-000109,PT-05,7380.0,OP-SHIFT_1-02,True
UNIT-000109,FA-05,7740.0,OP-SHIFT_1-02,True
UNIT-000109,FA-06,7800.0,OP-SHIFT_1-02,True
UNIT-000109,FA-07,7860.0,OP-SHIFT_1-02,True
UNIT-000109,FA-08,7920.0,OP-SHIFT_1-02,True
UNIT-000110,PT-05,7440.0,OP-SHIFT_1-03,True
UNIT-000110,FA-05,7800.0,OP-SHIFT_1-03,True
UNIT-000110,FA-06,7860.0,OP-SHIFT_1-03,True
UNIT-000110,FA-07,7920.0,OP-SHIFT_1-03,True
UNIT-000110,FA-08,7980.0,OP-SHIFT_1-03,True
UNIT-000111,PT-05,7500.0,OP-SHIFT_1-04,True
UNIT-000111,FA-05,7860.0,OP-SHIFT_1-04,True
UNIT-000111,FA-06,7920.0,OP-SHIFT_1-04,True
UNIT-000111,FA-07,7980.0,OP-SHIFT_1-04,True
UNIT-000111,FA-08,8040.0,OP-SHIFT_1-04,True
UNIT-000112,PT-05,7560.0,OP-SHIFT_1-05,True
UNIT-000112,FA-05,7920.0,OP-SHIFT_1-05,True
UNIT-000112,FA-06,7980.0,OP-SHIFT_1-05,True
UNIT-000112,FA-07,8040.0,OP-SHIFT_1-05,True
UNIT-000112,FA-08,8100.0,OP-SHIFT_1-05,True
UNIT-000113,PT-05,7620.0,OP-SHIFT_1-06,True
UNIT-000113,FA-05,7980.0,OP-SHIFT_1-06,True
UNIT-000113,FA-06,8040.0,OP-SHIFT_1-06,True
UNIT-000113,FA-07,8100.0,OP-SHIFT_1-06,True
UNIT-000113,FA-08,8160.0,OP-SHIFT_1-06,True
UNIT-000114,PT-05,7680.0,OP-SHIFT_1-01,True
UNIT-000114,FA-05,8040.0,OP-SHIFT_1-01,True
UNIT-000114,FA-06,8100.0,OP-SHIFT_1-01,True
UNIT-000114,FA-07,8160.0,OP-SHIFT_1-01,True
UNIT-000114,FA-08,8220.0,OP-SHIFT_1-01,True
UNIT-000115,PT-05,7740.0,OP-SHIFT_1-02,True
UNIT-000115,FA-05,8100.0,OP-SHIFT_1-02,True
UNIT-000115,FA-06,8160.0,OP-SHIFT_1-02,True
UNIT-000115,FA-07,8220.0,OP-SHIFT_1-02,True
UNIT-000115,FA-08,8280.0,OP-SHIFT_1-02,True
UNIT-000116,PT-05,7800.0,OP-SHIFT_1-03,True
UNIT-000116,FA-05,8160.0,OP-SHIFT_1-03,True
UNIT-000116,FA-06,8220.0,OP-SHIFT_1-03,True
UNIT-000116,FA-07,8280.0,OP-SHIFT_1-03,True
UNIT-000116,FA-08,8340.0,OP-SHIFT_1-03,True
UNIT-000117,PT-05,7860.0,OP-SHIFT_1-04,True
UNIT-000117,FA-05,8220.0,OP-SHIFT_1-04,True
UNIT-000117,FA-06,8280.0,OP-SHIFT_1-04,True
UNIT-000117,FA-07,8340.0,OP-SHIFT_1-04,True
UNIT-000117,FA-08,8400.0,OP-SHIFT_1-04,True
UNIT-000118,PT-05,7920.0,OP-SHIFT_1-05,True
UNIT-000118,FA-05,8280.0,OP-SHIFT_1-05,True
UNIT-000118,FA-06,8340.0,OP-SHIFT_1-05,True
UNIT-000118,FA-07,8400.0,OP-SHIFT_1-05,True
UNIT-000118,FA-08,8460.0,OP-SHIFT_1-05,True
UNIT-000119,PT-05,7980.0,OP-SHIFT_1-06,True
UNIT-000119,FA-05,8340.0,OP-SHIFT_1-06,True
UNIT-000119,FA-06,8400.0,OP-SHIFT_1-06,True
UNIT-000119,FA-07,8460.0,OP-SHIFT_1-06,True
UNIT-000119,FA-08,8520.0,OP-SHIFT_1-06,True
UNIT-000120,PT-05,8040.0,OP-SHIFT_1-01,True
UNIT-000120,FA-05,8400.0,OP-SHIFT_1-01,True
UNIT-000120,FA-06,8460.0,OP-SHIFT_1-01,True
UNIT-000120,FA-07,8520.0,OP-SHIFT_1-01,True
UNIT-000120,FA-08,8580.0,OP-SHIFT_1-01,True
UNIT-000121,PT-05,8100.0,OP-SHIFT_1-02,True
UNIT-000121,FA-05,8460.0,OP-SHIFT_1-02,True
UNIT-000121,FA-06,8520.0,OP-SHIFT_1-02,True
UNIT-000121,FA-07,8580.0,OP-SHIFT_1-02,True
UNIT-000121,FA-08,8640.0,OP-SHIFT_1-02,True
UNIT-000122,PT-05,8160.0,OP-SHIFT_1-03,True
UNIT-000122,FA-05,8520.0,OP-SHIFT_1-03,True
UNIT-000122,FA-06,8580.0,OP-SHIFT_1-03,True
UNIT-000122,FA-07,8640.0,OP-SHIFT_1-03,True
UNIT-000122,FA-08,8700.0,OP-SHIFT_1-03,True
UNIT-000123,PT-05,8220.0,OP-SHIFT_1-04,True
UNIT-000123,FA-05,8580.0,OP-SHIFT_1-04,True
UNIT-000123,FA-06,8640.0,OP-SHIFT_1-04,True
UNIT-000123,FA-07,8700.0,OP-SHIFT_1-04,True
UNIT-000123,FA-08,8760.0,OP-SHIFT_1-04,True
UNIT-000124,PT-05,8280.0,OP-SHIFT_1-05,True
UNIT-000124,FA-05,8640.0,OP-SHIFT_1-05,True
UNIT-000124,FA-06,8700.0,OP-SHIFT_1-05,True
UNIT-000124,FA-07,8760.0,OP-SHIFT_1-05,True
UNIT-000124,FA-08,8820.0,OP-SHIFT_1-05,True
UNIT-000125,PT-05,8340.0,OP-SHIFT_1-06,True
UNIT-000125,FA-05,8700.0,OP-SHIFT_1-06,True
UNIT-000125,FA-06,8760.0,OP-SHIFT_1-06,True
UNIT-000125,FA-07,8820.0,OP-SHIFT_1-06,True
UNIT-000125,FA-08,8880.0,OP-SHIFT_1-06,True
UNIT-000126,PT-05,8400.0,OP-SHIFT_1-01,True
UNIT-000126,FA-05,8760.0,OP-SHIFT_1-01,True
UNIT-000126,FA-06,8820.0,OP-SHIFT_1-01,True
UNIT-000126,FA-07,8880.0,OP-SHIFT_1-01,True
UNIT-000126,FA-08,8940.0,OP-SHIFT_1-01,True
UNIT-000127,PT-05,8460.0,OP-SHIFT_1-02,True
UNIT-000127,FA-05,8820.0,OP-SHIFT_1-02,True
UNIT-000127,FA-06,8880.0,OP-SHIFT_1-02,True
UNIT-000127,FA-07,8940.0,OP-SHIFT_1-02,True
UNIT-000127,FA-08,9000.0,OP-SHIFT_1-02,True
UNIT-000128,PT-05,8520.0,OP-SHIFT_1-03,True
UNIT-000128,FA-05,8880.0,OP-SHIFT_1-03,True
UNIT-000128,FA-06,8940.0,OP-SHIFT_1-03,True
UNIT-000128,FA-07,9000.0,OP-SHIFT_1-03,True
UNIT-000128,FA-08,9060.0,OP-SHIFT_1-03,True
UNIT-000129,PT-05,8580.0,OP-SHIFT_1-04,True
UNIT-000129,FA-05,8940.0,OP-SHIFT_1-04,True
UNIT-000129,FA-06,9000.0,OP-SHIFT_1-04,True
UNIT-000129,FA-07,9060.0,OP-SHIFT_1-04,True
UNIT-000129,FA-08,9120.0,OP-SHIFT_1-04,True
UNIT-000130,PT-05,8640.0,OP-SHIFT_1-05,True
UNIT-000130,FA-05,9000.0,OP-SHIFT_1-05,True
UNIT-000130,FA-06,9060.0,OP-SHIFT_1-05,True
UNIT-000130,FA-07,9120.0,OP-SHIFT_1-05,True
UNIT-000130,FA-08,9180.0,OP-SHIFT_1-05,True
UNIT-000131,PT-05,8700.0,OP-SHIFT_1-06,True
UNIT-000131,FA-05,9060.0,OP-SHIFT_1-06,True
UNIT-000131,FA-06,9120.0,OP-SHIFT_1-06,True
UNIT-000131,FA-07,9180.0,OP-SHIFT_1-06,True
UNIT-000131,FA-08,9240.0,OP-SHIFT_1-06,True
UNIT-000132,PT-05,8760.0,OP-SHIFT_1-01,True
UNIT-000132,FA-05,9120.0,OP-SHIFT_1-01,True
UNIT-000132,FA-06,9180.0,OP-SHIFT_1-01,True
UNIT-000132,FA-07,9240.0,OP-SHIFT_1-01,True
UNIT-000132,FA-08,9300.0,OP-SHIFT_1-01,True
UNIT-000133,PT-05,8820.0,OP-SHIFT_1-02,True
UNIT-000133,FA-05,9180.0,OP-SHIFT_1-02,True
UNIT-000133,FA-06,9240.0,OP-SHIFT_1-02,True
UNIT-000133,FA-07,9300.0,OP-SHIFT_1-02,True
UNIT-000133,FA-08,9360.0,OP-SHIFT_1-02,True
UNIT-000134,PT-05,8880.0,OP-SHIFT_1-03,True
UNIT-000134,FA-05,9240.0,OP-SHIFT_1-03,True
UNIT-000134,FA-06,9300.0,OP-SHIFT_1-03,True
UNIT-000134,FA-07,9360.0,OP-SHIFT_1-03,True
UNIT-000134,FA-08,9420.0,OP-SHIFT_1-03,True
UNIT-000135,PT-05,8940.0,OP-SHIFT_1-04,True
UNIT-000135,FA-05,9300.0,OP-SHIFT_1-04,True
UNIT-000135,FA-06,9360.0,OP-SHIFT_1-04,True
UNIT-000135,FA-07,9420.0,OP-SHIFT_1-04,True
UNIT-000135,FA-08,9480.0,OP-SHIFT_1-04,True
UNIT-000136,PT-05,9000.0,OP-SHIFT_1-05,True
UNIT-000136,FA-05,9360.0,OP-SHIFT_1-05,True
UNIT-000136,FA-06,9420.0,OP-SHIFT_1-05,True
UNIT-000136,FA-07,9480.0,OP-SHIFT_1-05,True
UNIT-000136,FA-08,9540.0,OP-SHIFT_1-05,True
UNIT-000137,PT-05,9060.0,OP-SHIFT_1-06,True
UNIT-000137,FA-05,9420.0,OP-SHIFT_1-06,True
UNIT-000137,FA-06,9480.0,OP-SHIFT_1-06,True
UNIT-000137,FA-07,9540.0,OP-SHIFT_1-06,True
UNIT-000137,FA-08,9600.0,OP-SHIFT_1-06,True
UNIT-000138,PT-05,9120.0,OP-SHIFT_1-01,True
UNIT-000138,FA-05,9480.0,OP-SHIFT_1-01,True
UNIT-000138,FA-06,9540.0,OP-SHIFT_1-01,True
UNIT-000138,FA-07,9600.0,OP-SHIFT_1-01,True
UNIT-000138,FA-08,9660.0,OP-SHIFT_1-01,True
UNIT-000139,PT-05,9180.0,OP-SHIFT_1-02,True
UNIT-000139,FA-05,9540.0,OP-SHIFT_1-02,True
UNIT-000139,FA-06,9600.0,OP-SHIFT_1-02,True
UNIT-000139,FA-07,9660.0,OP-SHIFT_1-02,True
UNIT-000139,FA-08,9720.0,OP-SHIFT_1-02,True
UNIT-000140,PT-05,9240.0,OP-SHIFT_1-03,True
UNIT-000140,FA-05,9600.0,OP-SHIFT_1-03,True
UNIT-000140,FA-06,9660.0,OP-SHIFT_1-03,True
UNIT-000140,FA-07,9720.0,OP-SHIFT_1-03,True
UNIT-000140,FA-08,9780.0,OP-SHIFT_1-03,True
UNIT-000141,PT-05,9300.0,OP-SHIFT_1-04,True
UNIT-000141,FA-05,9660.0,OP-SHIFT_1-04,True
UNIT-000141,FA-06,9720.0,OP-SHIFT_1-04,True
UNIT-000141,FA-07,9780.0,OP-SHIFT_1-04,True
UNIT-000141,FA-08,9840.0,OP-SHIFT_1-04,True
UNIT-000142,PT-05,9360.0,OP-SHIFT_1-05,True
UNIT-000142,FA-05,9720.0,OP-SHIFT_1-05,True
UNIT-000142,FA-06,9780.0,OP-SHIFT_1-05,True
UNIT-000142,FA-07,9840.0,OP-SHIFT_1-05,True
UNIT-000142,FA-08,9900.0,OP-SHIFT_1-05,True
UNIT-000143,PT-05,9420.0,OP-SHIFT_1-06,True
UNIT-000143,FA-05,9780.0,OP-SHIFT_1-06,True
UNIT-000143,FA-06,9840.0,OP-SHIFT_1-06,True
UNIT-000143,FA-07,9900.0,OP-SHIFT_1-06,True
UNIT-000143,FA-08,9960.0,OP-SHIFT_1-06,True
UNIT-000144,PT-05,9480.0,OP-SHIFT_1-01,True
UNIT-000144,FA-05,9840.0,OP-SHIFT_1-01,True
UNIT-000144,FA-06,9900.0,OP-SHIFT_1-01,True
UNIT-000144,FA-07,9960.0,OP-SHIFT_1-01,True
UNIT-000144,FA-08,10020.0,OP-SHIFT_1-01,True
UNIT-000145,PT-05,9540.0,OP-SHIFT_1-02,True
UNIT-000145,FA-05,9900.0,OP-SHIFT_1-02,True
UNIT-000145,FA-06,9960.0,OP-SHIFT_1-02,True
UNIT-000145,FA-07,10020.0,OP-SHIFT_1-02,True
UNIT-000145,FA-08,10080.0,OP-SHIFT_1-02,True
UNIT-000146,PT-05,9600.0,OP-SHIFT_1-03,True
UNIT-000146,FA-05,9960.0,OP-SHIFT_1-03,True
UNIT-000146,FA-06,10020.0,OP-SHIFT_1-03,True
UNIT-000146,FA-07,10080.0,OP-SHIFT_1-03,True
UNIT-000146,FA-08,10140.0,OP-SHIFT_1-03,True
UNIT-000147,PT-05,9660.0,OP-SHIFT_1-04,True
UNIT-000147,FA-05,10020.0,OP-SHIFT_1-04,True
UNIT-000147,FA-06,10080.0,OP-SHIFT_1-04,True
UNIT-000147,FA-07,10140.0,OP-SHIFT_1-04,True
UNIT-000147,FA-08,10200.0,OP-SHIFT_1-04,True
UNIT-000148,PT-05,9720.0,OP-SHIFT_1-05,True
UNIT-000148,FA-05,10080.0,OP-SHIFT_1-05,True
UNIT-000148,FA-06,10140.0,OP-SHIFT_1-05,True
UNIT-000148,FA-07,10200.0,OP-SHIFT_1-05,True
UNIT-000148,FA-08,10260.0,OP-SHIFT_1-05,True
UNIT-000149,PT-05,9780.0,OP-SHIFT_1-06,True
UNIT-000149,FA-05,10140.0,OP-SHIFT_1-06,True
UNIT-000149,FA-06,10200.0,OP-SHIFT_1-06,True
UNIT-000149,FA-07,10260.0,OP-SHIFT_1-06,True
UNIT-000149,FA-08,10320.0,OP-SHIFT_1-06,True
UNIT-000150,PT-05,9840.0,OP-SHIFT_1-01,True
UNIT-000150,FA-05,10200.0,OP-SHIFT_1-01,True
UNIT-000150,FA-06,10260.0,OP-SHIFT_1-01,True
UNIT-000150,FA-07,10320.0,OP-SHIFT_1-01,True
UNIT-000150,FA-08,10380.0,OP-SHIFT_1-01,True
UNIT-000151,PT-05,9900.0,OP-SHIFT_1-02,True
UNIT-000151,FA-05,10260.0,OP-SHIFT_1-02,True
UNIT-000151,FA-06,10320.0,OP-SHIFT_1-02,True
UNIT-000151,FA-07,10380.0,OP-SHIFT_1-02,True
UNIT-000151,FA-08,10440.0,OP-SHIFT_1-02,True
UNIT-000152,PT-05,9960.0,OP-SHIFT_1-03,True
UNIT-000152,FA-05,10320.0,OP-SHIFT_1-03,True
UNIT-000152,FA-06,10380.0,OP-SHIFT_1-03,True
UNIT-000152,FA-07,10440.0,OP-SHIFT_1-03,True
UNIT-000152,FA-08,10500.0,OP-SHIFT_1-03,True
UNIT-000153,PT-05,10020.0,OP-SHIFT_1-04,True
UNIT-000153,FA-05,10380.0,OP-SHIFT_1-04,True
UNIT-000153,FA-06,10440.0,OP-SHIFT_1-04,True
UNIT-000153,FA-07,10500.0,OP-SHIFT_1-04,True
UNIT-000153,FA-08,10560.0,OP-SHIFT_1-04,True
UNIT-000154,PT-05,10080.0,OP-SHIFT_1-05,True
UNIT-000154,FA-05,10440.0,OP-SHIFT_1-05,True
UNIT-000154,FA-06,10500.0,OP-SHIFT_1-05,True
UNIT-000154,FA-07,10560.0,OP-SHIFT_1-05,True
UNIT-000154,FA-08,10620.0,OP-SHIFT_1-05,True
UNIT-000155,PT-05,10140.0,OP-SHIFT_1-06,True
UNIT-000155,FA-05,10500.0,OP-SHIFT_1-06,True
UNIT-000155,FA-06,10560.0,OP-SHIFT_1-06,True
UNIT-000155,FA-07,10620.0,OP-SHIFT_1-06,True
UNIT-000155,FA-08,10680.0,OP-SHIFT_1-06,True
UNIT-000156,PT-05,10200.0,OP-SHIFT_1-01,True
UNIT-000156,FA-05,10560.0,OP-SHIFT_1-01,True
UNIT-000156,FA-06,10620.0,OP-SHIFT_1-01,True
UNIT-000156,FA-07,10680.0,OP-SHIFT_1-01,True
UNIT-000156,FA-08,10740.0,OP-SHIFT_1-01,True
UNIT-000157,PT-05,10260.0,OP-SHIFT_1-02,True
UNIT-000157,FA-05,10620.0,OP-SHIFT_1-02,True
UNIT-000157,FA-06,10680.0,OP-SHIFT_1-02,True
UNIT-000157,FA-07,10740.0,OP-SHIFT_1-02,True
UNIT-000157,FA-08,10800.0,OP-SHIFT_1-02,True
UNIT-000158,PT-05,10320.0,OP-SHIFT_1-03,True
UNIT-000158,FA-05,10680.0,OP-SHIFT_1-03,True
UNIT-000158,FA-06,10740.0,OP-SHIFT_1-03,True
UNIT-000158,FA-07,10800.0,OP-SHIFT_1-03,True
UNIT-000158,FA-08,10860.0,OP-SHIFT_1-03,True
UNIT-000159,PT-05,10380.0,OP-SHIFT_1-04,True
UNIT-000159,FA-05,10740.0,OP-SHIFT_1-04,True
UNIT-000159,FA-06,10800.0,OP-SHIFT_1-04,True
UNIT-000159,FA-07,10860.0,OP-SHIFT_1-04,True
UNIT-000159,FA-08,10920.0,OP-SHIFT_1-04,True
UNIT-000160,PT-05,10440.0,OP-SHIFT_1-05,True
UNIT-000160,FA-05,10800.0,OP-SHIFT_1-05,True
UNIT-000160,FA-06,10860.0,OP-SHIFT_1-05,True
UNIT-000160,FA-07,10920.0,OP-SHIFT_1-05,True
UNIT-000160,FA-08,10980.0,OP-SHIFT_1-05,True
UNIT-000161,PT-05,10500.0,OP-SHIFT_1-06,True
UNIT-000161,FA-05,10860.0,OP-SHIFT_1-06,True
UNIT-000161,FA-06,10920.0,OP-SHIFT_1-06,True
UNIT-000161,FA-07,10980.0,OP-SHIFT_1-06,True
UNIT-000161,FA-08,11040.0,OP-SHIFT_1-06,True
UNIT-000162,PT-05,10560.0,OP-SHIFT_1-01,True
UNIT-000162,FA-05,10920.0,OP-SHIFT_1-01,True
UNIT-000162,FA-06,10980.0,OP-SHIFT_1-01,True
UNIT-000162,FA-07,11040.0,OP-SHIFT_1-01,True
UNIT-000162,FA-08,11100.0,OP-SHIFT_1-01,True
UNIT-000163,PT-05,10620.0,OP-SHIFT_1-02,True
UNIT-000163,FA-05,10980.0,OP-SHIFT_1-02,True
UNIT-000163,FA-06,11040.0,OP-SHIFT_1-02,True
UNIT-000163,FA-07,11100.0,OP-SHIFT_1-02,True
UNIT-000163,FA-08,11160.0,OP-SHIFT_1-02,True
UNIT-000164,PT-05,10680.0,OP-SHIFT_1-03,True
UNIT-000164,FA-05,11040.0,OP-SHIFT_1-03,True
UNIT-000164,FA-06,11100.0,OP-SHIFT_1-03,True
UNIT-000164,FA-07,11160.0,OP-SHIFT_1-03,True
UNIT-000164,FA-08,11220.0,OP-SHIFT_1-03,True
UNIT-000165,PT-05,10740.0,OP-SHIFT_1-04,True
UNIT-000165,FA-05,11100.0,OP-SHIFT_1-04,True
UNIT-000165,FA-06,11160.0,OP-SHIFT_1-04,True
UNIT-000165,FA-07,11220.0,OP-SHIFT_1-04,True
UNIT-000165,FA-08,11280.0,OP-SHIFT_1-04,True
UNIT-000166,PT-05,10800.0,OP-SHIFT_1-05,True
UNIT-000166,FA-05,11160.0,OP-SHIFT_1-05,True
UNIT-000166,FA-06,11220.0,OP-SHIFT_1-05,True
UNIT-000166,FA-07,11280.0,OP-SHIFT_1-05,True
UNIT-000166,FA-08,11340.0,OP-SHIFT_1-05,True
UNIT-000167,PT-05,10860.0,OP-SHIFT_1-06,True
UNIT-000167,FA-05,11220.0,OP-SHIFT_1-06,True
UNIT-000167,FA-06,11280.0,OP-SHIFT_1-06,True
UNIT-000167,FA-07,11340.0,OP-SHIFT_1-06,True
UNIT-000167,FA-08,11400.0,OP-SHIFT_1-06,True
UNIT-000168,PT-05,10920.0,OP-SHIFT_1-01,True
UNIT-000168,FA-05,11280.0,OP-SHIFT_1-01,True
UNIT-000168,FA-06,11340.0,OP-SHIFT_1-01,True
UNIT-000168,FA-07,11400.0,OP-SHIFT_1-01,True
UNIT-000168,FA-08,11460.0,OP-SHIFT_1-01,True
UNIT-000169,PT-05,10980.0,OP-SHIFT_1-02,True
UNIT-000169,FA-05,11340.0,OP-SHIFT_1-02,True
UNIT-000169,FA-06,11400.0,OP-SHIFT_1-02,True
UNIT-000169,FA-07,11460.0,OP-SHIFT_1-02,True
UNIT-000169,FA-08,11520.0,OP-SHIFT_1-02,True
UNIT-000170,PT-05,11040.0,OP-SHIFT_1-03,True
UNIT-000170,FA-05,11400.0,OP-SHIFT_1-03,True
UNIT-000170,FA-06,11460.0,OP-SHIFT_1-03,True
UNIT-000170,FA-07,11520.0,OP-SHIFT_1-03,True
UNIT-000170,FA-08,11580.0,OP-SHIFT_1-03,True
UNIT-000171,PT-05,11100.0,OP-SHIFT_1-04,True
UNIT-000171,FA-05,11460.0,OP-SHIFT_1-04,True
UNIT-000171,FA-06,11520.0,OP-SHIFT_1-04,True
UNIT-000171,FA-07,11580.0,OP-SHIFT_1-04,True
UNIT-000171,FA-08,11640.0,OP-SHIFT_1-04,True
UNIT-000172,PT-05,11160.0,OP-SHIFT_1-05,True
UNIT-000172,FA-05,11520.0,OP-SHIFT_1-05,True
UNIT-000172,FA-06,11580.0,OP-SHIFT_1-05,True
UNIT-000172,FA-07,11640.0,OP-SHIFT_1-05,True
UNIT-000172,FA-08,11700.0,OP-SHIFT_1-05,True
UNIT-000173,PT-05,11220.0,OP-SHIFT_1-06,True
UNIT-000173,FA-05,11580.0,OP-SHIFT_1-06,True
UNIT-000173,FA-06,11640.0,OP-SHIFT_1-06,True
UNIT-000173,FA-07,11700.0,OP-SHIFT_1-06,True
UNIT-000173,FA-08,11760.0,OP-SHIFT_1-06,True
UNIT-000174,PT-05,11280.0,OP-SHIFT_1-01,True
UNIT-000174,FA-05,11640.0,OP-SHIFT_1-01,True
UNIT-000174,FA-06,11700.0,OP-SHIFT_1-01,True
UNIT-000174,FA-07,11760.0,OP-SHIFT_1-01,True
UNIT-000174,FA-08,11820.0,OP-SHIFT_1-01,True
UNIT-000175,PT-05,11340.0,OP-SHIFT_1-02,True
UNIT-000175,FA-05,11700.0,OP-SHIFT_1-02,True
UNIT-000175,FA-06,11760.0,OP-SHIFT_1-02,True
UNIT-000175,FA-07,11820.0,OP-SHIFT_1-02,True
UNIT-000175,FA-08,11880.0,OP-SHIFT_1-02,True
UNIT-000176,PT-05,11400.0,OP-SHIFT_1-03,True
UNIT-000176,FA-05,11760.0,OP-SHIFT_1-03,True
UNIT-000176,FA-06,11820.0,OP-SHIFT_1-03,True
UNIT-000176,FA-07,11880.0,OP-SHIFT_1-03,True
UNIT-000176,FA-08,11940.0,OP-SHIFT_1-03,True
UNIT-000177,PT-05,11460.0,OP-SHIFT_1-04,True
UNIT-000177,FA-05,11820.0,OP-SHIFT_1-04,True
UNIT-000177,FA-06,11880.0,OP-SHIFT_1-04,True
UNIT-000177,FA-07,11940.0,OP-SHIFT_1-04,True
UNIT-000177,FA-08,12000.0,OP-SHIFT_1-04,True
UNIT-000178,PT-05,11520.0,OP-SHIFT_1-05,True
UNIT-000178,FA-05,11880.0,OP-SHIFT_1-05,True
UNIT-000178,FA-06,11940.0,OP-SHIFT_1-05,True
UNIT-000178,FA-07,12000.0,OP-SHIFT_1-05,True
UNIT-000178,FA-08,12060.0,OP-SHIFT_1-05,True
UNIT-000179,PT-05,11580.0,OP-SHIFT_1-06,True
UNIT-000179,FA-05,11940.0,OP-SHIFT_1-06,True
UNIT-000179,FA-06,12000.0,OP-SHIFT_1-06,True
UNIT-000179,FA-07,12060.0,OP-SHIFT_1-06,True
UNIT-000179,FA-08,12120.0,OP-SHIFT_1-06,True
UNIT-000180,PT-05,11640.0,OP-SHIFT_1-01,True
UNIT-000180,FA-05,12000.0,OP-SHIFT_1-01,True
UNIT-000180,FA-06,12060.0,OP-SHIFT_1-01,True
UNIT-000180,FA-07,12120.0,OP-SHIFT_1-01,True
UNIT-000180,FA-08,12180.0,OP-SHIFT_1-01,True
UNIT-000181,PT-05,11700.0,OP-SHIFT_1-02,True
UNIT-000181,FA-05,12060.0,OP-SHIFT_1-02,True
UNIT-000181,FA-06,12120.0,OP-SHIFT_1-02,True
UNIT-000181,FA-07,12180.0,OP-SHIFT_1-02,True
UNIT-000181,FA-08,12240.0,OP-SHIFT_1-02,True
UNIT-000182,PT-05,11760.0,OP-SHIFT_1-03,True
UNIT-000182,FA-05,12120.0,OP-SHIFT_1-03,True
UNIT-000182,FA-06,12180.0,OP-SHIFT_1-03,True
UNIT-000182,FA-07,12240.0,OP-SHIFT_1-03,True
UNIT-000182,FA-08,12300.0,OP-SHIFT_1-03,True
UNIT-000183,PT-05,11820.0,OP-SHIFT_1-04,True
UNIT-000183,FA-05,12180.0,OP-SHIFT_1-04,True
UNIT-000183,FA-06,12240.0,OP-SHIFT_1-04,True
UNIT-000183,FA-07,12300.0,OP-SHIFT_1-04,True
UNIT-000183,FA-08,12360.0,OP-SHIFT_1-04,True
UNIT-000184,PT-05,11880.0,OP-SHIFT_1-05,True
UNIT-000184,FA-05,12240.0,OP-SHIFT_1-05,True
UNIT-000184,FA-06,12300.0,OP-SHIFT_1-05,True
UNIT-000184,FA-07,12360.0,OP-SHIFT_1-05,True
UNIT-000184,FA-08,12420.0,OP-SHIFT_1-05,True
UNIT-000185,PT-05,11940.0,OP-SHIFT_1-06,True
UNIT-000185,FA-05,12300.0,OP-SHIFT_1-06,True
UNIT-000185,FA-06,12360.0,OP-SHIFT_1-06,True
UNIT-000185,FA-07,12420.0,OP-SHIFT_1-06,True
UNIT-000185,FA-08,12480.0,OP-SHIFT_1-06,True
UNIT-000186,PT-05,12000.0,OP-SHIFT_1-01,True
UNIT-000186,FA-05,12360.0,OP-SHIFT_1-01,True
UNIT-000186,FA-06,12420.0,OP-SHIFT_1-01,True
UNIT-000186,FA-07,12480.0,OP-SHIFT_1-01,True
UNIT-000186,FA-08,12540.0,OP-SHIFT_1-01,True
UNIT-000187,PT-05,12060.0,OP-SHIFT_1-02,True
UNIT-000187,FA-05,12420.0,OP-SHIFT_1-02,True
UNIT-000187,FA-06,12480.0,OP-SHIFT_1-02,True
UNIT-000187,FA-07,12540.0,OP-SHIFT_1-02,True
UNIT-000187,FA-08,12600.0,OP-SHIFT_1-02,True
UNIT-000188,PT-05,12120.0,OP-SHIFT_1-03,True
UNIT-000188,FA-05,12480.0,OP-SHIFT_1-03,True
UNIT-000188,FA-06,12540.0,OP-SHIFT_1-03,True
UNIT-000188,FA-07,12600.0,OP-SHIFT_1-03,True
UNIT-000188,FA-08,12660.0,OP-SHIFT_1-03,True
UNIT-000189,PT-05,12180.0,OP-SHIFT_1-04,True
UNIT-000189,FA-05,12540.0,OP-SHIFT_1-04,True
UNIT-000189,FA-06,12600.0,OP-SHIFT_1-04,True
UNIT-000189,FA-07,12660.0,OP-SHIFT_1-04,True
UNIT-000189,FA-08,12720.0,OP-SHIFT_1-04,True
UNIT-000190,PT-05,12240.0,OP-SHIFT_1-05,True
UNIT-000190,FA-05,12600.0,OP-SHIFT_1-05,True
UNIT-000190,FA-06,12660.0,OP-SHIFT_1-05,True
UNIT-000190,FA-07,12720.0,OP-SHIFT_1-05,True
UNIT-000190,FA-08,12780.0,OP-SHIFT_1-05,True
UNIT-000191,PT-05,12300.0,OP-SHIFT_1-06,True
UNIT-000191,FA-05,12660.0,OP-SHIFT_1-06,True
UNIT-000191,FA-06,12720.0,OP-SHIFT_1-06,True
UNIT-000191,FA-07,12780.0,OP-SHIFT_1-06,True
UNIT-000191,FA-08,12840.0,OP-SHIFT_1-06,True
UNIT-000192,PT-05,12360.0,OP-SHIFT_1-01,True
UNIT-000192,FA-05,12720.0,OP-SHIFT_1-01,True
UNIT-000192,FA-06,12780.0,OP-SHIFT_1-01,True
UNIT-000192,FA-07,12840.0,OP-SHIFT_1-01,True
UNIT-000192,FA-08,12900.0,OP-SHIFT_1-01,True
UNIT-000193,PT-05,12420.0,OP-SHIFT_1-02,True
UNIT-000193,FA-05,12780.0,OP-SHIFT_1-02,True
UNIT-000193,FA-06,12840.0,OP-SHIFT_1-02,True
UNIT-000193,FA-07,12900.0,OP-SHIFT_1-02,True
UNIT-000193,FA-08,12960.0,OP-SHIFT_1-02,True
UNIT-000194,PT-05,12480.0,OP-SHIFT_1-03,True
UNIT-000194,FA-05,12840.0,OP-SHIFT_1-03,True
UNIT-000194,FA-06,12900.0,OP-SHIFT_1-03,True
UNIT-000194,FA-07,12960.0,OP-SHIFT_1-03,True
UNIT-000194,FA-08,13020.0,OP-SHIFT_1-03,True
UNIT-000195,PT-05,12540.0,OP-SHIFT_1-04,True
UNIT-000195,FA-05,12900.0,OP-SHIFT_1-04,True
UNIT-000195,FA-06,12960.0,OP-SHIFT_1-04,True
UNIT-000195,FA-07,13020.0,OP-SHIFT_1-04,True
UNIT-000195,FA-08,13080.0,OP-SHIFT_1-04,True
UNIT-000196,PT-05,12600.0,OP-SHIFT_1-05,True
UNIT-000196,FA-05,12960.0,OP-SHIFT_1-05,True
UNIT-000196,FA-06,13020.0,OP-SHIFT_1-05,True
UNIT-000196,FA-07,13080.0,OP-SHIFT_1-05,True
UNIT-000196,FA-08,13140.0,OP-SHIFT_1-05,True
UNIT-000197,PT-05,12660.0,OP-SHIFT_1-06,True
UNIT-000197,FA-05,13020.0,OP-SHIFT_1-06,True
UNIT-000197,FA-06,13080.0,OP-SHIFT_1-06,True
UNIT-000197,FA-07,13140.0,OP-SHIFT_1-06,True
UNIT-000197,FA-08,13200.0,OP-SHIFT_1-06,True
UNIT-000198,PT-05,12720.0,OP-SHIFT_1-01,True
UNIT-000198,FA-05,13080.0,OP-SHIFT_1-01,True
UNIT-000198,FA-06,13140.0,OP-SHIFT_1-01,True
UNIT-000198,FA-07,13200.0,OP-SHIFT_1-01,True
UNIT-000198,FA-08,13260.0,OP-SHIFT_1-01,True
UNIT-000199,PT-05,12780.0,OP-SHIFT_1-02,True
UNIT-000199,FA-05,13140.0,OP-SHIFT_1-02,True
UNIT-000199,FA-06,13200.0,OP-SHIFT_1-02,True
UNIT-000199,FA-07,13260.0,OP-SHIFT_1-02,True
UNIT-000199,FA-08,13320.0,OP-SHIFT_1-02,True
UNIT-000200,PT-05,12840.0,OP-SHIFT_1-03,True
UNIT-000200,FA-05,13200.0,OP-SHIFT_1-03,True
UNIT-000200,FA-06,13260.0,OP-SHIFT_1-03,True
UNIT-000200,FA-07,13320.0,OP-SHIFT_1-03,True
UNIT-000200,FA-08,13380.0,OP-SHIFT_1-03,True
UNIT-000201,PT-05,12900.0,OP-SHIFT_1-04,True
UNIT-000201,FA-05,13260.0,OP-SHIFT_1-04,True
UNIT-000201,FA-06,13320.0,OP-SHIFT_1-04,True
UNIT-000201,FA-07,13380.0,OP-SHIFT_1-04,True
UNIT-000201,FA-08,13440.0,OP-SHIFT_1-04,True
UNIT-000202,PT-05,12960.0,OP-SHIFT_1-05,True
UNIT-000202,FA-05,13320.0,OP-SHIFT_1-05,True
UNIT-000202,FA-06,13380.0,OP-SHIFT_1-05,True
UNIT-000202,FA-07,13440.0,OP-SHIFT_1-05,True
UNIT-000202,FA-08,13500.0,OP-SHIFT_1-05,True
UNIT-000203,PT-05,13020.0,OP-SHIFT_1-06,True
UNIT-000203,FA-05,13380.0,OP-SHIFT_1-06,True
UNIT-000203,FA-06,13440.0,OP-SHIFT_1-06,True
UNIT-000203,FA-07,13500.0,OP-SHIFT_1-06,True
UNIT-000203,FA-08,13560.0,OP-SHIFT_1-06,True
UNIT-000204,PT-05,13080.0,OP-SHIFT_1-01,True
UNIT-000204,FA-05,13440.0,OP-SHIFT_1-01,True
UNIT-000204,FA-06,13500.0,OP-SHIFT_1-01,True
UNIT-000204,FA-07,13560.0,OP-SHIFT_1-01,True
UNIT-000204,FA-08,13620.0,OP-SHIFT_1-01,True
UNIT-000205,PT-05,13140.0,OP-SHIFT_1-02,True
UNIT-000205,FA-05,13500.0,OP-SHIFT_1-02,True
UNIT-000205,FA-06,13560.0,OP-SHIFT_1-02,True
UNIT-000205,FA-07,13620.0,OP-SHIFT_1-02,True
UNIT-000205,FA-08,13680.0,OP-SHIFT_1-02,True
UNIT-000206,PT-05,13200.0,OP-SHIFT_1-03,True
UNIT-000206,FA-05,13560.0,OP-SHIFT_1-03,True
UNIT-000206,FA-06,13620.0,OP-SHIFT_1-03,True
UNIT-000206,FA-07,13680.0,OP-SHIFT_1-03,True
UNIT-000206,FA-08,13740.0,OP-SHIFT_1-03,True
UNIT-000207,PT-05,13260.0,OP-SHIFT_1-04,True
UNIT-000207,FA-05,13620.0,OP-SHIFT_1-04,True
UNIT-000207,FA-06,13680.0,OP-SHIFT_1-04,True
UNIT-000207,FA-07,13740.0,OP-SHIFT_1-04,True
UNIT-000207,FA-08,13800.0,OP-SHIFT_1-04,True
UNIT-000208,PT-05,13320.0,OP-SHIFT_1-05,True
UNIT-000208,FA-05,13680.0,OP-SHIFT_1-05,True
UNIT-000208,FA-06,13740.0,OP-SHIFT_1-05,True
UNIT-000208,FA-07,13800.0,OP-SHIFT_1-05,True
UNIT-000208,FA-08,13860.0,OP-SHIFT_1-05,True
UNIT-000209,PT-05,13380.0,OP-SHIFT_1-06,True
UNIT-000209,FA-05,13740.0,OP-SHIFT_1-06,True
UNIT-000209,FA-06,13800.0,OP-SHIFT_1-06,True
UNIT-000209,FA-07,13860.0,OP-SHIFT_1-06,True
UNIT-000209,FA-08,13920.0,OP-SHIFT_1-06,True
UNIT-000210,PT-05,13440.0,OP-SHIFT_1-01,True
UNIT-000210,FA-05,13800.0,OP-SHIFT_1-01,True
UNIT-000210,FA-06,13860.0,OP-SHIFT_1-01,True
UNIT-000210,FA-07,13920.0,OP-SHIFT_1-01,True
UNIT-000210,FA-08,13980.0,OP-SHIFT_1-01,True
UNIT-000211,PT-05,13500.0,OP-SHIFT_1-02,True
UNIT-000211,FA-05,13860.0,OP-SHIFT_1-02,True
UNIT-000211,FA-06,13920.0,OP-SHIFT_1-02,True
UNIT-000211,FA-07,13980.0,OP-SHIFT_1-02,True
UNIT-000211,FA-08,14040.0,OP-SHIFT_1-02,True
UNIT-000212,PT-05,13560.0,OP-SHIFT_1-03,True
UNIT-000212,FA-05,13920.0,OP-SHIFT_1-03,True
UNIT-000212,FA-06,13980.0,OP-SHIFT_1-03,True
UNIT-000212,FA-07,14040.0,OP-SHIFT_1-03,True
UNIT-000212,FA-08,14100.0,OP-SHIFT_1-03,True
UNIT-000213,PT-05,13620.0,OP-SHIFT_1-04,True
UNIT-000213,FA-05,13980.0,OP-SHIFT_1-04,True
UNIT-000213,FA-06,14040.0,OP-SHIFT_1-04,True
UNIT-000213,FA-07,14100.0,OP-SHIFT_1-04,True
UNIT-000213,FA-08,14160.0,OP-SHIFT_1-04,True
UNIT-000214,PT-05,13680.0,OP-SHIFT_1-05,True
UNIT-000214,FA-05,14040.0,OP-SHIFT_1-05,True
UNIT-000214,FA-06,14100.0,OP-SHIFT_1-05,True
UNIT-000214,FA-07,14160.0,OP-SHIFT_1-05,True
UNIT-000214,FA-08,14220.0,OP-SHIFT_1-05,True
UNIT-000215,PT-05,13740.0,OP-SHIFT_1-06,True
UNIT-000215,FA-05,14100.0,OP-SHIFT_1-06,True
UNIT-000215,FA-06,14160.0,OP-SHIFT_1-06,True
UNIT-000215,FA-07,14220.0,OP-SHIFT_1-06,True
UNIT-000215,FA-08,14280.0,OP-SHIFT_1-06,True
UNIT-000216,PT-05,13800.0,OP-SHIFT_1-01,True
UNIT-000216,FA-05,14160.0,OP-SHIFT_1-01,True
UNIT-000216,FA-06,14220.0,OP-SHIFT_1-01,True
UNIT-000216,FA-07,14280.0,OP-SHIFT_1-01,True
UNIT-000216,FA-08,14340.0,OP-SHIFT_1-01,True
UNIT-000217,PT-05,13860.0,OP-SHIFT_1-02,True
UNIT-000217,FA-05,14220.0,OP-SHIFT_1-02,True
UNIT-000217,FA-06,14280.0,OP-SHIFT_1-02,True
UNIT-000217,FA-07,14340.0,OP-SHIFT_1-02,True
UNIT-000217,FA-08,14400.0,OP-SHIFT_1-02,True
UNIT-000218,PT-05,13920.0,OP-SHIFT_1-03,True
UNIT-000218,FA-05,14280.0,OP-SHIFT_1-03,True
UNIT-000218,FA-06,14340.0,OP-SHIFT_1-03,True
UNIT-000218,FA-07,14400.0,OP-SHIFT_1-03,True
UNIT-000218,FA-08,14460.0,OP-SHIFT_1-03,True
UNIT-000219,PT-05,13980.0,OP-SHIFT_1-04,True
UNIT-000219,FA-05,14340.0,OP-SHIFT_1-04,True
UNIT-000219,FA-06,14400.0,OP-SHIFT_1-04,True
UNIT-000219,FA-07,14460.0,OP-SHIFT_1-04,True
UNIT-000219,FA-08,14520.0,OP-SHIFT_1-04,True
UNIT-000220,PT-05,14040.0,OP-SHIFT_1-05,True
UNIT-000220,FA-05,14400.0,OP-SHIFT_1-05,True
UNIT-000220,FA-06,14460.0,OP-SHIFT_1-05,True
UNIT-000220,FA-07,14520.0,OP-SHIFT_1-05,True
UNIT-000220,FA-08,14580.0,OP-SHIFT_1-05,True
UNIT-000221,PT-05,14100.0,OP-SHIFT_1-06,True
UNIT-000221,FA-05,14460.0,OP-SHIFT_1-06,True
UNIT-000221,FA-06,14520.0,OP-SHIFT_1-06,True
UNIT-000221,FA-07,14580.0,OP-SHIFT_1-06,True
UNIT-000221,FA-08,14640.0,OP-SHIFT_1-06,True
UNIT-000222,PT-05,14160.0,OP-SHIFT_1-01,True
UNIT-000222,FA-05,14520.0,OP-SHIFT_1-01,True
UNIT-000222,FA-06,14580.0,OP-SHIFT_1-01,True
UNIT-000222,FA-07,14640.0,OP-SHIFT_1-01,True
UNIT-000222,FA-08,14700.0,OP-SHIFT_1-01,True
UNIT-000223,PT-05,14220.0,OP-SHIFT_1-02,True
UNIT-000223,FA-05,14580.0,OP-SHIFT_1-02,True
UNIT-000223,FA-06,14640.0,OP-SHIFT_1-02,True
UNIT-000223,FA-07,14700.0,OP-SHIFT_1-02,True
UNIT-000223,FA-08,14760.0,OP-SHIFT_1-02,True
UNIT-000224,PT-05,14280.0,OP-SHIFT_1-03,True
UNIT-000224,FA-05,14640.0,OP-SHIFT_1-03,True
UNIT-000224,FA-06,14700.0,OP-SHIFT_1-03,True
UNIT-000224,FA-07,14760.0,OP-SHIFT_1-03,True
UNIT-000224,FA-08,14820.0,OP-SHIFT_1-03,True
UNIT-000225,PT-05,14340.0,OP-SHIFT_1-04,True
UNIT-000225,FA-05,14700.0,OP-SHIFT_1-04,True
UNIT-000225,FA-06,14760.0,OP-SHIFT_1-04,True
UNIT-000225,FA-07,14820.0,OP-SHIFT_1-04,True
UNIT-000225,FA-08,14880.0,OP-SHIFT_1-04,True
UNIT-000226,PT-05,14400.0,OP-SHIFT_1-05,True
UNIT-000226,FA-05,14760.0,OP-SHIFT_1-05,True
UNIT-000226,FA-06,14820.0,OP-SHIFT_1-05,True
UNIT-000226,FA-07,14880.0,OP-SHIFT_1-05,True
UNIT-000226,FA-08,14940.0,OP-SHIFT_1-05,True
UNIT-000227,PT-05,14460.0,OP-SHIFT_1-06,True
UNIT-000227,FA-05,14820.0,OP-SHIFT_1-06,True
UNIT-000227,FA-06,14880.0,OP-SHIFT_1-06,True
UNIT-000227,FA-07,14940.0,OP-SHIFT_1-06,True
UNIT-000227,FA-08,15000.0,OP-SHIFT_1-06,True
UNIT-000228,PT-05,14520.0,OP-SHIFT_1-01,True
UNIT-000228,FA-05,14880.0,OP-SHIFT_1-01,True
UNIT-000228,FA-06,14940.0,OP-SHIFT_1-01,True
UNIT-000228,FA-07,15000.0,OP-SHIFT_1-01,True
UNIT-000228,FA-08,15060.0,OP-SHIFT_1-01,True
UNIT-000229,PT-05,14580.0,OP-SHIFT_1-02,True
UNIT-000229,FA-05,14940.0,OP-SHIFT_1-02,True
UNIT-000229,FA-06,15000.0,OP-SHIFT_1-02,True
UNIT-000229,FA-07,15060.0,OP-SHIFT_1-02,True
UNIT-000229,FA-08,15120.0,OP-SHIFT_1-02,True
UNIT-000230,PT-05,14640.0,OP-SHIFT_1-03,True
UNIT-000230,FA-05,15000.0,OP-SHIFT_1-03,True
UNIT-000230,FA-06,15060.0,OP-SHIFT_1-03,True
UNIT-000230,FA-07,15120.0,OP-SHIFT_1-03,True
UNIT-000230,FA-08,15180.0,OP-SHIFT_1-03,True
UNIT-000231,PT-05,14700.0,OP-SHIFT_1-04,True
UNIT-000231,FA-05,15060.0,OP-SHIFT_1-04,True
UNIT-000231,FA-06,15120.0,OP-SHIFT_1-04,True
UNIT-000231,FA-07,15180.0,OP-SHIFT_1-04,True
UNIT-000231,FA-08,15240.0,OP-SHIFT_1-04,True
UNIT-000232,PT-05,14760.0,OP-SHIFT_1-05,True
UNIT-000232,FA-05,15120.0,OP-SHIFT_1-05,True
UNIT-000232,FA-06,15180.0,OP-SHIFT_1-05,True
UNIT-000232,FA-07,15240.0,OP-SHIFT_1-05,True
UNIT-000232,FA-08,15300.0,OP-SHIFT_1-05,True
UNIT-000233,PT-05,14820.0,OP-SHIFT_1-06,True
UNIT-000233,FA-05,15180.0,OP-SHIFT_1-06,True
UNIT-000233,FA-06,15240.0,OP-SHIFT_1-06,True
UNIT-000233,FA-07,15300.0,OP-SHIFT_1-06,True
UNIT-000233,FA-08,15360.0,OP-SHIFT_1-06,True
UNIT-000234,PT-05,14880.0,OP-SHIFT_1-01,True
UNIT-000234,FA-05,15240.0,OP-SHIFT_1-01,True
UNIT-000234,FA-06,15300.0,OP-SHIFT_1-01,True
UNIT-000234,FA-07,15360.0,OP-SHIFT_1-01,True
UNIT-000234,FA-08,15420.0,OP-SHIFT_1-01,True
UNIT-000235,PT-05,14940.0,OP-SHIFT_1-02,True
UNIT-000235,FA-05,15300.0,OP-SHIFT_1-02,True
UNIT-000235,FA-06,15360.0,OP-SHIFT_1-02,True
UNIT-000235,FA-07,15420.0,OP-SHIFT_1-02,True
UNIT-000235,FA-08,15480.0,OP-SHIFT_1-02,True
UNIT-000236,PT-05,15000.0,OP-SHIFT_1-03,True
UNIT-000236,FA-05,15360.0,OP-SHIFT_1-03,True
UNIT-000236,FA-06,15420.0,OP-SHIFT_1-03,True
UNIT-000236,FA-07,15480.0,OP-SHIFT_1-03,True
UNIT-000236,FA-08,15540.0,OP-SHIFT_1-03,True
UNIT-000237,PT-05,15060.0,OP-SHIFT_1-04,True
UNIT-000237,FA-05,15420.0,OP-SHIFT_1-04,True
UNIT-000237,FA-06,15480.0,OP-SHIFT_1-04,True
UNIT-000237,FA-07,15540.0,OP-SHIFT_1-04,True
UNIT-000237,FA-08,15600.0,OP-SHIFT_1-04,True
UNIT-000238,PT-05,15120.0,OP-SHIFT_1-05,True
UNIT-000238,FA-05,15480.0,OP-SHIFT_1-05,True
UNIT-000238,FA-06,15540.0,OP-SHIFT_1-05,True
UNIT-000238,FA-07,15600.0,OP-SHIFT_1-05,True
UNIT-000238,FA-08,15660.0,OP-SHIFT_1-05,True
UNIT-000239,PT-05,15180.0,OP-SHIFT_1-06,True
UNIT-000239,FA-05,15540.0,OP-SHIFT_1-06,True
UNIT-000239,FA-06,15600.0,OP-SHIFT_1-06,True
UNIT-000239,FA-07,15660.0,OP-SHIFT_1-06,True
UNIT-000239,FA-08,15720.0,OP-SHIFT_1-06,True
UNIT-000240,PT-05,15240.0,OP-SHIFT_1-01,True
UNIT-000240,FA-05,15600.0,OP-SHIFT_1-01,True
UNIT-000240,FA-06,15660.0,OP-SHIFT_1-01,True
UNIT-000240,FA-07,15720.0,OP-SHIFT_1-01,True
UNIT-000240,FA-08,15780.0,OP-SHIFT_1-01,True
UNIT-000241,PT-05,15300.0,OP-SHIFT_1-02,True
UNIT-000241,FA-05,15660.0,OP-SHIFT_1-02,True
UNIT-000241,FA-06,15720.0,OP-SHIFT_1-02,True
UNIT-000241,FA-07,15780.0,OP-SHIFT_1-02,True
UNIT-000241,FA-08,15840.0,OP-SHIFT_1-02,True
UNIT-000242,PT-05,15360.0,OP-SHIFT_1-03,True
UNIT-000242,FA-05,15720.0,OP-SHIFT_1-03,True
UNIT-000242,FA-06,15780.0,OP-SHIFT_1-03,True
UNIT-000242,FA-07,15840.0,OP-SHIFT_1-03,True
UNIT-000242,FA-08,15900.0,OP-SHIFT_1-03,True
UNIT-000243,PT-05,15420.0,OP-SHIFT_1-04,True
UNIT-000243,FA-05,15780.0,OP-SHIFT_1-04,True
UNIT-000243,FA-06,15840.0,OP-SHIFT_1-04,True
UNIT-000243,FA-07,15900.0,OP-SHIFT_1-04,True
UNIT-000243,FA-08,15960.0,OP-SHIFT_1-04,True
UNIT-000244,PT-05,15480.0,OP-SHIFT_1-05,True
UNIT-000244,FA-05,15840.0,OP-SHIFT_1-05,True
UNIT-000244,FA-06,15900.0,OP-SHIFT_1-05,True
UNIT-000244,FA-07,15960.0,OP-SHIFT_1-05,True
UNIT-000244,FA-08,16020.0,OP-SHIFT_1-05,True
UNIT-000245,PT-05,15540.0,OP-SHIFT_1-06,True
UNIT-000245,FA-05,15900.0,OP-SHIFT_1-06,True
UNIT-000245,FA-06,15960.0,OP-SHIFT_1-06,True
UNIT-000245,FA-07,16020.0,OP-SHIFT_1-06,True
UNIT-000245,FA-08,16080.0,OP-SHIFT_1-06,True
UNIT-000246,PT-05,15600.0,OP-SHIFT_1-01,True
UNIT-000246,FA-05,15960.0,OP-SHIFT_1-01,True
UNIT-000246,FA-06,16020.0,OP-SHIFT_1-01,True
UNIT-000246,FA-07,16080.0,OP-SHIFT_1-01,True
UNIT-000246,FA-08,16140.0,OP-SHIFT_1-01,True
UNIT-000247,PT-05,15660.0,OP-SHIFT_1-02,True
UNIT-000247,FA-05,16020.0,OP-SHIFT_1-02,True
UNIT-000247,FA-06,16080.0,OP-SHIFT_1-02,True
UNIT-000247,FA-07,16140.0,OP-SHIFT_1-02,True
UNIT-000247,FA-08,16200.0,OP-SHIFT_1-02,True
UNIT-000248,PT-05,15720.0,OP-SHIFT_1-03,True
UNIT-000248,FA-05,16080.0,OP-SHIFT_1-03,True
UNIT-000248,FA-06,16140.0,OP-SHIFT_1-03,True
UNIT-000248,FA-07,16200.0,OP-SHIFT_1-03,True
UNIT-000248,FA-08,16260.0,OP-SHIFT_1-03,True
UNIT-000249,PT-05,15780.0,OP-SHIFT_1-04,True
UNIT-000249,FA-05,16140.0,OP-SHIFT_1-04,True
UNIT-000249,FA-06,16200.0,OP-SHIFT_1-04,True
UNIT-000249,FA-07,16260.0,OP-SHIFT_1-04,True
UNIT-000249,FA-08,16320.0,OP-SHIFT_1-04,True
UNIT-000250,PT-05,15840.0,OP-SHIFT_1-05,True
UNIT-000250,FA-05,16200.0,OP-SHIFT_1-05,True
UNIT-000250,FA-06,16260.0,OP-SHIFT_1-05,True
UNIT-000250,FA-07,16320.0,OP-SHIFT_1-05,True
UNIT-000250,FA-08,16380.0,OP-SHIFT_1-05,False
UNIT-000251,PT-05,15900.0,OP-SHIFT_1-06,True
UNIT-000251,FA-05,16260.0,OP-SHIFT_1-06,True
UNIT-000251,FA-06,16320.0,OP-SHIFT_1-06,True
UNIT-000251,FA-07,16380.0,OP-SHIFT_1-06,True
UNIT-000251,FA-08,16440.0,OP-SHIFT_1-06,True
UNIT-000252,PT-05,15960.0,OP-SHIFT_1-01,True
UNIT-000252,FA-05,16320.0,OP-SHIFT_1-01,True
UNIT-000252,FA-06,16380.0,OP-SHIFT_1-01,True
UNIT-000252,FA-07,16440.0,OP-SHIFT_1-01,True
UNIT-000252,FA-08,16500.0,OP-SHIFT_1-01,True
UNIT-000253,PT-05,16020.0,OP-SHIFT_1-02,True
UNIT-000253,FA-05,16380.0,OP-SHIFT_1-02,True
UNIT-000253,FA-06,16440.0,OP-SHIFT_1-02,True
UNIT-000253,FA-07,16500.0,OP-SHIFT_1-02,True
UNIT-000253,FA-08,16560.0,OP-SHIFT_1-02,True
UNIT-000254,PT-05,16080.0,OP-SHIFT_1-03,True
UNIT-000254,FA-05,16440.0,OP-SHIFT_1-03,True
UNIT-000254,FA-06,16500.0,OP-SHIFT_1-03,True
UNIT-000254,FA-07,16560.0,OP-SHIFT_1-03,True
UNIT-000254,FA-08,16620.0,OP-SHIFT_1-03,True
UNIT-000255,PT-05,16140.0,OP-SHIFT_1-04,True
UNIT-000255,FA-05,16500.0,OP-SHIFT_1-04,True
UNIT-000255,FA-06,16560.0,OP-SHIFT_1-04,True
UNIT-000255,FA-07,16620.0,OP-SHIFT_1-04,True
UNIT-000255,FA-08,16680.0,OP-SHIFT_1-04,True
UNIT-000256,PT-05,16200.0,OP-SHIFT_1-05,True
UNIT-000256,FA-05,16560.0,OP-SHIFT_1-05,True
UNIT-000256,FA-06,16620.0,OP-SHIFT_1-05,True
UNIT-000256,FA-07,16680.0,OP-SHIFT_1-05,True
UNIT-000256,FA-08,16740.0,OP-SHIFT_1-05,True
UNIT-000257,PT-05,16260.0,OP-SHIFT_1-06,True
UNIT-000257,FA-05,16620.0,OP-SHIFT_1-06,True
UNIT-000257,FA-06,16680.0,OP-SHIFT_1-06,True
UNIT-000257,FA-07,16740.0,OP-SHIFT_1-06,True
UNIT-000257,FA-08,16800.0,OP-SHIFT_1-06,True
UNIT-000258,PT-05,16320.0,OP-SHIFT_1-01,True
UNIT-000258,FA-05,16680.0,OP-SHIFT_1-01,True
UNIT-000258,FA-06,16740.0,OP-SHIFT_1-01,True
UNIT-000258,FA-07,16800.0,OP-SHIFT_1-01,True
UNIT-000258,FA-08,16860.0,OP-SHIFT_1-01,True
UNIT-000259,PT-05,16380.0,OP-SHIFT_1-02,True
UNIT-000259,FA-05,16740.0,OP-SHIFT_1-02,True
UNIT-000259,FA-06,16800.0,OP-SHIFT_1-02,True
UNIT-000259,FA-07,16860.0,OP-SHIFT_1-02,True
UNIT-000259,FA-08,16920.0,OP-SHIFT_1-02,True
UNIT-000260,PT-05,16440.0,OP-SHIFT_1-03,True
UNIT-000260,FA-05,16800.0,OP-SHIFT_1-03,True
UNIT-000260,FA-06,16860.0,OP-SHIFT_1-03,True
UNIT-000260,FA-07,16920.0,OP-SHIFT_1-03,True
UNIT-000260,FA-08,16980.0,OP-SHIFT_1-03,True
UNIT-000261,PT-05,16500.0,OP-SHIFT_1-04,True
UNIT-000261,FA-05,16860.0,OP-SHIFT_1-04,True
UNIT-000261,FA-06,16920.0,OP-SHIFT_1-04,True
UNIT-000261,FA-07,16980.0,OP-SHIFT_1-04,True
UNIT-000261,FA-08,17040.0,OP-SHIFT_1-04,True
UNIT-000262,PT-05,16560.0,OP-SHIFT_1-05,True
UNIT-000262,FA-05,16920.0,OP-SHIFT_1-05,True
UNIT-000262,FA-06,16980.0,OP-SHIFT_1-05,True
UNIT-000262,FA-07,17040.0,OP-SHIFT_1-05,True
UNIT-000262,FA-08,17100.0,OP-SHIFT_1-05,True
UNIT-000263,PT-05,16620.0,OP-SHIFT_1-06,True
UNIT-000263,FA-05,16980.0,OP-SHIFT_1-06,True
UNIT-000263,FA-06,17040.0,OP-SHIFT_1-06,True
UNIT-000263,FA-07,17100.0,OP-SHIFT_1-06,True
UNIT-000263,FA-08,17160.0,OP-SHIFT_1-06,True
UNIT-000264,PT-05,16680.0,OP-SHIFT_1-01,True
UNIT-000264,FA-05,17040.0,OP-SHIFT_1-01,True
UNIT-000264,FA-06,17100.0,OP-SHIFT_1-01,True
UNIT-000264,FA-07,17160.0,OP-SHIFT_1-01,True
UNIT-000264,FA-08,17220.0,OP-SHIFT_1-01,True
UNIT-000265,PT-05,16740.0,OP-SHIFT_1-02,True
UNIT-000265,FA-05,17100.0,OP-SHIFT_1-02,True
UNIT-000265,FA-06,17160.0,OP-SHIFT_1-02,True
UNIT-000265,FA-07,17220.0,OP-SHIFT_1-02,True
UNIT-000265,FA-08,17280.0,OP-SHIFT_1-02,True
UNIT-000266,PT-05,16800.0,OP-SHIFT_1-03,True
UNIT-000266,FA-05,17160.0,OP-SHIFT_1-03,True
UNIT-000266,FA-06,17220.0,OP-SHIFT_1-03,True
UNIT-000266,FA-07,17280.0,OP-SHIFT_1-03,True
UNIT-000266,FA-08,17340.0,OP-SHIFT_1-03,True
UNIT-000267,PT-05,16860.0,OP-SHIFT_1-04,True
UNIT-000267,FA-05,17220.0,OP-SHIFT_1-04,True
UNIT-000267,FA-06,17280.0,OP-SHIFT_1-04,True
UNIT-000267,FA-07,17340.0,OP-SHIFT_1-04,True
UNIT-000267,FA-08,17400.0,OP-SHIFT_1-04,True
UNIT-000268,PT-05,16920.0,OP-SHIFT_1-05,True
UNIT-000268,FA-05,17280.0,OP-SHIFT_1-05,True
UNIT-000268,FA-06,17340.0,OP-SHIFT_1-05,True
UNIT-000268,FA-07,17400.0,OP-SHIFT_1-05,True
UNIT-000268,FA-08,17460.0,OP-SHIFT_1-05,True
UNIT-000269,PT-05,16980.0,OP-SHIFT_1-06,True
UNIT-000269,FA-05,17340.0,OP-SHIFT_1-06,True
UNIT-000269,FA-06,17400.0,OP-SHIFT_1-06,True
UNIT-000269,FA-07,17460.0,OP-SHIFT_1-06,True
UNIT-000269,FA-08,17520.0,OP-SHIFT_1-06,True
UNIT-000270,PT-05,17040.0,OP-SHIFT_1-01,True
UNIT-000270,FA-05,17400.0,OP-SHIFT_1-01,True
UNIT-000270,FA-06,17460.0,OP-SHIFT_1-01,True
UNIT-000270,FA-07,17520.0,OP-SHIFT_1-01,True
UNIT-000270,FA-08,17580.0,OP-SHIFT_1-01,True
UNIT-000271,PT-05,17100.0,OP-SHIFT_1-02,True
UNIT-000271,FA-05,17460.0,OP-SHIFT_1-02,True
UNIT-000271,FA-06,17520.0,OP-SHIFT_1-02,True
UNIT-000271,FA-07,17580.0,OP-SHIFT_1-02,True
UNIT-000271,FA-08,17640.0,OP-SHIFT_1-02,True
UNIT-000272,PT-05,17160.0,OP-SHIFT_1-03,True
UNIT-000272,FA-05,17520.0,OP-SHIFT_1-03,True
UNIT-000272,FA-06,17580.0,OP-SHIFT_1-03,True
UNIT-000272,FA-07,17640.0,OP-SHIFT_1-03,True
UNIT-000272,FA-08,17700.0,OP-SHIFT_1-03,True
UNIT-000273,PT-05,17220.0,OP-SHIFT_1-04,True
UNIT-000273,FA-05,17580.0,OP-SHIFT_1-04,True
UNIT-000273,FA-06,17640.0,OP-SHIFT_1-04,True
UNIT-000273,FA-07,17700.0,OP-SHIFT_1-04,True
UNIT-000273,FA-08,17760.0,OP-SHIFT_1-04,True
UNIT-000274,PT-05,17280.0,OP-SHIFT_1-05,True
UNIT-000274,FA-05,17640.0,OP-SHIFT_1-05,True
UNIT-000274,FA-06,17700.0,OP-SHIFT_1-05,True
UNIT-000274,FA-07,17760.0,OP-SHIFT_1-05,True
UNIT-000274,FA-08,17820.0,OP-SHIFT_1-05,True
UNIT-000275,PT-05,17340.0,OP-SHIFT_1-06,True
UNIT-000275,FA-05,17700.0,OP-SHIFT_1-06,True
UNIT-000275,FA-06,17760.0,OP-SHIFT_1-06,True
UNIT-000275,FA-07,17820.0,OP-SHIFT_1-06,True
UNIT-000275,FA-08,17880.0,OP-SHIFT_1-06,True
UNIT-000276,PT-05,17400.0,OP-SHIFT_1-01,True
UNIT-000276,FA-05,17760.0,OP-SHIFT_1-01,True
UNIT-000276,FA-06,17820.0,OP-SHIFT_1-01,True
UNIT-000276,FA-07,17880.0,OP-SHIFT_1-01,True
UNIT-000276,FA-08,17940.0,OP-SHIFT_1-01,True
UNIT-000277,PT-05,17460.0,OP-SHIFT_1-02,True
UNIT-000277,FA-05,17820.0,OP-SHIFT_1-02,True
UNIT-000277,FA-06,17880.0,OP-SHIFT_1-02,True
UNIT-000277,FA-07,17940.0,OP-SHIFT_1-02,True
UNIT-000277,FA-08,18000.0,OP-SHIFT_1-02,True
UNIT-000278,PT-05,17520.0,OP-SHIFT_1-03,True
UNIT-000278,FA-05,17880.0,OP-SHIFT_1-03,True
UNIT-000278,FA-06,17940.0,OP-SHIFT_1-03,True
UNIT-000278,FA-07,18000.0,OP-SHIFT_1-03,True
UNIT-000278,FA-08,18060.0,OP-SHIFT_1-03,True
UNIT-000279,PT-05,17580.0,OP-SHIFT_1-04,True
UNIT-000279,FA-05,17940.0,OP-SHIFT_1-04,True
UNIT-000279,FA-06,18000.0,OP-SHIFT_1-04,True
UNIT-000279,FA-07,18060.0,OP-SHIFT_1-04,True
UNIT-000279,FA-08,18120.0,OP-SHIFT_1-04,True
UNIT-000280,PT-05,17640.0,OP-SHIFT_1-05,True
UNIT-000280,FA-05,18000.0,OP-SHIFT_1-05,True
UNIT-000280,FA-06,18060.0,OP-SHIFT_1-05,True
UNIT-000280,FA-07,18120.0,OP-SHIFT_1-05,True
UNIT-000280,FA-08,18180.0,OP-SHIFT_1-05,True
UNIT-000281,PT-05,17700.0,OP-SHIFT_1-06,True
UNIT-000281,FA-05,18060.0,OP-SHIFT_1-06,True
UNIT-000281,FA-06,18120.0,OP-SHIFT_1-06,True
UNIT-000281,FA-07,18180.0,OP-SHIFT_1-06,True
UNIT-000281,FA-08,18240.0,OP-SHIFT_1-06,True
UNIT-000282,PT-05,17760.0,OP-SHIFT_1-01,True
UNIT-000282,FA-05,18120.0,OP-SHIFT_1-01,True
UNIT-000282,FA-06,18180.0,OP-SHIFT_1-01,True
UNIT-000282,FA-07,18240.0,OP-SHIFT_1-01,True
UNIT-000282,FA-08,18300.0,OP-SHIFT_1-01,True
UNIT-000283,PT-05,17820.0,OP-SHIFT_1-02,True
UNIT-000283,FA-05,18180.0,OP-SHIFT_1-02,True
UNIT-000283,FA-06,18240.0,OP-SHIFT_1-02,True
UNIT-000283,FA-07,18300.0,OP-SHIFT_1-02,True
UNIT-000283,FA-08,18360.0,OP-SHIFT_1-02,True
UNIT-000284,PT-05,17880.0,OP-SHIFT_1-03,True
UNIT-000284,FA-05,18240.0,OP-SHIFT_1-03,True
UNIT-000284,FA-06,18300.0,OP-SHIFT_1-03,True
UNIT-000284,FA-07,18360.0,OP-SHIFT_1-03,True
UNIT-000284,FA-08,18420.0,OP-SHIFT_1-03,True
UNIT-000285,PT-05,17940.0,OP-SHIFT_1-04,True
UNIT-000285,FA-05,18300.0,OP-SHIFT_1-04,True
UNIT-000285,FA-06,18360.0,OP-SHIFT_1-04,True
UNIT-000285,FA-07,18420.0,OP-SHIFT_1-04,True
UNIT-000285,FA-08,18480.0,OP-SHIFT_1-04,True
UNIT-000286,PT-05,18000.0,OP-SHIFT_1-05,True
UNIT-000286,FA-05,18360.0,OP-SHIFT_1-05,True
UNIT-000286,FA-06,18420.0,OP-SHIFT_1-05,True
UNIT-000286,FA-07,18480.0,OP-SHIFT_1-05,True
UNIT-000286,FA-08,18540.0,OP-SHIFT_1-05,True
UNIT-000287,PT-05,18060.0,OP-SHIFT_1-06,True
UNIT-000287,FA-05,18420.0,OP-SHIFT_1-06,True
UNIT-000287,FA-06,18480.0,OP-SHIFT_1-06,True
UNIT-000287,FA-07,18540.0,OP-SHIFT_1-06,True
UNIT-000287,FA-08,18600.0,OP-SHIFT_1-06,True
UNIT-000288,PT-05,18120.0,OP-SHIFT_1-01,True
UNIT-000288,FA-05,18480.0,OP-SHIFT_1-01,True
UNIT-000288,FA-06,18540.0,OP-SHIFT_1-01,True
UNIT-000288,FA-07,18600.0,OP-SHIFT_1-01,True
UNIT-000288,FA-08,18660.0,OP-SHIFT_1-01,True
UNIT-000289,PT-05,18180.0,OP-SHIFT_1-02,True
UNIT-000289,FA-05,18540.0,OP-SHIFT_1-02,True
UNIT-000289,FA-06,18600.0,OP-SHIFT_1-02,True
UNIT-000289,FA-07,18660.0,OP-SHIFT_1-02,True
UNIT-000289,FA-08,18720.0,OP-SHIFT_1-02,True
UNIT-000290,PT-05,18240.0,OP-SHIFT_1-03,True
UNIT-000290,FA-05,18600.0,OP-SHIFT_1-03,True
UNIT-000290,FA-06,18660.0,OP-SHIFT_1-03,True
UNIT-000290,FA-07,18720.0,OP-SHIFT_1-03,True
UNIT-000290,FA-08,18780.0,OP-SHIFT_1-03,True
UNIT-000291,PT-05,18300.0,OP-SHIFT_1-04,True
UNIT-000291,FA-05,18660.0,OP-SHIFT_1-04,True
UNIT-000291,FA-06,18720.0,OP-SHIFT_1-04,True
UNIT-000291,FA-07,18780.0,OP-SHIFT_1-04,True
UNIT-000291,FA-08,18840.0,OP-SHIFT_1-04,True
UNIT-000292,PT-05,18360.0,OP-SHIFT_1-05,True
UNIT-000292,FA-05,18720.0,OP-SHIFT_1-05,True
UNIT-000292,FA-06,18780.0,OP-SHIFT_1-05,True
UNIT-000292,FA-07,18840.0,OP-SHIFT_1-05,True
UNIT-000292,FA-08,18900.0,OP-SHIFT_1-05,True
UNIT-000293,PT-05,18420.0,OP-SHIFT_1-06,True
UNIT-000293,FA-05,18780.0,OP-SHIFT_1-06,True
UNIT-000293,FA-06,18840.0,OP-SHIFT_1-06,True
UNIT-000293,FA-07,18900.0,OP-SHIFT_1-06,True
UNIT-000293,FA-08,18960.0,OP-SHIFT_1-06,True
UNIT-000294,PT-05,18480.0,OP-SHIFT_1-01,True
UNIT-000294,FA-05,18840.0,OP-SHIFT_1-01,True
UNIT-000294,FA-06,18900.0,OP-SHIFT_1-01,True
UNIT-000294,FA-07,18960.0,OP-SHIFT_1-01,True
UNIT-000294,FA-08,19020.0,OP-SHIFT_1-01,True
UNIT-000295,PT-05,18540.0,OP-SHIFT_1-02,True
UNIT-000295,FA-05,18900.0,OP-SHIFT_1-02,True
UNIT-000295,FA-06,18960.0,OP-SHIFT_1-02,True
UNIT-000295,FA-07,19020.0,OP-SHIFT_1-02,True
UNIT-000295,FA-08,19080.0,OP-SHIFT_1-02,True
UNIT-000296,PT-05,18600.0,OP-SHIFT_1-03,True
UNIT-000296,FA-05,18960.0,OP-SHIFT_1-03,True
UNIT-000296,FA-06,19020.0,OP-SHIFT_1-03,True
UNIT-000296,FA-07,19080.0,OP-SHIFT_1-03,True
UNIT-000296,FA-08,19140.0,OP-SHIFT_1-03,True
UNIT-000297,PT-05,18660.0,OP-SHIFT_1-04,True
UNIT-000297,FA-05,19020.0,OP-SHIFT_1-04,True
UNIT-000297,FA-06,19080.0,OP-SHIFT_1-04,True
UNIT-000297,FA-07,19140.0,OP-SHIFT_1-04,True
UNIT-000297,FA-08,19200.0,OP-SHIFT_1-04,True
UNIT-000298,PT-05,18720.0,OP-SHIFT_1-05,True
UNIT-000298,FA-05,19080.0,OP-SHIFT_1-05,True
UNIT-000298,FA-06,19140.0,OP-SHIFT_1-05,True
UNIT-000298,FA-07,19200.0,OP-SHIFT_1-05,True
UNIT-000298,FA-08,19260.0,OP-SHIFT_1-05,True
UNIT-000299,PT-05,18780.0,OP-SHIFT_1-06,True
UNIT-000299,FA-05,19140.0,OP-SHIFT_1-06,True
UNIT-000299,FA-06,19200.0,OP-SHIFT_1-06,True
UNIT-000299,FA-07,19260.0,OP-SHIFT_1-06,True
UNIT-000299,FA-08,19320.0,OP-SHIFT_1-06,True
UNIT-000300,PT-05,18840.0,OP-SHIFT_1-01,True
UNIT-000300,FA-05,19200.0,OP-SHIFT_1-01,True
UNIT-000300,FA-06,19260.0,OP-SHIFT_1-01,True
UNIT-000300,FA-07,19320.0,OP-SHIFT_1-01,True
UNIT-000300,FA-08,19380.0,OP-SHIFT_1-01,True
UNIT-000301,PT-05,18900.0,OP-SHIFT_1-02,True
UNIT-000301,FA-05,19260.0,OP-SHIFT_1-02,True
UNIT-000301,FA-06,19320.0,OP-SHIFT_1-02,True
UNIT-000301,FA-07,19380.0,OP-SHIFT_1-02,True
UNIT-000301,FA-08,19440.0,OP-SHIFT_1-02,True
UNIT-000302,PT-05,18960.0,OP-SHIFT_1-03,True
UNIT-000302,FA-05,19320.0,OP-SHIFT_1-03,True
UNIT-000302,FA-06,19380.0,OP-SHIFT_1-03,True
UNIT-000302,FA-07,19440.0,OP-SHIFT_1-03,True
UNIT-000302,FA-08,19500.0,OP-SHIFT_1-03,True
UNIT-000303,PT-05,19020.0,OP-SHIFT_1-04,True
UNIT-000303,FA-05,19380.0,OP-SHIFT_1-04,True
UNIT-000303,FA-06,19440.0,OP-SHIFT_1-04,True
UNIT-000303,FA-07,19500.0,OP-SHIFT_1-04,True
UNIT-000303,FA-08,19560.0,OP-SHIFT_1-04,True
UNIT-000304,PT-05,19080.0,OP-SHIFT_1-05,True
UNIT-000304,FA-05,19440.0,OP-SHIFT_1-05,True
UNIT-000304,FA-06,19500.0,OP-SHIFT_1-05,True
UNIT-000304,FA-07,19560.0,OP-SHIFT_1-05,True
UNIT-000304,FA-08,19620.0,OP-SHIFT_1-05,True
UNIT-000305,PT-05,19140.0,OP-SHIFT_1-06,True
UNIT-000305,FA-05,19500.0,OP-SHIFT_1-06,True
UNIT-000305,FA-06,19560.0,OP-SHIFT_1-06,True
UNIT-000305,FA-07,19620.0,OP-SHIFT_1-06,True
UNIT-000305,FA-08,19680.0,OP-SHIFT_1-06,True
UNIT-000306,PT-05,19200.0,OP-SHIFT_1-01,True
UNIT-000306,FA-05,19560.0,OP-SHIFT_1-01,True
UNIT-000306,FA-06,19620.0,OP-SHIFT_1-01,True
UNIT-000306,FA-07,19680.0,OP-SHIFT_1-01,True
UNIT-000306,FA-08,19740.0,OP-SHIFT_1-01,True
UNIT-000307,PT-05,19260.0,OP-SHIFT_1-02,True
UNIT-000307,FA-05,19620.0,OP-SHIFT_1-02,True
UNIT-000307,FA-06,19680.0,OP-SHIFT_1-02,True
UNIT-000307,FA-07,19740.0,OP-SHIFT_1-02,True
UNIT-000307,FA-08,19800.0,OP-SHIFT_1-02,True
UNIT-000308,PT-05,19320.0,OP-SHIFT_1-03,True
UNIT-000308,FA-05,19680.0,OP-SHIFT_1-03,True
UNIT-000308,FA-06,19740.0,OP-SHIFT_1-03,True
UNIT-000308,FA-07,19800.0,OP-SHIFT_1-03,True
UNIT-000308,FA-08,19860.0,OP-SHIFT_1-03,True
UNIT-000309,PT-05,19380.0,OP-SHIFT_1-04,False
UNIT-000309,FA-05,19740.0,OP-SHIFT_1-04,True
UNIT-000309,FA-06,19800.0,OP-SHIFT_1-04,True
UNIT-000309,FA-07,19860.0,OP-SHIFT_1-04,True
UNIT-000309,FA-08,19920.0,OP-SHIFT_1-04,True
UNIT-000310,PT-05,19440.0,OP-SHIFT_1-05,True
UNIT-000310,FA-05,19800.0,OP-SHIFT_1-05,True
UNIT-000310,FA-06,19860.0,OP-SHIFT_1-05,True
UNIT-000310,FA-07,19920.0,OP-SHIFT_1-05,True
UNIT-000310,FA-08,19980.0,OP-SHIFT_1-05,True
UNIT-000311,PT-05,19500.0,OP-SHIFT_1-06,True
UNIT-000311,FA-05,19860.0,OP-SHIFT_1-06,True
UNIT-000311,FA-06,19920.0,OP-SHIFT_1-06,True
UNIT-000311,FA-07,19980.0,OP-SHIFT_1-06,True
UNIT-000311,FA-08,20040.0,OP-SHIFT_1-06,True
UNIT-000312,PT-05,19560.0,OP-SHIFT_1-01,True
UNIT-000312,FA-05,19920.0,OP-SHIFT_1-01,True
UNIT-000312,FA-06,19980.0,OP-SHIFT_1-01,True
UNIT-000312,FA-07,20040.0,OP-SHIFT_1-01,True
UNIT-000312,FA-08,20100.0,OP-SHIFT_1-01,True
UNIT-000313,PT-05,19620.0,OP-SHIFT_1-02,True
UNIT-000313,FA-05,19980.0,OP-SHIFT_1-02,True
UNIT-000313,FA-06,20040.0,OP-SHIFT_1-02,True
UNIT-000313,FA-07,20100.0,OP-SHIFT_1-02,True
UNIT-000313,FA-08,20160.0,OP-SHIFT_1-02,True
UNIT-000314,PT-05,19680.0,OP-SHIFT_1-03,True
UNIT-000314,FA-05,20040.0,OP-SHIFT_1-03,True
UNIT-000314,FA-06,20100.0,OP-SHIFT_1-03,True
UNIT-000314,FA-07,20160.0,OP-SHIFT_1-03,True
UNIT-000314,FA-08,20220.0,OP-SHIFT_1-03,True
UNIT-000315,PT-05,19740.0,OP-SHIFT_1-04,True
UNIT-000315,FA-05,20100.0,OP-SHIFT_1-04,True
UNIT-000315,FA-06,20160.0,OP-SHIFT_1-04,True
UNIT-000315,FA-07,20220.0,OP-SHIFT_1-04,True
UNIT-000315,FA-08,20280.0,OP-SHIFT_1-04,True
UNIT-000316,PT-05,19800.0,OP-SHIFT_1-05,True
UNIT-000316,FA-05,20160.0,OP-SHIFT_1-05,True
UNIT-000316,FA-06,20220.0,OP-SHIFT_1-05,True
UNIT-000316,FA-07,20280.0,OP-SHIFT_1-05,True
UNIT-000316,FA-08,20340.0,OP-SHIFT_1-05,True
UNIT-000317,PT-05,19860.0,OP-SHIFT_1-06,True
UNIT-000317,FA-05,20220.0,OP-SHIFT_1-06,True
UNIT-000317,FA-06,20280.0,OP-SHIFT_1-06,True
UNIT-000317,FA-07,20340.0,OP-SHIFT_1-06,True
UNIT-000317,FA-08,20400.0,OP-SHIFT_1-06,True
UNIT-000318,PT-05,19920.0,OP-SHIFT_1-01,True
UNIT-000318,FA-05,20280.0,OP-SHIFT_1-01,True
UNIT-000318,FA-06,20340.0,OP-SHIFT_1-01,True
UNIT-000318,FA-07,20400.0,OP-SHIFT_1-01,True
UNIT-000318,FA-08,20460.0,OP-SHIFT_1-01,True
UNIT-000319,PT-05,19980.0,OP-SHIFT_1-02,True
UNIT-000319,FA-05,20340.0,OP-SHIFT_1-02,True
UNIT-000319,FA-06,20400.0,OP-SHIFT_1-02,True
UNIT-000319,FA-07,20460.0,OP-SHIFT_1-02,True
UNIT-000319,FA-08,20520.0,OP-SHIFT_1-02,True
UNIT-000320,PT-05,20040.0,OP-SHIFT_1-03,True
UNIT-000320,FA-05,20400.0,OP-SHIFT_1-03,True
UNIT-000320,FA-06,20460.0,OP-SHIFT_1-03,True
UNIT-000320,FA-07,20520.0,OP-SHIFT_1-03,True
UNIT-000320,FA-08,20580.0,OP-SHIFT_1-03,True
UNIT-000321,PT-05,20100.0,OP-SHIFT_1-04,True
UNIT-000321,FA-05,20460.0,OP-SHIFT_1-04,True
UNIT-000321,FA-06,20520.0,OP-SHIFT_1-04,True
UNIT-000321,FA-07,20580.0,OP-SHIFT_1-04,True
UNIT-000321,FA-08,20640.0,OP-SHIFT_1-04,True
UNIT-000322,PT-05,20160.0,OP-SHIFT_1-05,True
UNIT-000322,FA-05,20520.0,OP-SHIFT_1-05,True
UNIT-000322,FA-06,20580.0,OP-SHIFT_1-05,True
UNIT-000322,FA-07,20640.0,OP-SHIFT_1-05,True
UNIT-000322,FA-08,20700.0,OP-SHIFT_1-05,True
UNIT-000323,PT-05,20220.0,OP-SHIFT_1-06,True
UNIT-000323,FA-05,20580.0,OP-SHIFT_1-06,True
UNIT-000323,FA-06,20640.0,OP-SHIFT_1-06,True
UNIT-000323,FA-07,20700.0,OP-SHIFT_1-06,True
UNIT-000323,FA-08,20760.0,OP-SHIFT_1-06,True
UNIT-000324,PT-05,20280.0,OP-SHIFT_1-01,True
UNIT-000324,FA-05,20640.0,OP-SHIFT_1-01,True
UNIT-000324,FA-06,20700.0,OP-SHIFT_1-01,True
UNIT-000324,FA-07,20760.0,OP-SHIFT_1-01,True
UNIT-000324,FA-08,20820.0,OP-SHIFT_1-01,True
UNIT-000325,PT-05,20340.0,OP-SHIFT_1-02,True
UNIT-000325,FA-05,20700.0,OP-SHIFT_1-02,True
UNIT-000325,FA-06,20760.0,OP-SHIFT_1-02,True
UNIT-000325,FA-07,20820.0,OP-SHIFT_1-02,True
UNIT-000325,FA-08,20880.0,OP-SHIFT_1-02,True
UNIT-000326,PT-05,20400.0,OP-SHIFT_1-03,True
UNIT-000326,FA-05,20760.0,OP-SHIFT_1-03,True
UNIT-000326,FA-06,20820.0,OP-SHIFT_1-03,True
UNIT-000326,FA-07,20880.0,OP-SHIFT_1-03,True
UNIT-000326,FA-08,20940.0,OP-SHIFT_1-03,True
UNIT-000327,PT-05,20460.0,OP-SHIFT_1-04,True
UNIT-000327,FA-05,20820.0,OP-SHIFT_1-04,True
UNIT-000327,FA-06,20880.0,OP-SHIFT_1-04,True
UNIT-000327,FA-07,20940.0,OP-SHIFT_1-04,True
UNIT-000327,FA-08,21000.0,OP-SHIFT_1-04,True
UNIT-000328,PT-05,20520.0,OP-SHIFT_1-05,True
UNIT-000328,FA-05,20880.0,OP-SHIFT_1-05,True
UNIT-000328,FA-06,20940.0,OP-SHIFT_1-05,True
UNIT-000328,FA-07,21000.0,OP-SHIFT_1-05,True
UNIT-000328,FA-08,21060.0,OP-SHIFT_1-05,True
UNIT-000329,PT-05,20580.0,OP-SHIFT_1-06,True
UNIT-000329,FA-05,20940.0,OP-SHIFT_1-06,True
UNIT-000329,FA-06,21000.0,OP-SHIFT_1-06,True
UNIT-000329,FA-07,21060.0,OP-SHIFT_1-06,True
UNIT-000329,FA-08,21120.0,OP-SHIFT_1-06,True
UNIT-000330,PT-05,20640.0,OP-SHIFT_1-01,True
UNIT-000330,FA-05,21000.0,OP-SHIFT_1-01,True
UNIT-000330,FA-06,21060.0,OP-SHIFT_1-01,True
UNIT-000330,FA-07,21120.0,OP-SHIFT_1-01,True
UNIT-000330,FA-08,21180.0,OP-SHIFT_1-01,True
UNIT-000331,PT-05,20700.0,OP-SHIFT_1-02,True
UNIT-000331,FA-05,21060.0,OP-SHIFT_1-02,True
UNIT-000331,FA-06,21120.0,OP-SHIFT_1-02,True
UNIT-000331,FA-07,21180.0,OP-SHIFT_1-02,True
UNIT-000331,FA-08,21240.0,OP-SHIFT_1-02,True
UNIT-000332,PT-05,20760.0,OP-SHIFT_1-03,True
UNIT-000332,FA-05,21120.0,OP-SHIFT_1-03,True
UNIT-000332,FA-06,21180.0,OP-SHIFT_1-03,True
UNIT-000332,FA-07,21240.0,OP-SHIFT_1-03,True
UNIT-000332,FA-08,21300.0,OP-SHIFT_1-03,True
UNIT-000333,PT-05,20820.0,OP-SHIFT_1-04,True
UNIT-000333,FA-05,21180.0,OP-SHIFT_1-04,True
UNIT-000333,FA-06,21240.0,OP-SHIFT_1-04,True
UNIT-000333,FA-07,21300.0,OP-SHIFT_1-04,True
UNIT-000333,FA-08,21360.0,OP-SHIFT_1-04,True
UNIT-000334,PT-05,20880.0,OP-SHIFT_1-05,True
UNIT-000334,FA-05,21240.0,OP-SHIFT_1-05,True
UNIT-000334,FA-06,21300.0,OP-SHIFT_1-05,True
UNIT-000334,FA-07,21360.0,OP-SHIFT_1-05,True
UNIT-000334,FA-08,21420.0,OP-SHIFT_1-05,True
UNIT-000335,PT-05,20940.0,OP-SHIFT_1-06,True
UNIT-000335,FA-05,21300.0,OP-SHIFT_1-06,True
UNIT-000335,FA-06,21360.0,OP-SHIFT_1-06,True
UNIT-000335,FA-07,21420.0,OP-SHIFT_1-06,True
UNIT-000335,FA-08,21480.0,OP-SHIFT_1-06,True
UNIT-000336,PT-05,21000.0,OP-SHIFT_1-01,True
UNIT-000336,FA-05,21360.0,OP-SHIFT_1-01,True
UNIT-000336,FA-06,21420.0,OP-SHIFT_1-01,True
UNIT-000336,FA-07,21480.0,OP-SHIFT_1-01,True
UNIT-000336,FA-08,21540.0,OP-SHIFT_1-01,True
UNIT-000337,PT-05,21060.0,OP-SHIFT_1-02,True
UNIT-000337,FA-05,21420.0,OP-SHIFT_1-02,True
UNIT-000337,FA-06,21480.0,OP-SHIFT_1-02,True
UNIT-000337,FA-07,21540.0,OP-SHIFT_1-02,True
UNIT-000337,FA-08,21600.0,OP-SHIFT_1-02,True
UNIT-000338,PT-05,21120.0,OP-SHIFT_1-03,True
UNIT-000338,FA-05,21480.0,OP-SHIFT_1-03,True
UNIT-000338,FA-06,21540.0,OP-SHIFT_1-03,True
UNIT-000338,FA-07,21600.0,OP-SHIFT_1-03,True
UNIT-000338,FA-08,21660.0,OP-SHIFT_1-03,True
UNIT-000339,PT-05,21180.0,OP-SHIFT_1-04,True
UNIT-000339,FA-05,21540.0,OP-SHIFT_1-04,True
UNIT-000339,FA-06,21600.0,OP-SHIFT_1-04,True
UNIT-000339,FA-07,21660.0,OP-SHIFT_1-04,True
UNIT-000339,FA-08,21720.0,OP-SHIFT_1-04,True
UNIT-000340,PT-05,21240.0,OP-SHIFT_1-05,True
UNIT-000340,FA-05,21600.0,OP-SHIFT_1-05,True
UNIT-000340,FA-06,21660.0,OP-SHIFT_1-05,True
UNIT-000340,FA-07,21720.0,OP-SHIFT_1-05,True
UNIT-000340,FA-08,21780.0,OP-SHIFT_1-05,True
UNIT-000341,PT-05,21300.0,OP-SHIFT_1-06,True
UNIT-000341,FA-05,21660.0,OP-SHIFT_1-06,True
UNIT-000341,FA-06,21720.0,OP-SHIFT_1-06,True
UNIT-000341,FA-07,21780.0,OP-SHIFT_1-06,True
UNIT-000341,FA-08,21840.0,OP-SHIFT_1-06,True
UNIT-000342,PT-05,21360.0,OP-SHIFT_1-01,True
UNIT-000342,FA-05,21720.0,OP-SHIFT_1-01,True
UNIT-000342,FA-06,21780.0,OP-SHIFT_1-01,True
UNIT-000342,FA-07,21840.0,OP-SHIFT_1-01,True
UNIT-000342,FA-08,21900.0,OP-SHIFT_1-01,True
UNIT-000343,PT-05,21420.0,OP-SHIFT_1-02,True
UNIT-000343,FA-05,21780.0,OP-SHIFT_1-02,True
UNIT-000343,FA-06,21840.0,OP-SHIFT_1-02,True
UNIT-000343,FA-07,21900.0,OP-SHIFT_1-02,True
UNIT-000343,FA-08,21960.0,OP-SHIFT_1-02,True
UNIT-000344,PT-05,21480.0,OP-SHIFT_1-03,True
UNIT-000344,FA-05,21840.0,OP-SHIFT_1-03,True
UNIT-000344,FA-06,21900.0,OP-SHIFT_1-03,True
UNIT-000344,FA-07,21960.0,OP-SHIFT_1-03,True
UNIT-000344,FA-08,22020.0,OP-SHIFT_1-03,True
UNIT-000345,PT-05,21540.0,OP-SHIFT_1-04,True
UNIT-000345,FA-05,21900.0,OP-SHIFT_1-04,True
UNIT-000345,FA-06,21960.0,OP-SHIFT_1-04,True
UNIT-000345,FA-07,22020.0,OP-SHIFT_1-04,True
UNIT-000345,FA-08,22080.0,OP-SHIFT_1-04,True
UNIT-000346,PT-05,21600.0,OP-SHIFT_1-05,True
UNIT-000346,FA-05,21960.0,OP-SHIFT_1-05,True
UNIT-000346,FA-06,22020.0,OP-SHIFT_1-05,True
UNIT-000346,FA-07,22080.0,OP-SHIFT_1-05,True
UNIT-000346,FA-08,22140.0,OP-SHIFT_1-05,True
UNIT-000347,PT-05,21660.0,OP-SHIFT_1-06,True
UNIT-000347,FA-05,22020.0,OP-SHIFT_1-06,True
UNIT-000347,FA-06,22080.0,OP-SHIFT_1-06,True
UNIT-000347,FA-07,22140.0,OP-SHIFT_1-06,True
UNIT-000347,FA-08,22200.0,OP-SHIFT_1-06,True
UNIT-000348,PT-05,21720.0,OP-SHIFT_1-01,True
UNIT-000348,FA-05,22080.0,OP-SHIFT_1-01,True
UNIT-000348,FA-06,22140.0,OP-SHIFT_1-01,True
UNIT-000348,FA-07,22200.0,OP-SHIFT_1-01,True
UNIT-000348,FA-08,22260.0,OP-SHIFT_1-01,True
UNIT-000349,PT-05,21780.0,OP-SHIFT_1-02,True
UNIT-000349,FA-05,22140.0,OP-SHIFT_1-02,True
UNIT-000349,FA-06,22200.0,OP-SHIFT_1-02,True
UNIT-000349,FA-07,22260.0,OP-SHIFT_1-02,True
UNIT-000349,FA-08,22320.0,OP-SHIFT_1-02,True
UNIT-000350,PT-05,21840.0,OP-SHIFT_1-03,True
UNIT-000350,FA-05,22200.0,OP-SHIFT_1-03,True
UNIT-000350,FA-06,22260.0,OP-SHIFT_1-03,True
UNIT-000350,FA-07,22320.0,OP-SHIFT_1-03,True
UNIT-000350,FA-08,22380.0,OP-SHIFT_1-03,True
UNIT-000351,PT-05,21900.0,OP-SHIFT_1-04,True
UNIT-000351,FA-05,22260.0,OP-SHIFT_1-04,True
UNIT-000351,FA-06,22320.0,OP-SHIFT_1-04,True
UNIT-000351,FA-07,22380.0,OP-SHIFT_1-04,True
UNIT-000351,FA-08,22440.0,OP-SHIFT_1-04,True
UNIT-000352,PT-05,21960.0,OP-SHIFT_1-05,True
UNIT-000352,FA-05,22320.0,OP-SHIFT_1-05,True
UNIT-000352,FA-06,22380.0,OP-SHIFT_1-05,True
UNIT-000352,FA-07,22440.0,OP-SHIFT_1-05,True
UNIT-000352,FA-08,22500.0,OP-SHIFT_1-05,True
UNIT-000353,PT-05,22020.0,OP-SHIFT_1-06,True
UNIT-000353,FA-05,22380.0,OP-SHIFT_1-06,True
UNIT-000353,FA-06,22440.0,OP-SHIFT_1-06,True
UNIT-000353,FA-07,22500.0,OP-SHIFT_1-06,True
UNIT-000353,FA-08,22560.0,OP-SHIFT_1-06,True
UNIT-000354,PT-05,22080.0,OP-SHIFT_1-01,False
UNIT-000354,FA-05,22440.0,OP-SHIFT_1-01,True
UNIT-000354,FA-06,22500.0,OP-SHIFT_1-01,True
UNIT-000354,FA-07,22560.0,OP-SHIFT_1-01,True
UNIT-000354,FA-08,22620.0,OP-SHIFT_1-01,True
UNIT-000355,PT-05,22140.0,OP-SHIFT_1-02,True
UNIT-000355,FA-05,22500.0,OP-SHIFT_1-02,True
UNIT-000355,FA-06,22560.0,OP-SHIFT_1-02,True
UNIT-000355,FA-07,22620.0,OP-SHIFT_1-02,True
UNIT-000355,FA-08,22680.0,OP-SHIFT_1-02,True
UNIT-000356,PT-05,22200.0,OP-SHIFT_1-03,True
UNIT-000356,FA-05,22560.0,OP-SHIFT_1-03,True
UNIT-000356,FA-06,22620.0,OP-SHIFT_1-03,True
UNIT-000356,FA-07,22680.0,OP-SHIFT_1-03,True
UNIT-000356,FA-08,22740.0,OP-SHIFT_1-03,True
UNIT-000357,PT-05,22260.0,OP-SHIFT_1-04,True
UNIT-000357,FA-05,22620.0,OP-SHIFT_1-04,True
UNIT-000357,FA-06,22680.0,OP-SHIFT_1-04,True
UNIT-000357,FA-07,22740.0,OP-SHIFT_1-04,True
UNIT-000357,FA-08,22800.0,OP-SHIFT_1-04,True
UNIT-000358,PT-05,22320.0,OP-SHIFT_1-05,True
UNIT-000358,FA-05,22680.0,OP-SHIFT_1-05,True
UNIT-000358,FA-06,22740.0,OP-SHIFT_1-05,True
UNIT-000358,FA-07,22800.0,OP-SHIFT_1-05,True
UNIT-000358,FA-08,22860.0,OP-SHIFT_1-05,True
UNIT-000359,PT-05,22380.0,OP-SHIFT_1-06,True
UNIT-000359,FA-05,22740.0,OP-SHIFT_1-06,True
UNIT-000359,FA-06,22800.0,OP-SHIFT_1-06,True
UNIT-000359,FA-07,22860.0,OP-SHIFT_1-06,True
UNIT-000359,FA-08,22920.0,OP-SHIFT_1-06,True
UNIT-000360,PT-05,22440.0,OP-SHIFT_1-01,True
UNIT-000360,FA-05,22800.0,OP-SHIFT_1-01,True
UNIT-000360,FA-06,22860.0,OP-SHIFT_1-01,True
UNIT-000360,FA-07,22920.0,OP-SHIFT_1-01,True
UNIT-000360,FA-08,22980.0,OP-SHIFT_1-01,True
UNIT-000361,PT-05,22500.0,OP-SHIFT_1-02,True
UNIT-000361,FA-05,22860.0,OP-SHIFT_1-02,True
UNIT-000361,FA-06,22920.0,OP-SHIFT_1-02,True
UNIT-000361,FA-07,22980.0,OP-SHIFT_1-02,True
UNIT-000361,FA-08,23040.0,OP-SHIFT_1-02,True
UNIT-000362,PT-05,22560.0,OP-SHIFT_1-03,False
UNIT-000362,FA-05,22920.0,OP-SHIFT_1-03,True
UNIT-000362,FA-06,22980.0,OP-SHIFT_1-03,True
UNIT-000362,FA-07,23040.0,OP-SHIFT_1-03,True
UNIT-000362,FA-08,23100.0,OP-SHIFT_1-03,True
UNIT-000363,PT-05,22620.0,OP-SHIFT_1-04,True
UNIT-000363,FA-05,22980.0,OP-SHIFT_1-04,True
UNIT-000363,FA-06,23040.0,OP-SHIFT_1-04,True
UNIT-000363,FA-07,23100.0,OP-SHIFT_1-04,True
UNIT-000363,FA-08,23160.0,OP-SHIFT_1-04,True
UNIT-000364,PT-05,22680.0,OP-SHIFT_1-05,True
UNIT-000364,FA-05,23040.0,OP-SHIFT_1-05,True
UNIT-000364,FA-06,23100.0,OP-SHIFT_1-05,True
UNIT-000364,FA-07,23160.0,OP-SHIFT_1-05,True
UNIT-000364,FA-08,23220.0,OP-SHIFT_1-05,True
UNIT-000365,PT-05,22740.0,OP-SHIFT_1-06,True
UNIT-000365,FA-05,23100.0,OP-SHIFT_1-06,True
UNIT-000365,FA-06,23160.0,OP-SHIFT_1-06,True
UNIT-000365,FA-07,23220.0,OP-SHIFT_1-06,True
UNIT-000365,FA-08,23280.0,OP-SHIFT_1-06,True
UNIT-000366,PT-05,22800.0,OP-SHIFT_1-01,True
UNIT-000366,FA-05,23160.0,OP-SHIFT_1-01,True
UNIT-000366,FA-06,23220.0,OP-SHIFT_1-01,True
UNIT-000366,FA-07,23280.0,OP-SHIFT_1-01,True
UNIT-000366,FA-08,23340.0,OP-SHIFT_1-01,True
UNIT-000367,PT-05,22860.0,OP-SHIFT_1-02,True
UNIT-000367,FA-05,23220.0,OP-SHIFT_1-02,True
UNIT-000367,FA-06,23280.0,OP-SHIFT_1-02,True
UNIT-000367,FA-07,23340.0,OP-SHIFT_1-02,True
UNIT-000367,FA-08,23400.0,OP-SHIFT_1-02,True
UNIT-000368,PT-05,22920.0,OP-SHIFT_1-03,True
UNIT-000368,FA-05,23280.0,OP-SHIFT_1-03,True
UNIT-000368,FA-06,23340.0,OP-SHIFT_1-03,True
UNIT-000368,FA-07,23400.0,OP-SHIFT_1-03,True
UNIT-000368,FA-08,23460.0,OP-SHIFT_1-03,True
UNIT-000369,PT-05,22980.0,OP-SHIFT_1-04,True
UNIT-000369,FA-05,23340.0,OP-SHIFT_1-04,True
UNIT-000369,FA-06,23400.0,OP-SHIFT_1-04,True
UNIT-000369,FA-07,23460.0,OP-SHIFT_1-04,True
UNIT-000369,FA-08,23520.0,OP-SHIFT_1-04,True
UNIT-000370,PT-05,23040.0,OP-SHIFT_1-05,True
UNIT-000370,FA-05,23400.0,OP-SHIFT_1-05,True
UNIT-000370,FA-06,23460.0,OP-SHIFT_1-05,True
UNIT-000370,FA-07,23520.0,OP-SHIFT_1-05,True
UNIT-000370,FA-08,23580.0,OP-SHIFT_1-05,False
UNIT-000371,PT-05,23100.0,OP-SHIFT_1-06,False
UNIT-000371,FA-05,23460.0,OP-SHIFT_1-06,True
UNIT-000371,FA-06,23520.0,OP-SHIFT_1-06,True
UNIT-000371,FA-07,23580.0,OP-SHIFT_1-06,True
UNIT-000371,FA-08,23640.0,OP-SHIFT_1-06,True
UNIT-000372,PT-05,23160.0,OP-SHIFT_1-01,True
UNIT-000372,FA-05,23520.0,OP-SHIFT_1-01,True
UNIT-000372,FA-06,23580.0,OP-SHIFT_1-01,True
UNIT-000372,FA-07,23640.0,OP-SHIFT_1-01,True
UNIT-000372,FA-08,23700.0,OP-SHIFT_1-01,True
UNIT-000373,PT-05,23220.0,OP-SHIFT_1-02,True
UNIT-000373,FA-05,23580.0,OP-SHIFT_1-02,True
UNIT-000373,FA-06,23640.0,OP-SHIFT_1-02,True
UNIT-000373,FA-07,23700.0,OP-SHIFT_1-02,True
UNIT-000373,FA-08,23760.0,OP-SHIFT_1-02,True
UNIT-000374,PT-05,23280.0,OP-SHIFT_1-03,True
UNIT-000374,FA-05,23640.0,OP-SHIFT_1-03,True
UNIT-000374,FA-06,23700.0,OP-SHIFT_1-03,True
UNIT-000374,FA-07,23760.0,OP-SHIFT_1-03,True
UNIT-000374,FA-08,23820.0,OP-SHIFT_1-03,True
UNIT-000375,PT-05,23340.0,OP-SHIFT_1-04,True
UNIT-000375,FA-05,23700.0,OP-SHIFT_1-04,True
UNIT-000375,FA-06,23760.0,OP-SHIFT_1-04,True
UNIT-000375,FA-07,23820.0,OP-SHIFT_1-04,True
UNIT-000375,FA-08,23880.0,OP-SHIFT_1-04,True
UNIT-000376,PT-05,23400.0,OP-SHIFT_1-05,True
UNIT-000376,FA-05,23760.0,OP-SHIFT_1-05,True
UNIT-000376,FA-06,23820.0,OP-SHIFT_1-05,True
UNIT-000376,FA-07,23880.0,OP-SHIFT_1-05,True
UNIT-000376,FA-08,23940.0,OP-SHIFT_1-05,True
UNIT-000377,PT-05,23460.0,OP-SHIFT_1-06,True
UNIT-000377,FA-05,23820.0,OP-SHIFT_1-06,True
UNIT-000377,FA-06,23880.0,OP-SHIFT_1-06,True
UNIT-000377,FA-07,23940.0,OP-SHIFT_1-06,True
UNIT-000377,FA-08,24000.0,OP-SHIFT_1-06,True
UNIT-000378,PT-05,23520.0,OP-SHIFT_1-01,True
UNIT-000378,FA-05,23880.0,OP-SHIFT_1-01,True
UNIT-000378,FA-06,23940.0,OP-SHIFT_1-01,True
UNIT-000378,FA-07,24000.0,OP-SHIFT_1-01,True
UNIT-000378,FA-08,24060.0,OP-SHIFT_1-01,True
UNIT-000379,PT-05,23580.0,OP-SHIFT_1-02,True
UNIT-000379,FA-05,23940.0,OP-SHIFT_1-02,True
UNIT-000379,FA-06,24000.0,OP-SHIFT_1-02,True
UNIT-000379,FA-07,24060.0,OP-SHIFT_1-02,True
UNIT-000379,FA-08,24120.0,OP-SHIFT_1-02,True
UNIT-000380,PT-05,23640.0,OP-SHIFT_1-03,True
UNIT-000380,FA-05,24000.0,OP-SHIFT_1-03,True
UNIT-000380,FA-06,24060.0,OP-SHIFT_1-03,True
UNIT-000380,FA-07,24120.0,OP-SHIFT_1-03,True
UNIT-000380,FA-08,24180.0,OP-SHIFT_1-03,True
UNIT-000381,PT-05,23700.0,OP-SHIFT_1-04,True
UNIT-000381,FA-05,24060.0,OP-SHIFT_1-04,True
UNIT-000381,FA-06,24120.0,OP-SHIFT_1-04,True
UNIT-000381,FA-07,24180.0,OP-SHIFT_1-04,True
UNIT-000381,FA-08,24240.0,OP-SHIFT_1-04,True
UNIT-000382,PT-05,23760.0,OP-SHIFT_1-05,True
UNIT-000382,FA-05,24120.0,OP-SHIFT_1-05,True
UNIT-000382,FA-06,24180.0,OP-SHIFT_1-05,True
UNIT-000382,FA-07,24240.0,OP-SHIFT_1-05,True
UNIT-000382,FA-08,24300.0,OP-SHIFT_1-05,True
UNIT-000383,PT-05,23820.0,OP-SHIFT_1-06,True
UNIT-000383,FA-05,24180.0,OP-SHIFT_1-06,True
UNIT-000383,FA-06,24240.0,OP-SHIFT_1-06,True
UNIT-000383,FA-07,24300.0,OP-SHIFT_1-06,True
UNIT-000383,FA-08,24360.0,OP-SHIFT_1-06,True
UNIT-000384,PT-05,23880.0,OP-SHIFT_1-01,True
UNIT-000384,FA-05,24240.0,OP-SHIFT_1-01,True
UNIT-000384,FA-06,24300.0,OP-SHIFT_1-01,True
UNIT-000384,FA-07,24360.0,OP-SHIFT_1-01,True
UNIT-000384,FA-08,24420.0,OP-SHIFT_1-01,True
UNIT-000385,PT-05,23940.0,OP-SHIFT_1-02,True
UNIT-000385,FA-05,24300.0,OP-SHIFT_1-02,True
UNIT-000385,FA-06,24360.0,OP-SHIFT_1-02,True
UNIT-000385,FA-07,24420.0,OP-SHIFT_1-02,True
UNIT-000385,FA-08,24480.0,OP-SHIFT_1-02,True
UNIT-000386,PT-05,24000.0,OP-SHIFT_1-03,True
UNIT-000386,FA-05,24360.0,OP-SHIFT_1-03,True
UNIT-000386,FA-06,24420.0,OP-SHIFT_1-03,True
UNIT-000386,FA-07,24480.0,OP-SHIFT_1-03,True
UNIT-000386,FA-08,24540.0,OP-SHIFT_1-03,True
UNIT-000387,PT-05,24060.0,OP-SHIFT_1-04,True
UNIT-000387,FA-05,24420.0,OP-SHIFT_1-04,True
UNIT-000387,FA-06,24480.0,OP-SHIFT_1-04,True
UNIT-000387,FA-07,24540.0,OP-SHIFT_1-04,True
UNIT-000387,FA-08,24600.0,OP-SHIFT_1-04,True
UNIT-000388,PT-05,24120.0,OP-SHIFT_1-05,True
UNIT-000388,FA-05,24480.0,OP-SHIFT_1-05,True
UNIT-000388,FA-06,24540.0,OP-SHIFT_1-05,True
UNIT-000388,FA-07,24600.0,OP-SHIFT_1-05,True
UNIT-000388,FA-08,24660.0,OP-SHIFT_1-05,True
UNIT-000389,PT-05,24180.0,OP-SHIFT_1-06,True
UNIT-000389,FA-05,24540.0,OP-SHIFT_1-06,True
UNIT-000389,FA-06,24600.0,OP-SHIFT_1-06,True
UNIT-000389,FA-07,24660.0,OP-SHIFT_1-06,True
UNIT-000389,FA-08,24720.0,OP-SHIFT_1-06,True
UNIT-000390,PT-05,24240.0,OP-SHIFT_1-01,True
UNIT-000390,FA-05,24600.0,OP-SHIFT_1-01,True
UNIT-000390,FA-06,24660.0,OP-SHIFT_1-01,True
UNIT-000390,FA-07,24720.0,OP-SHIFT_1-01,True
UNIT-000390,FA-08,24780.0,OP-SHIFT_1-01,True
UNIT-000391,PT-05,24300.0,OP-SHIFT_1-02,True
UNIT-000391,FA-05,24660.0,OP-SHIFT_1-02,True
UNIT-000391,FA-06,24720.0,OP-SHIFT_1-02,True
UNIT-000391,FA-07,24780.0,OP-SHIFT_1-02,True
UNIT-000391,FA-08,24840.0,OP-SHIFT_1-02,True
UNIT-000392,PT-05,24360.0,OP-SHIFT_1-03,True
UNIT-000392,FA-05,24720.0,OP-SHIFT_1-03,True
UNIT-000392,FA-06,24780.0,OP-SHIFT_1-03,True
UNIT-000392,FA-07,24840.0,OP-SHIFT_1-03,True
UNIT-000392,FA-08,24900.0,OP-SHIFT_1-03,True
UNIT-000393,PT-05,24420.0,OP-SHIFT_1-04,True
UNIT-000393,FA-05,24780.0,OP-SHIFT_1-04,True
UNIT-000393,FA-06,24840.0,OP-SHIFT_1-04,True
UNIT-000393,FA-07,24900.0,OP-SHIFT_1-04,True
UNIT-000393,FA-08,24960.0,OP-SHIFT_1-04,True
UNIT-000394,PT-05,24480.0,OP-SHIFT_1-05,True
UNIT-000394,FA-05,24840.0,OP-SHIFT_1-05,True
UNIT-000394,FA-06,24900.0,OP-SHIFT_1-05,True
UNIT-000394,FA-07,24960.0,OP-SHIFT_1-05,True
UNIT-000394,FA-08,25020.0,OP-SHIFT_1-05,True
UNIT-000395,PT-05,24540.0,OP-SHIFT_1-06,True
UNIT-000395,FA-05,24900.0,OP-SHIFT_1-06,True
UNIT-000395,FA-06,24960.0,OP-SHIFT_1-06,True
UNIT-000395,FA-07,25020.0,OP-SHIFT_1-06,True
UNIT-000395,FA-08,25080.0,OP-SHIFT_1-06,True
UNIT-000396,PT-05,24600.0,OP-SHIFT_1-01,True
UNIT-000396,FA-05,24960.0,OP-SHIFT_1-01,True
UNIT-000396,FA-06,25020.0,OP-SHIFT_1-01,True
UNIT-000396,FA-07,25080.0,OP-SHIFT_1-01,True
UNIT-000396,FA-08,25140.0,OP-SHIFT_1-01,True
UNIT-000397,PT-05,24660.0,OP-SHIFT_1-02,True
UNIT-000397,FA-05,25020.0,OP-SHIFT_1-02,True
UNIT-000397,FA-06,25080.0,OP-SHIFT_1-02,True
UNIT-000397,FA-07,25140.0,OP-SHIFT_1-02,True
UNIT-000397,FA-08,25200.0,OP-SHIFT_1-02,True
UNIT-000398,PT-05,24720.0,OP-SHIFT_1-03,True
UNIT-000398,FA-05,25080.0,OP-SHIFT_1-03,True
UNIT-000398,FA-06,25140.0,OP-SHIFT_1-03,True
UNIT-000398,FA-07,25200.0,OP-SHIFT_1-03,True
UNIT-000398,FA-08,25260.0,OP-SHIFT_1-03,True
UNIT-000399,PT-05,24780.0,OP-SHIFT_1-04,True
UNIT-000399,FA-05,25140.0,OP-SHIFT_1-04,True
UNIT-000399,FA-06,25200.0,OP-SHIFT_1-04,True
UNIT-000399,FA-07,25260.0,OP-SHIFT_1-04,True
UNIT-000399,FA-08,25320.0,OP-SHIFT_1-04,True
UNIT-000400,PT-05,24840.0,OP-SHIFT_1-05,True
UNIT-000400,FA-05,25200.0,OP-SHIFT_1-05,True
UNIT-000400,FA-06,25260.0,OP-SHIFT_1-05,True
UNIT-000400,FA-07,25320.0,OP-SHIFT_1-05,True
UNIT-000400,FA-08,25380.0,OP-SHIFT_1-05,True
UNIT-000401,PT-05,24900.0,OP-SHIFT_1-06,True
UNIT-000401,FA-05,25260.0,OP-SHIFT_1-06,True
UNIT-000401,FA-06,25320.0,OP-SHIFT_1-06,True
UNIT-000401,FA-07,25380.0,OP-SHIFT_1-06,True
UNIT-000401,FA-08,25440.0,OP-SHIFT_1-06,True
UNIT-000402,PT-05,24960.0,OP-SHIFT_1-01,True
UNIT-000402,FA-05,25320.0,OP-SHIFT_1-01,True
UNIT-000402,FA-06,25380.0,OP-SHIFT_1-01,True
UNIT-000402,FA-07,25440.0,OP-SHIFT_1-01,True
UNIT-000402,FA-08,25500.0,OP-SHIFT_1-01,True
UNIT-000403,PT-05,25020.0,OP-SHIFT_1-02,True
UNIT-000403,FA-05,25380.0,OP-SHIFT_1-02,True
UNIT-000403,FA-06,25440.0,OP-SHIFT_1-02,True
UNIT-000403,FA-07,25500.0,OP-SHIFT_1-02,True
UNIT-000403,FA-08,25560.0,OP-SHIFT_1-02,True
UNIT-000404,PT-05,25080.0,OP-SHIFT_1-03,True
UNIT-000404,FA-05,25440.0,OP-SHIFT_1-03,True
UNIT-000404,FA-06,25500.0,OP-SHIFT_1-03,True
UNIT-000404,FA-07,25560.0,OP-SHIFT_1-03,True
UNIT-000404,FA-08,25620.0,OP-SHIFT_1-03,True
UNIT-000405,PT-05,25140.0,OP-SHIFT_1-04,True
UNIT-000405,FA-05,25500.0,OP-SHIFT_1-04,True
UNIT-000405,FA-06,25560.0,OP-SHIFT_1-04,True
UNIT-000405,FA-07,25620.0,OP-SHIFT_1-04,True
UNIT-000405,FA-08,25680.0,OP-SHIFT_1-04,True
UNIT-000406,PT-05,25200.0,OP-SHIFT_1-05,True
UNIT-000406,FA-05,25560.0,OP-SHIFT_1-05,True
UNIT-000406,FA-06,25620.0,OP-SHIFT_1-05,True
UNIT-000406,FA-07,25680.0,OP-SHIFT_1-05,True
UNIT-000406,FA-08,25740.0,OP-SHIFT_1-05,True
UNIT-000407,PT-05,25260.0,OP-SHIFT_1-06,True
UNIT-000407,FA-05,25620.0,OP-SHIFT_1-06,True
UNIT-000407,FA-06,25680.0,OP-SHIFT_1-06,True
UNIT-000407,FA-07,25740.0,OP-SHIFT_1-06,True
UNIT-000407,FA-08,25800.0,OP-SHIFT_1-06,True
UNIT-000408,PT-05,25320.0,OP-SHIFT_1-01,True
UNIT-000408,FA-05,25680.0,OP-SHIFT_1-01,True
UNIT-000408,FA-06,25740.0,OP-SHIFT_1-01,True
UNIT-000408,FA-07,25800.0,OP-SHIFT_1-01,True
UNIT-000408,FA-08,25860.0,OP-SHIFT_1-01,True
UNIT-000409,PT-05,25380.0,OP-SHIFT_1-02,True
UNIT-000409,FA-05,25740.0,OP-SHIFT_1-02,True
UNIT-000409,FA-06,25800.0,OP-SHIFT_1-02,True
UNIT-000409,FA-07,25860.0,OP-SHIFT_1-02,True
UNIT-000409,FA-08,25920.0,OP-SHIFT_1-02,True
UNIT-000410,PT-05,25440.0,OP-SHIFT_1-03,True
UNIT-000410,FA-05,25800.0,OP-SHIFT_1-03,True
UNIT-000410,FA-06,25860.0,OP-SHIFT_1-03,True
UNIT-000410,FA-07,25920.0,OP-SHIFT_1-03,True
UNIT-000410,FA-08,25980.0,OP-SHIFT_1-03,True
UNIT-000411,PT-05,25500.0,OP-SHIFT_1-04,True
UNIT-000411,FA-05,25860.0,OP-SHIFT_1-04,True
UNIT-000411,FA-06,25920.0,OP-SHIFT_1-04,True
UNIT-000411,FA-07,25980.0,OP-SHIFT_1-04,True
UNIT-000411,FA-08,26040.0,OP-SHIFT_1-04,True
UNIT-000412,PT-05,25560.0,OP-SHIFT_1-05,True
UNIT-000412,FA-05,25920.0,OP-SHIFT_1-05,True
UNIT-000412,FA-06,25980.0,OP-SHIFT_1-05,True
UNIT-000412,FA-07,26040.0,OP-SHIFT_1-05,True
UNIT-000412,FA-08,26100.0,OP-SHIFT_1-05,True
UNIT-000413,PT-05,25620.0,OP-SHIFT_1-06,True
UNIT-000413,FA-05,25980.0,OP-SHIFT_1-06,True
UNIT-000413,FA-06,26040.0,OP-SHIFT_1-06,True
UNIT-000413,FA-07,26100.0,OP-SHIFT_1-06,True
UNIT-000413,FA-08,26160.0,OP-SHIFT_1-06,True
UNIT-000414,PT-05,25680.0,OP-SHIFT_1-01,True
UNIT-000414,FA-05,26040.0,OP-SHIFT_1-01,True
UNIT-000414,FA-06,26100.0,OP-SHIFT_1-01,True
UNIT-000414,FA-07,26160.0,OP-SHIFT_1-01,True
UNIT-000414,FA-08,26220.0,OP-SHIFT_1-01,True
UNIT-000415,PT-05,25740.0,OP-SHIFT_1-02,True
UNIT-000415,FA-05,26100.0,OP-SHIFT_1-02,True
UNIT-000415,FA-06,26160.0,OP-SHIFT_1-02,True
UNIT-000415,FA-07,26220.0,OP-SHIFT_1-02,True
UNIT-000415,FA-08,26280.0,OP-SHIFT_1-02,True
UNIT-000416,PT-05,25800.0,OP-SHIFT_1-03,True
UNIT-000416,FA-05,26160.0,OP-SHIFT_1-03,True
UNIT-000416,FA-06,26220.0,OP-SHIFT_1-03,True
UNIT-000416,FA-07,26280.0,OP-SHIFT_1-03,True
UNIT-000416,FA-08,26340.0,OP-SHIFT_1-03,True
UNIT-000417,PT-05,25860.0,OP-SHIFT_1-04,True
UNIT-000417,FA-05,26220.0,OP-SHIFT_1-04,True
UNIT-000417,FA-06,26280.0,OP-SHIFT_1-04,True
UNIT-000417,FA-07,26340.0,OP-SHIFT_1-04,True
UNIT-000417,FA-08,26400.0,OP-SHIFT_1-04,True
UNIT-000418,PT-05,25920.0,OP-SHIFT_1-05,True
UNIT-000418,FA-05,26280.0,OP-SHIFT_1-05,True
UNIT-000418,FA-06,26340.0,OP-SHIFT_1-05,True
UNIT-000418,FA-07,26400.0,OP-SHIFT_1-05,True
UNIT-000418,FA-08,26460.0,OP-SHIFT_1-05,True
UNIT-000419,PT-05,25980.0,OP-SHIFT_1-06,True
UNIT-000419,FA-05,26340.0,OP-SHIFT_1-06,True
UNIT-000419,FA-06,26400.0,OP-SHIFT_1-06,True
UNIT-000419,FA-07,26460.0,OP-SHIFT_1-06,True
UNIT-000419,FA-08,26520.0,OP-SHIFT_1-06,True
UNIT-000420,PT-05,26040.0,OP-SHIFT_1-01,True
UNIT-000420,FA-05,26400.0,OP-SHIFT_1-01,True
UNIT-000420,FA-06,26460.0,OP-SHIFT_1-01,True
UNIT-000420,FA-07,26520.0,OP-SHIFT_1-01,True
UNIT-000420,FA-08,26580.0,OP-SHIFT_1-01,True
UNIT-000421,PT-05,26100.0,OP-SHIFT_1-02,True
UNIT-000421,FA-05,26460.0,OP-SHIFT_1-02,True
UNIT-000421,FA-06,26520.0,OP-SHIFT_1-02,True
UNIT-000421,FA-07,26580.0,OP-SHIFT_1-02,True
UNIT-000421,FA-08,26640.0,OP-SHIFT_1-02,True
UNIT-000422,PT-05,26160.0,OP-SHIFT_1-03,True
UNIT-000422,FA-05,26520.0,OP-SHIFT_1-03,True
UNIT-000422,FA-06,26580.0,OP-SHIFT_1-03,True
UNIT-000422,FA-07,26640.0,OP-SHIFT_1-03,True
UNIT-000422,FA-08,26700.0,OP-SHIFT_1-03,True
UNIT-000423,PT-05,26220.0,OP-SHIFT_1-04,True
UNIT-000423,FA-05,26580.0,OP-SHIFT_1-04,True
UNIT-000423,FA-06,26640.0,OP-SHIFT_1-04,True
UNIT-000423,FA-07,26700.0,OP-SHIFT_1-04,True
UNIT-000423,FA-08,26760.0,OP-SHIFT_1-04,True
UNIT-000424,PT-05,26280.0,OP-SHIFT_1-05,True
UNIT-000424,FA-05,26640.0,OP-SHIFT_1-05,True
UNIT-000424,FA-06,26700.0,OP-SHIFT_1-05,True
UNIT-000424,FA-07,26760.0,OP-SHIFT_1-05,True
UNIT-000424,FA-08,26820.0,OP-SHIFT_1-05,True
UNIT-000425,PT-05,26340.0,OP-SHIFT_1-06,True
UNIT-000425,FA-05,26700.0,OP-SHIFT_1-06,True
UNIT-000425,FA-06,26760.0,OP-SHIFT_1-06,True
UNIT-000425,FA-07,26820.0,OP-SHIFT_1-06,True
UNIT-000425,FA-08,26880.0,OP-SHIFT_1-06,True
UNIT-000426,PT-05,26400.0,OP-SHIFT_1-01,True
UNIT-000426,FA-05,26760.0,OP-SHIFT_1-01,True
UNIT-000426,FA-06,26820.0,OP-SHIFT_1-01,True
UNIT-000426,FA-07,26880.0,OP-SHIFT_1-01,True
UNIT-000426,FA-08,26940.0,OP-SHIFT_1-01,True
UNIT-000427,PT-05,26460.0,OP-SHIFT_1-02,True
UNIT-000427,FA-05,26820.0,OP-SHIFT_1-02,True
UNIT-000427,FA-06,26880.0,OP-SHIFT_1-02,True
UNIT-000427,FA-07,26940.0,OP-SHIFT_1-02,True
UNIT-000427,FA-08,27000.0,OP-SHIFT_1-02,True
UNIT-000428,PT-05,26520.0,OP-SHIFT_1-03,True
UNIT-000428,FA-05,26880.0,OP-SHIFT_1-03,True
UNIT-000428,FA-06,26940.0,OP-SHIFT_1-03,True
UNIT-000428,FA-07,27000.0,OP-SHIFT_1-03,True
UNIT-000428,FA-08,27060.0,OP-SHIFT_1-03,True
UNIT-000429,PT-05,26580.0,OP-SHIFT_1-04,True
UNIT-000429,FA-05,26940.0,OP-SHIFT_1-04,True
UNIT-000429,FA-06,27000.0,OP-SHIFT_1-04,True
UNIT-000429,FA-07,27060.0,OP-SHIFT_1-04,True
UNIT-000429,FA-08,27120.0,OP-SHIFT_1-04,True
UNIT-000430,PT-05,26640.0,OP-SHIFT_1-05,True
UNIT-000430,FA-05,27000.0,OP-SHIFT_1-05,True
UNIT-000430,FA-06,27060.0,OP-SHIFT_1-05,True
UNIT-000430,FA-07,27120.0,OP-SHIFT_1-05,True
UNIT-000430,FA-08,27180.0,OP-SHIFT_1-05,True
UNIT-000431,PT-05,26700.0,OP-SHIFT_1-06,True
UNIT-000431,FA-05,27060.0,OP-SHIFT_1-06,True
UNIT-000431,FA-06,27120.0,OP-SHIFT_1-06,True
UNIT-000431,FA-07,27180.0,OP-SHIFT_1-06,True
UNIT-000431,FA-08,27240.0,OP-SHIFT_1-06,True
UNIT-000432,PT-05,26760.0,OP-SHIFT_1-01,True
UNIT-000432,FA-05,27120.0,OP-SHIFT_1-01,True
UNIT-000432,FA-06,27180.0,OP-SHIFT_1-01,True
UNIT-000432,FA-07,27240.0,OP-SHIFT_1-01,True
UNIT-000432,FA-08,27300.0,OP-SHIFT_1-01,True
UNIT-000433,PT-05,26820.0,OP-SHIFT_1-02,True
UNIT-000433,FA-05,27180.0,OP-SHIFT_1-02,True
UNIT-000433,FA-06,27240.0,OP-SHIFT_1-02,True
UNIT-000433,FA-07,27300.0,OP-SHIFT_1-02,True
UNIT-000433,FA-08,27360.0,OP-SHIFT_1-02,True
UNIT-000434,PT-05,26880.0,OP-SHIFT_1-03,True
UNIT-000434,FA-05,27240.0,OP-SHIFT_1-03,True
UNIT-000434,FA-06,27300.0,OP-SHIFT_1-03,True
UNIT-000434,FA-07,27360.0,OP-SHIFT_1-03,True
UNIT-000434,FA-08,27420.0,OP-SHIFT_1-03,True
UNIT-000435,PT-05,26940.0,OP-SHIFT_1-04,True
UNIT-000435,FA-05,27300.0,OP-SHIFT_1-04,True
UNIT-000435,FA-06,27360.0,OP-SHIFT_1-04,True
UNIT-000435,FA-07,27420.0,OP-SHIFT_1-04,True
UNIT-000435,FA-08,27480.0,OP-SHIFT_1-04,True
UNIT-000436,PT-05,27000.0,OP-SHIFT_1-05,True
UNIT-000436,FA-05,27360.0,OP-SHIFT_1-05,True
UNIT-000436,FA-06,27420.0,OP-SHIFT_1-05,True
UNIT-000436,FA-07,27480.0,OP-SHIFT_1-05,True
UNIT-000436,FA-08,27540.0,OP-SHIFT_1-05,True
UNIT-000437,PT-05,27060.0,OP-SHIFT_1-06,True
UNIT-000437,FA-05,27420.0,OP-SHIFT_1-06,True
UNIT-000437,FA-06,27480.0,OP-SHIFT_1-06,True
UNIT-000437,FA-07,27540.0,OP-SHIFT_1-06,True
UNIT-000437,FA-08,27600.0,OP-SHIFT_1-06,True
UNIT-000438,PT-05,27120.0,OP-SHIFT_1-01,True
UNIT-000438,FA-05,27480.0,OP-SHIFT_1-01,True
UNIT-000438,FA-06,27540.0,OP-SHIFT_1-01,True
UNIT-000438,FA-07,27600.0,OP-SHIFT_1-01,True
UNIT-000438,FA-08,27660.0,OP-SHIFT_1-01,True
UNIT-000439,PT-05,27180.0,OP-SHIFT_1-02,True
UNIT-000439,FA-05,27540.0,OP-SHIFT_1-02,True
UNIT-000439,FA-06,27600.0,OP-SHIFT_1-02,True
UNIT-000439,FA-07,27660.0,OP-SHIFT_1-02,True
UNIT-000439,FA-08,27720.0,OP-SHIFT_1-02,True
UNIT-000440,PT-05,27240.0,OP-SHIFT_1-03,True
UNIT-000440,FA-05,27600.0,OP-SHIFT_1-03,True
UNIT-000440,FA-06,27660.0,OP-SHIFT_1-03,True
UNIT-000440,FA-07,27720.0,OP-SHIFT_1-03,True
UNIT-000440,FA-08,27780.0,OP-SHIFT_1-03,True
UNIT-000441,PT-05,27300.0,OP-SHIFT_1-04,True
UNIT-000441,FA-05,27660.0,OP-SHIFT_1-04,True
UNIT-000441,FA-06,27720.0,OP-SHIFT_1-04,True
UNIT-000441,FA-07,27780.0,OP-SHIFT_1-04,True
UNIT-000441,FA-08,27840.0,OP-SHIFT_1-04,True
UNIT-000442,PT-05,27360.0,OP-SHIFT_1-05,True
UNIT-000442,FA-05,27720.0,OP-SHIFT_1-05,True
UNIT-000442,FA-06,27780.0,OP-SHIFT_1-05,True
UNIT-000442,FA-07,27840.0,OP-SHIFT_1-05,True
UNIT-000442,FA-08,27900.0,OP-SHIFT_1-05,True
UNIT-000443,PT-05,27420.0,OP-SHIFT_1-06,True
UNIT-000443,FA-05,27780.0,OP-SHIFT_1-06,True
UNIT-000443,FA-06,27840.0,OP-SHIFT_1-06,True
UNIT-000443,FA-07,27900.0,OP-SHIFT_1-06,True
UNIT-000443,FA-08,27960.0,OP-SHIFT_1-06,True
UNIT-000444,PT-05,27480.0,OP-SHIFT_1-01,True
UNIT-000444,FA-05,27840.0,OP-SHIFT_1-01,True
UNIT-000444,FA-06,27900.0,OP-SHIFT_1-01,True
UNIT-000444,FA-07,27960.0,OP-SHIFT_1-01,True
UNIT-000444,FA-08,28020.0,OP-SHIFT_1-01,True
UNIT-000445,PT-05,27540.0,OP-SHIFT_1-02,True
UNIT-000445,FA-05,27900.0,OP-SHIFT_1-02,True
UNIT-000445,FA-06,27960.0,OP-SHIFT_1-02,True
UNIT-000445,FA-07,28020.0,OP-SHIFT_1-02,True
UNIT-000445,FA-08,28080.0,OP-SHIFT_1-02,True
UNIT-000446,PT-05,27600.0,OP-SHIFT_1-03,True
UNIT-000446,FA-05,27960.0,OP-SHIFT_1-03,True
UNIT-000446,FA-06,28020.0,OP-SHIFT_1-03,True
UNIT-000446,FA-07,28080.0,OP-SHIFT_1-03,True
UNIT-000446,FA-08,28140.0,OP-SHIFT_1-03,True
UNIT-000447,PT-05,27660.0,OP-SHIFT_1-04,True
UNIT-000447,FA-05,28020.0,OP-SHIFT_1-04,True
UNIT-000447,FA-06,28080.0,OP-SHIFT_1-04,True
UNIT-000447,FA-07,28140.0,OP-SHIFT_1-04,True
UNIT-000447,FA-08,28200.0,OP-SHIFT_1-04,True
UNIT-000448,PT-05,27720.0,OP-SHIFT_1-05,True
UNIT-000448,FA-05,28080.0,OP-SHIFT_1-05,True
UNIT-000448,FA-06,28140.0,OP-SHIFT_1-05,True
UNIT-000448,FA-07,28200.0,OP-SHIFT_1-05,True
UNIT-000448,FA-08,28260.0,OP-SHIFT_1-05,True
UNIT-000449,PT-05,27780.0,OP-SHIFT_1-06,True
UNIT-000449,FA-05,28140.0,OP-SHIFT_1-06,True
UNIT-000449,FA-06,28200.0,OP-SHIFT_1-06,True
UNIT-000449,FA-07,28260.0,OP-SHIFT_1-06,True
UNIT-000449,FA-08,28320.0,OP-SHIFT_1-06,True
UNIT-000450,PT-05,27840.0,OP-SHIFT_1-01,True
UNIT-000450,FA-05,28200.0,OP-SHIFT_1-01,True
UNIT-000450,FA-06,28260.0,OP-SHIFT_1-01,True
UNIT-000450,FA-07,28320.0,OP-SHIFT_1-01,True
UNIT-000450,FA-08,28380.0,OP-SHIFT_1-01,True
UNIT-000451,PT-05,27900.0,OP-SHIFT_1-02,True
UNIT-000451,FA-05,28260.0,OP-SHIFT_1-02,True
UNIT-000451,FA-06,28320.0,OP-SHIFT_1-02,True
UNIT-000451,FA-07,28380.0,OP-SHIFT_1-02,True
UNIT-000451,FA-08,28440.0,OP-SHIFT_1-02,True
UNIT-000452,PT-05,27960.0,OP-SHIFT_1-03,False
UNIT-000452,FA-05,28320.0,OP-SHIFT_1-03,True
UNIT-000452,FA-06,28380.0,OP-SHIFT_1-03,True
UNIT-000452,FA-07,28440.0,OP-SHIFT_1-03,True
UNIT-000452,FA-08,28500.0,OP-SHIFT_1-03,True
UNIT-000453,PT-05,28020.0,OP-SHIFT_1-04,True
UNIT-000453,FA-05,28380.0,OP-SHIFT_1-04,True
UNIT-000453,FA-06,28440.0,OP-SHIFT_1-04,True
UNIT-000453,FA-07,28500.0,OP-SHIFT_1-04,True
UNIT-000453,FA-08,28560.0,OP-SHIFT_1-04,True
UNIT-000454,PT-05,28080.0,OP-SHIFT_1-05,True
UNIT-000454,FA-05,28440.0,OP-SHIFT_1-05,True
UNIT-000454,FA-06,28500.0,OP-SHIFT_1-05,True
UNIT-000454,FA-07,28560.0,OP-SHIFT_1-05,True
UNIT-000454,FA-08,28620.0,OP-SHIFT_1-05,True
UNIT-000455,PT-05,28140.0,OP-SHIFT_1-06,True
UNIT-000455,FA-05,28500.0,OP-SHIFT_1-06,True
UNIT-000455,FA-06,28560.0,OP-SHIFT_1-06,True
UNIT-000455,FA-07,28620.0,OP-SHIFT_1-06,True
UNIT-000455,FA-08,28680.0,OP-SHIFT_1-06,True
UNIT-000456,PT-05,28200.0,OP-SHIFT_1-01,True
UNIT-000456,FA-05,28560.0,OP-SHIFT_1-01,True
UNIT-000456,FA-06,28620.0,OP-SHIFT_1-01,True
UNIT-000456,FA-07,28680.0,OP-SHIFT_1-01,True
UNIT-000456,FA-08,28740.0,OP-SHIFT_1-01,True
UNIT-000457,PT-05,28260.0,OP-SHIFT_1-02,True
UNIT-000457,FA-05,28620.0,OP-SHIFT_1-02,True
UNIT-000457,FA-06,28680.0,OP-SHIFT_1-02,True
UNIT-000457,FA-07,28740.0,OP-SHIFT_1-02,True
UNIT-000457,FA-08,28800.0,OP-SHIFT_1-02,True
UNIT-000458,PT-05,28320.0,OP-SHIFT_1-03,True
UNIT-000458,FA-05,28680.0,OP-SHIFT_1-03,True
UNIT-000458,FA-06,28740.0,OP-SHIFT_1-03,True
UNIT-000458,FA-07,28800.0,OP-SHIFT_1-03,True
UNIT-000458,FA-08,28860.0,OP-SHIFT_1-03,True
UNIT-000459,PT-05,28380.0,OP-SHIFT_1-04,True
UNIT-000459,FA-05,28740.0,OP-SHIFT_1-04,True
UNIT-000459,FA-06,28800.0,OP-SHIFT_1-04,True
UNIT-000459,FA-07,28860.0,OP-SHIFT_1-04,True
UNIT-000459,FA-08,28920.0,OP-SHIFT_1-04,True
UNIT-000460,PT-05,28440.0,OP-SHIFT_1-05,True
UNIT-000460,FA-05,28800.0,OP-SHIFT_1-05,True
UNIT-000460,FA-06,28860.0,OP-SHIFT_1-05,True
UNIT-000460,FA-07,28920.0,OP-SHIFT_1-05,True
UNIT-000460,FA-08,28980.0,OP-SHIFT_1-05,True
UNIT-000461,PT-05,28500.0,OP-SHIFT_1-06,True
UNIT-000461,FA-05,28860.0,OP-SHIFT_1-06,True
UNIT-000461,FA-06,28920.0,OP-SHIFT_1-06,True
UNIT-000461,FA-07,28980.0,OP-SHIFT_1-06,True
UNIT-000461,FA-08,29040.0,OP-SHIFT_1-06,True
UNIT-000462,PT-05,28560.0,OP-SHIFT_1-01,True
UNIT-000462,FA-05,28920.0,OP-SHIFT_1-01,True
UNIT-000462,FA-06,28980.0,OP-SHIFT_1-01,True
UNIT-000462,FA-07,29040.0,OP-SHIFT_1-01,True
UNIT-000462,FA-08,29100.0,OP-SHIFT_1-01,True
UNIT-000463,PT-05,28620.0,OP-SHIFT_1-02,True
UNIT-000463,FA-05,28980.0,OP-SHIFT_1-02,True
UNIT-000463,FA-06,29040.0,OP-SHIFT_1-02,True
UNIT-000463,FA-07,29100.0,OP-SHIFT_1-02,True
UNIT-000463,FA-08,29160.0,OP-SHIFT_1-02,True
UNIT-000464,PT-05,28680.0,OP-SHIFT_1-03,True
UNIT-000464,FA-05,29040.0,OP-SHIFT_1-03,True
UNIT-000464,FA-06,29100.0,OP-SHIFT_1-03,True
UNIT-000464,FA-07,29160.0,OP-SHIFT_1-03,True
UNIT-000464,FA-08,29220.0,OP-SHIFT_1-03,True
UNIT-000465,PT-05,28740.0,OP-SHIFT_1-04,True
UNIT-000465,FA-05,29100.0,OP-SHIFT_1-04,True
UNIT-000465,FA-06,29160.0,OP-SHIFT_1-04,True
UNIT-000465,FA-07,29220.0,OP-SHIFT_1-04,True
UNIT-000465,FA-08,29280.0,OP-SHIFT_1-04,True
UNIT-000466,PT-05,28800.0,OP-SHIFT_1-05,True
UNIT-000466,FA-05,29160.0,OP-SHIFT_1-05,True
UNIT-000466,FA-06,29220.0,OP-SHIFT_1-05,True
UNIT-000466,FA-07,29280.0,OP-SHIFT_1-05,True
UNIT-000466,FA-08,29340.0,OP-SHIFT_1-05,True
UNIT-000467,PT-05,28860.0,OP-SHIFT_1-06,True
UNIT-000467,FA-05,29220.0,OP-SHIFT_1-06,True
UNIT-000467,FA-06,29280.0,OP-SHIFT_1-06,True
UNIT-000467,FA-07,29340.0,OP-SHIFT_1-06,True
UNIT-000467,FA-08,29400.0,OP-SHIFT_1-06,True
UNIT-000468,PT-05,28920.0,OP-SHIFT_1-01,True
UNIT-000468,FA-05,29280.0,OP-SHIFT_1-01,True
UNIT-000468,FA-06,29340.0,OP-SHIFT_1-01,True
UNIT-000468,FA-07,29400.0,OP-SHIFT_1-01,True
UNIT-000468,FA-08,29460.0,OP-SHIFT_1-01,True
UNIT-000469,PT-05,28980.0,OP-SHIFT_1-02,True
UNIT-000469,FA-05,29340.0,OP-SHIFT_1-02,True
UNIT-000469,FA-06,29400.0,OP-SHIFT_1-02,True
UNIT-000469,FA-07,29460.0,OP-SHIFT_1-02,True
UNIT-000469,FA-08,29520.0,OP-SHIFT_1-02,True
UNIT-000470,PT-05,29040.0,OP-SHIFT_1-03,True
UNIT-000470,FA-05,29400.0,OP-SHIFT_1-03,True
UNIT-000470,FA-06,29460.0,OP-SHIFT_1-03,True
UNIT-000470,FA-07,29520.0,OP-SHIFT_1-03,True
UNIT-000470,FA-08,29580.0,OP-SHIFT_1-03,True
UNIT-000471,PT-05,29100.0,OP-SHIFT_1-04,True
UNIT-000471,FA-05,29460.0,OP-SHIFT_1-04,True
UNIT-000471,FA-06,29520.0,OP-SHIFT_1-04,True
UNIT-000471,FA-07,29580.0,OP-SHIFT_1-04,True
UNIT-000471,FA-08,29640.0,OP-SHIFT_1-04,True
UNIT-000472,PT-05,29160.0,OP-SHIFT_1-05,True
UNIT-000472,FA-05,29520.0,OP-SHIFT_1-05,True
UNIT-000472,FA-06,29580.0,OP-SHIFT_1-05,True
UNIT-000472,FA-07,29640.0,OP-SHIFT_1-05,True
UNIT-000472,FA-08,29700.0,OP-SHIFT_1-05,True
UNIT-000473,PT-05,29220.0,OP-SHIFT_1-06,True
UNIT-000473,FA-05,29580.0,OP-SHIFT_1-06,True
UNIT-000473,FA-06,29640.0,OP-SHIFT_1-06,True
UNIT-000473,FA-07,29700.0,OP-SHIFT_1-06,True
UNIT-000473,FA-08,29760.0,OP-SHIFT_1-06,True
UNIT-000474,PT-05,29280.0,OP-SHIFT_1-01,True
UNIT-000474,FA-05,29640.0,OP-SHIFT_1-01,True
UNIT-000474,FA-06,29700.0,OP-SHIFT_1-01,True
UNIT-000474,FA-07,29760.0,OP-SHIFT_1-01,True
UNIT-000474,FA-08,29820.0,OP-SHIFT_1-01,True
UNIT-000475,PT-05,29340.0,OP-SHIFT_1-02,True
UNIT-000475,FA-05,29700.0,OP-SHIFT_1-02,True
UNIT-000475,FA-06,29760.0,OP-SHIFT_1-02,True
UNIT-000475,FA-07,29820.0,OP-SHIFT_1-02,True
UNIT-000475,FA-08,29880.0,OP-SHIFT_1-02,True
UNIT-000476,PT-05,29400.0,OP-SHIFT_1-03,True
UNIT-000476,FA-05,29760.0,OP-SHIFT_1-03,True
UNIT-000476,FA-06,29820.0,OP-SHIFT_1-03,True
UNIT-000476,FA-07,29880.0,OP-SHIFT_1-03,True
UNIT-000476,FA-08,29940.0,OP-SHIFT_1-03,True
UNIT-000477,PT-05,29460.0,OP-SHIFT_1-04,True
UNIT-000477,FA-05,29820.0,OP-SHIFT_1-04,True
UNIT-000477,FA-06,29880.0,OP-SHIFT_1-04,True
UNIT-000477,FA-07,29940.0,OP-SHIFT_1-04,True
UNIT-000477,FA-08,30000.0,OP-SHIFT_1-04,True
UNIT-000478,PT-05,29520.0,OP-SHIFT_1-05,True
UNIT-000478,FA-05,29880.0,OP-SHIFT_1-05,True
UNIT-000478,FA-06,29940.0,OP-SHIFT_1-05,True
UNIT-000478,FA-07,30000.0,OP-SHIFT_1-05,True
UNIT-000478,FA-08,30060.0,OP-SHIFT_1-05,True
UNIT-000479,PT-05,29580.0,OP-SHIFT_1-06,True
UNIT-000479,FA-05,29940.0,OP-SHIFT_1-06,True
UNIT-000479,FA-06,30000.0,OP-SHIFT_1-06,True
UNIT-000479,FA-07,30060.0,OP-SHIFT_1-06,True
UNIT-000479,FA-08,30120.0,OP-SHIFT_1-06,True
UNIT-000480,PT-05,29640.0,OP-SHIFT_2-01,True
UNIT-000480,FA-05,30000.0,OP-SHIFT_2-01,True
UNIT-000480,FA-06,30060.0,OP-SHIFT_2-01,True
UNIT-000480,FA-07,30120.0,OP-SHIFT_2-01,True
UNIT-000480,FA-08,30180.0,OP-SHIFT_2-01,True
UNIT-000481,PT-05,29700.0,OP-SHIFT_2-02,True
UNIT-000481,FA-05,30060.0,OP-SHIFT_2-02,True
UNIT-000481,FA-06,30120.0,OP-SHIFT_2-02,True
UNIT-000481,FA-07,30180.0,OP-SHIFT_2-02,True
UNIT-000481,FA-08,30240.0,OP-SHIFT_2-02,True
UNIT-000482,PT-05,29760.0,OP-SHIFT_2-03,True
UNIT-000482,FA-05,30120.0,OP-SHIFT_2-03,True
UNIT-000482,FA-06,30180.0,OP-SHIFT_2-03,True
UNIT-000482,FA-07,30240.0,OP-SHIFT_2-03,True
UNIT-000482,FA-08,30300.0,OP-SHIFT_2-03,True
UNIT-000483,PT-05,29820.0,OP-SHIFT_2-04,True
UNIT-000483,FA-05,30180.0,OP-SHIFT_2-04,True
UNIT-000483,FA-06,30240.0,OP-SHIFT_2-04,True
UNIT-000483,FA-07,30300.0,OP-SHIFT_2-04,True
UNIT-000483,FA-08,30360.0,OP-SHIFT_2-04,True
UNIT-000484,PT-05,29880.0,OP-SHIFT_2-05,True
UNIT-000484,FA-05,30240.0,OP-SHIFT_2-05,True
UNIT-000484,FA-06,30300.0,OP-SHIFT_2-05,True
UNIT-000484,FA-07,30360.0,OP-SHIFT_2-05,True
UNIT-000484,FA-08,30420.0,OP-SHIFT_2-05,True
UNIT-000485,PT-05,29940.0,OP-SHIFT_2-06,True
UNIT-000485,FA-05,30300.0,OP-SHIFT_2-06,True
UNIT-000485,FA-06,30360.0,OP-SHIFT_2-06,True
UNIT-000485,FA-07,30420.0,OP-SHIFT_2-06,True
UNIT-000485,FA-08,30480.0,OP-SHIFT_2-06,True
UNIT-000486,PT-05,30000.0,OP-SHIFT_2-01,True
UNIT-000486,FA-05,30360.0,OP-SHIFT_2-01,True
UNIT-000486,FA-06,30420.0,OP-SHIFT_2-01,True
UNIT-000486,FA-07,30480.0,OP-SHIFT_2-01,True
UNIT-000486,FA-08,30540.0,OP-SHIFT_2-01,True
UNIT-000487,PT-05,30060.0,OP-SHIFT_2-02,True
UNIT-000487,FA-05,30420.0,OP-SHIFT_2-02,True
UNIT-000487,FA-06,30480.0,OP-SHIFT_2-02,True
UNIT-000487,FA-07,30540.0,OP-SHIFT_2-02,True
UNIT-000487,FA-08,30600.0,OP-SHIFT_2-02,True
UNIT-000488,PT-05,30120.0,OP-SHIFT_2-03,True
UNIT-000488,FA-05,30480.0,OP-SHIFT_2-03,True
UNIT-000488,FA-06,30540.0,OP-SHIFT_2-03,True
UNIT-000488,FA-07,30600.0,OP-SHIFT_2-03,True
UNIT-000488,FA-08,30660.0,OP-SHIFT_2-03,True
UNIT-000489,PT-05,30180.0,OP-SHIFT_2-04,True
UNIT-000489,FA-05,30540.0,OP-SHIFT_2-04,True
UNIT-000489,FA-06,30600.0,OP-SHIFT_2-04,True
UNIT-000489,FA-07,30660.0,OP-SHIFT_2-04,True
UNIT-000489,FA-08,30720.0,OP-SHIFT_2-04,True
UNIT-000490,PT-05,30240.0,OP-SHIFT_2-05,False
UNIT-000490,FA-05,30600.0,OP-SHIFT_2-05,True
UNIT-000490,FA-06,30660.0,OP-SHIFT_2-05,True
UNIT-000490,FA-07,30720.0,OP-SHIFT_2-05,True
UNIT-000490,FA-08,30780.0,OP-SHIFT_2-05,True
UNIT-000491,PT-05,30300.0,OP-SHIFT_2-06,True
UNIT-000491,FA-05,30660.0,OP-SHIFT_2-06,True
UNIT-000491,FA-06,30720.0,OP-SHIFT_2-06,True
UNIT-000491,FA-07,30780.0,OP-SHIFT_2-06,True
UNIT-000491,FA-08,30840.0,OP-SHIFT_2-06,True
UNIT-000492,PT-05,30360.0,OP-SHIFT_2-01,True
UNIT-000492,FA-05,30720.0,OP-SHIFT_2-01,True
UNIT-000492,FA-06,30780.0,OP-SHIFT_2-01,True
UNIT-000492,FA-07,30840.0,OP-SHIFT_2-01,True
UNIT-000492,FA-08,30900.0,OP-SHIFT_2-01,True
UNIT-000493,PT-05,30420.0,OP-SHIFT_2-02,True
UNIT-000493,FA-05,30780.0,OP-SHIFT_2-02,True
UNIT-000493,FA-06,30840.0,OP-SHIFT_2-02,True
UNIT-000493,FA-07,30900.0,OP-SHIFT_2-02,True
UNIT-000493,FA-08,30960.0,OP-SHIFT_2-02,True
UNIT-000494,PT-05,30480.0,OP-SHIFT_2-03,True
UNIT-000494,FA-05,30840.0,OP-SHIFT_2-03,True
UNIT-000494,FA-06,30900.0,OP-SHIFT_2-03,True
UNIT-000494,FA-07,30960.0,OP-SHIFT_2-03,True
UNIT-000494,FA-08,31020.0,OP-SHIFT_2-03,True
UNIT-000495,PT-05,30540.0,OP-SHIFT_2-04,True
UNIT-000495,FA-05,30900.0,OP-SHIFT_2-04,True
UNIT-000495,FA-06,30960.0,OP-SHIFT_2-04,True
UNIT-000495,FA-07,31020.0,OP-SHIFT_2-04,True
UNIT-000495,FA-08,31080.0,OP-SHIFT_2-04,True
UNIT-000496,PT-05,30600.0,OP-SHIFT_2-05,True
UNIT-000496,FA-05,30960.0,OP-SHIFT_2-05,True
UNIT-000496,FA-06,31020.0,OP-SHIFT_2-05,True
UNIT-000496,FA-07,31080.0,OP-SHIFT_2-05,True
UNIT-000496,FA-08,31140.0,OP-SHIFT_2-05,True
UNIT-000497,PT-05,30660.0,OP-SHIFT_2-06,True
UNIT-000497,FA-05,31020.0,OP-SHIFT_2-06,True
UNIT-000497,FA-06,31080.0,OP-SHIFT_2-06,True
UNIT-000497,FA-07,31140.0,OP-SHIFT_2-06,True
UNIT-000497,FA-08,31200.0,OP-SHIFT_2-06,True
UNIT-000498,PT-05,30720.0,OP-SHIFT_2-01,True
UNIT-000498,FA-05,31080.0,OP-SHIFT_2-01,True
UNIT-000498,FA-06,31140.0,OP-SHIFT_2-01,True
UNIT-000498,FA-07,31200.0,OP-SHIFT_2-01,True
UNIT-000498,FA-08,31260.0,OP-SHIFT_2-01,True
UNIT-000499,PT-05,30780.0,OP-SHIFT_2-02,True
UNIT-000499,FA-05,31140.0,OP-SHIFT_2-02,True
UNIT-000499,FA-06,31200.0,OP-SHIFT_2-02,True
UNIT-000499,FA-07,31260.0,OP-SHIFT_2-02,True
UNIT-000499,FA-08,31320.0,OP-SHIFT_2-02,True
UNIT-000500,PT-05,30840.0,OP-SHIFT_2-03,True
UNIT-000500,FA-05,31200.0,OP-SHIFT_2-03,True
UNIT-000500,FA-06,31260.0,OP-SHIFT_2-03,True
UNIT-000500,FA-07,31320.0,OP-SHIFT_2-03,True
UNIT-000500,FA-08,31380.0,OP-SHIFT_2-03,True
UNIT-000501,PT-05,30900.0,OP-SHIFT_2-04,False
UNIT-000501,FA-05,31260.0,OP-SHIFT_2-04,True
UNIT-000501,FA-06,31320.0,OP-SHIFT_2-04,True
UNIT-000501,FA-07,31380.0,OP-SHIFT_2-04,True
UNIT-000501,FA-08,31440.0,OP-SHIFT_2-04,True
UNIT-000502,PT-05,30960.0,OP-SHIFT_2-05,True
UNIT-000502,FA-05,31320.0,OP-SHIFT_2-05,True
UNIT-000502,FA-06,31380.0,OP-SHIFT_2-05,True
UNIT-000502,FA-07,31440.0,OP-SHIFT_2-05,True
UNIT-000502,FA-08,31500.0,OP-SHIFT_2-05,True
UNIT-000503,PT-05,31020.0,OP-SHIFT_2-06,True
UNIT-000503,FA-05,31380.0,OP-SHIFT_2-06,True
UNIT-000503,FA-06,31440.0,OP-SHIFT_2-06,True
UNIT-000503,FA-07,31500.0,OP-SHIFT_2-06,True
UNIT-000503,FA-08,31560.0,OP-SHIFT_2-06,True
UNIT-000504,PT-05,31080.0,OP-SHIFT_2-01,True
UNIT-000504,FA-05,31440.0,OP-SHIFT_2-01,True
UNIT-000504,FA-06,31500.0,OP-SHIFT_2-01,True
UNIT-000504,FA-07,31560.0,OP-SHIFT_2-01,True
UNIT-000504,FA-08,31620.0,OP-SHIFT_2-01,True
UNIT-000505,PT-05,31140.0,OP-SHIFT_2-02,True
UNIT-000505,FA-05,31500.0,OP-SHIFT_2-02,True
UNIT-000505,FA-06,31560.0,OP-SHIFT_2-02,True
UNIT-000505,FA-07,31620.0,OP-SHIFT_2-02,True
UNIT-000505,FA-08,31680.0,OP-SHIFT_2-02,True
UNIT-000506,PT-05,31200.0,OP-SHIFT_2-03,True
UNIT-000506,FA-05,31560.0,OP-SHIFT_2-03,True
UNIT-000506,FA-06,31620.0,OP-SHIFT_2-03,True
UNIT-000506,FA-07,31680.0,OP-SHIFT_2-03,True
UNIT-000506,FA-08,31740.0,OP-SHIFT_2-03,True
UNIT-000507,PT-05,31260.0,OP-SHIFT_2-04,True
UNIT-000507,FA-05,31620.0,OP-SHIFT_2-04,True
UNIT-000507,FA-06,31680.0,OP-SHIFT_2-04,True
UNIT-000507,FA-07,31740.0,OP-SHIFT_2-04,True
UNIT-000507,FA-08,31800.0,OP-SHIFT_2-04,True
UNIT-000508,PT-05,31320.0,OP-SHIFT_2-05,True
UNIT-000508,FA-05,31680.0,OP-SHIFT_2-05,True
UNIT-000508,FA-06,31740.0,OP-SHIFT_2-05,True
UNIT-000508,FA-07,31800.0,OP-SHIFT_2-05,True
UNIT-000508,FA-08,31860.0,OP-SHIFT_2-05,True
UNIT-000509,PT-05,31380.0,OP-SHIFT_2-06,True
UNIT-000509,FA-05,31740.0,OP-SHIFT_2-06,True
UNIT-000509,FA-06,31800.0,OP-SHIFT_2-06,True
UNIT-000509,FA-07,31860.0,OP-SHIFT_2-06,True
UNIT-000509,FA-08,31920.0,OP-SHIFT_2-06,True
UNIT-000510,PT-05,31440.0,OP-SHIFT_2-01,True
UNIT-000510,FA-05,31800.0,OP-SHIFT_2-01,True
UNIT-000510,FA-06,31860.0,OP-SHIFT_2-01,True
UNIT-000510,FA-07,31920.0,OP-SHIFT_2-01,True
UNIT-000510,FA-08,31980.0,OP-SHIFT_2-01,True
UNIT-000511,PT-05,31500.0,OP-SHIFT_2-02,True
UNIT-000511,FA-05,31860.0,OP-SHIFT_2-02,True
UNIT-000511,FA-06,31920.0,OP-SHIFT_2-02,True
UNIT-000511,FA-07,31980.0,OP-SHIFT_2-02,True
UNIT-000511,FA-08,32040.0,OP-SHIFT_2-02,True
UNIT-000512,PT-05,31560.0,OP-SHIFT_2-03,True
UNIT-000512,FA-05,31920.0,OP-SHIFT_2-03,True
UNIT-000512,FA-06,31980.0,OP-SHIFT_2-03,True
UNIT-000512,FA-07,32040.0,OP-SHIFT_2-03,True
UNIT-000512,FA-08,32100.0,OP-SHIFT_2-03,True
UNIT-000513,PT-05,31620.0,OP-SHIFT_2-04,True
UNIT-000513,FA-05,31980.0,OP-SHIFT_2-04,True
UNIT-000513,FA-06,32040.0,OP-SHIFT_2-04,True
UNIT-000513,FA-07,32100.0,OP-SHIFT_2-04,True
UNIT-000513,FA-08,32160.0,OP-SHIFT_2-04,True
UNIT-000514,PT-05,31680.0,OP-SHIFT_2-05,True
UNIT-000514,FA-05,32040.0,OP-SHIFT_2-05,True
UNIT-000514,FA-06,32100.0,OP-SHIFT_2-05,True
UNIT-000514,FA-07,32160.0,OP-SHIFT_2-05,True
UNIT-000514,FA-08,32220.0,OP-SHIFT_2-05,True
UNIT-000515,PT-05,31740.0,OP-SHIFT_2-06,True
UNIT-000515,FA-05,32100.0,OP-SHIFT_2-06,True
UNIT-000515,FA-06,32160.0,OP-SHIFT_2-06,True
UNIT-000515,FA-07,32220.0,OP-SHIFT_2-06,True
UNIT-000515,FA-08,32280.0,OP-SHIFT_2-06,True
UNIT-000516,PT-05,31800.0,OP-SHIFT_2-01,True
UNIT-000516,FA-05,32160.0,OP-SHIFT_2-01,True
UNIT-000516,FA-06,32220.0,OP-SHIFT_2-01,True
UNIT-000516,FA-07,32280.0,OP-SHIFT_2-01,True
UNIT-000516,FA-08,32340.0,OP-SHIFT_2-01,True
UNIT-000517,PT-05,31860.0,OP-SHIFT_2-02,True
UNIT-000517,FA-05,32220.0,OP-SHIFT_2-02,True
UNIT-000517,FA-06,32280.0,OP-SHIFT_2-02,True
UNIT-000517,FA-07,32340.0,OP-SHIFT_2-02,True
UNIT-000517,FA-08,32400.0,OP-SHIFT_2-02,True
UNIT-000518,PT-05,31920.0,OP-SHIFT_2-03,True
UNIT-000518,FA-05,32280.0,OP-SHIFT_2-03,True
UNIT-000518,FA-06,32340.0,OP-SHIFT_2-03,True
UNIT-000518,FA-07,32400.0,OP-SHIFT_2-03,True
UNIT-000518,FA-08,32460.0,OP-SHIFT_2-03,True
UNIT-000519,PT-05,31980.0,OP-SHIFT_2-04,True
UNIT-000519,FA-05,32340.0,OP-SHIFT_2-04,True
UNIT-000519,FA-06,32400.0,OP-SHIFT_2-04,True
UNIT-000519,FA-07,32460.0,OP-SHIFT_2-04,True
UNIT-000519,FA-08,32520.0,OP-SHIFT_2-04,True
UNIT-000520,PT-05,32040.0,OP-SHIFT_2-05,True
UNIT-000520,FA-05,32400.0,OP-SHIFT_2-05,True
UNIT-000520,FA-06,32460.0,OP-SHIFT_2-05,True
UNIT-000520,FA-07,32520.0,OP-SHIFT_2-05,True
UNIT-000520,FA-08,32580.0,OP-SHIFT_2-05,True
UNIT-000521,PT-05,32100.0,OP-SHIFT_2-06,True
UNIT-000521,FA-05,32460.0,OP-SHIFT_2-06,True
UNIT-000521,FA-06,32520.0,OP-SHIFT_2-06,True
UNIT-000521,FA-07,32580.0,OP-SHIFT_2-06,True
UNIT-000521,FA-08,32640.0,OP-SHIFT_2-06,True
UNIT-000522,PT-05,32160.0,OP-SHIFT_2-01,True
UNIT-000522,FA-05,32520.0,OP-SHIFT_2-01,True
UNIT-000522,FA-06,32580.0,OP-SHIFT_2-01,True
UNIT-000522,FA-07,32640.0,OP-SHIFT_2-01,True
UNIT-000522,FA-08,32700.0,OP-SHIFT_2-01,True
UNIT-000523,PT-05,32220.0,OP-SHIFT_2-02,True
UNIT-000523,FA-05,32580.0,OP-SHIFT_2-02,True
UNIT-000523,FA-06,32640.0,OP-SHIFT_2-02,True
UNIT-000523,FA-07,32700.0,OP-SHIFT_2-02,True
UNIT-000523,FA-08,32760.0,OP-SHIFT_2-02,True
UNIT-000524,PT-05,32280.0,OP-SHIFT_2-03,True
UNIT-000524,FA-05,32640.0,OP-SHIFT_2-03,True
UNIT-000524,FA-06,32700.0,OP-SHIFT_2-03,True
UNIT-000524,FA-07,32760.0,OP-SHIFT_2-03,True
UNIT-000524,FA-08,32820.0,OP-SHIFT_2-03,True
UNIT-000525,PT-05,32340.0,OP-SHIFT_2-04,True
UNIT-000525,FA-05,32700.0,OP-SHIFT_2-04,True
UNIT-000525,FA-06,32760.0,OP-SHIFT_2-04,True
UNIT-000525,FA-07,32820.0,OP-SHIFT_2-04,True
UNIT-000525,FA-08,32880.0,OP-SHIFT_2-04,True
UNIT-000526,PT-05,32400.0,OP-SHIFT_2-05,True
UNIT-000526,FA-05,32760.0,OP-SHIFT_2-05,True
UNIT-000526,FA-06,32820.0,OP-SHIFT_2-05,True
UNIT-000526,FA-07,32880.0,OP-SHIFT_2-05,True
UNIT-000526,FA-08,32940.0,OP-SHIFT_2-05,True
UNIT-000527,PT-05,32460.0,OP-SHIFT_2-06,True
UNIT-000527,FA-05,32820.0,OP-SHIFT_2-06,True
UNIT-000527,FA-06,32880.0,OP-SHIFT_2-06,True
UNIT-000527,FA-07,32940.0,OP-SHIFT_2-06,True
UNIT-000527,FA-08,33000.0,OP-SHIFT_2-06,True
UNIT-000528,PT-05,32520.0,OP-SHIFT_2-01,True
UNIT-000528,FA-05,32880.0,OP-SHIFT_2-01,True
UNIT-000528,FA-06,32940.0,OP-SHIFT_2-01,True
UNIT-000528,FA-07,33000.0,OP-SHIFT_2-01,True
UNIT-000528,FA-08,33060.0,OP-SHIFT_2-01,True
UNIT-000529,PT-05,32580.0,OP-SHIFT_2-02,True
UNIT-000529,FA-05,32940.0,OP-SHIFT_2-02,True
UNIT-000529,FA-06,33000.0,OP-SHIFT_2-02,True
UNIT-000529,FA-07,33060.0,OP-SHIFT_2-02,True
UNIT-000529,FA-08,33120.0,OP-SHIFT_2-02,True
UNIT-000530,PT-05,32640.0,OP-SHIFT_2-03,True
UNIT-000530,FA-05,33000.0,OP-SHIFT_2-03,True
UNIT-000530,FA-06,33060.0,OP-SHIFT_2-03,True
UNIT-000530,FA-07,33120.0,OP-SHIFT_2-03,True
UNIT-000530,FA-08,33180.0,OP-SHIFT_2-03,True
UNIT-000531,PT-05,32700.0,OP-SHIFT_2-04,False
UNIT-000531,FA-05,33060.0,OP-SHIFT_2-04,True
UNIT-000531,FA-06,33120.0,OP-SHIFT_2-04,True
UNIT-000531,FA-07,33180.0,OP-SHIFT_2-04,True
UNIT-000531,FA-08,33240.0,OP-SHIFT_2-04,True
UNIT-000532,PT-05,32760.0,OP-SHIFT_2-05,True
UNIT-000532,FA-05,33120.0,OP-SHIFT_2-05,True
UNIT-000532,FA-06,33180.0,OP-SHIFT_2-05,True
UNIT-000532,FA-07,33240.0,OP-SHIFT_2-05,True
UNIT-000532,FA-08,33300.0,OP-SHIFT_2-05,True
UNIT-000533,PT-05,32820.0,OP-SHIFT_2-06,True
UNIT-000533,FA-05,33180.0,OP-SHIFT_2-06,True
UNIT-000533,FA-06,33240.0,OP-SHIFT_2-06,True
UNIT-000533,FA-07,33300.0,OP-SHIFT_2-06,True
UNIT-000533,FA-08,33360.0,OP-SHIFT_2-06,True
UNIT-000534,PT-05,32880.0,OP-SHIFT_2-01,True
UNIT-000534,FA-05,33240.0,OP-SHIFT_2-01,True
UNIT-000534,FA-06,33300.0,OP-SHIFT_2-01,False
UNIT-000534,FA-07,33360.0,OP-SHIFT_2-01,True
UNIT-000534,FA-08,33420.0,OP-SHIFT_2-01,True
UNIT-000535,PT-05,32940.0,OP-SHIFT_2-02,True
UNIT-000535,FA-05,33300.0,OP-SHIFT_2-02,True
UNIT-000535,FA-06,33360.0,OP-SHIFT_2-02,True
UNIT-000535,FA-07,33420.0,OP-SHIFT_2-02,True
UNIT-000535,FA-08,33480.0,OP-SHIFT_2-02,True
UNIT-000536,PT-05,33000.0,OP-SHIFT_2-03,True
UNIT-000536,FA-05,33360.0,OP-SHIFT_2-03,True
UNIT-000536,FA-06,33420.0,OP-SHIFT_2-03,True
UNIT-000536,FA-07,33480.0,OP-SHIFT_2-03,True
UNIT-000536,FA-08,33540.0,OP-SHIFT_2-03,True
UNIT-000537,PT-05,33060.0,OP-SHIFT_2-04,True
UNIT-000537,FA-05,33420.0,OP-SHIFT_2-04,True
UNIT-000537,FA-06,33480.0,OP-SHIFT_2-04,True
UNIT-000537,FA-07,33540.0,OP-SHIFT_2-04,True
UNIT-000537,FA-08,33600.0,OP-SHIFT_2-04,True
UNIT-000538,PT-05,33120.0,OP-SHIFT_2-05,True
UNIT-000538,FA-05,33480.0,OP-SHIFT_2-05,True
UNIT-000538,FA-06,33540.0,OP-SHIFT_2-05,True
UNIT-000538,FA-07,33600.0,OP-SHIFT_2-05,True
UNIT-000538,FA-08,33660.0,OP-SHIFT_2-05,True
UNIT-000539,PT-05,33180.0,OP-SHIFT_2-06,True
UNIT-000539,FA-05,33540.0,OP-SHIFT_2-06,True
UNIT-000539,FA-06,33600.0,OP-SHIFT_2-06,True
UNIT-000539,FA-07,33660.0,OP-SHIFT_2-06,True
UNIT-000539,FA-08,33720.0,OP-SHIFT_2-06,True
UNIT-000540,PT-05,33240.0,OP-SHIFT_2-01,True
UNIT-000540,FA-05,33600.0,OP-SHIFT_2-01,True
UNIT-000540,FA-06,33660.0,OP-SHIFT_2-01,True
UNIT-000540,FA-07,33720.0,OP-SHIFT_2-01,True
UNIT-000540,FA-08,33780.0,OP-SHIFT_2-01,True
UNIT-000541,PT-05,33300.0,OP-SHIFT_2-02,True
UNIT-000541,FA-05,33660.0,OP-SHIFT_2-02,True
UNIT-000541,FA-06,33720.0,OP-SHIFT_2-02,True
UNIT-000541,FA-07,33780.0,OP-SHIFT_2-02,True
UNIT-000541,FA-08,33840.0,OP-SHIFT_2-02,True
UNIT-000542,PT-05,33360.0,OP-SHIFT_2-03,True
UNIT-000542,FA-05,33720.0,OP-SHIFT_2-03,True
UNIT-000542,FA-06,33780.0,OP-SHIFT_2-03,True
UNIT-000542,FA-07,33840.0,OP-SHIFT_2-03,True
UNIT-000542,FA-08,33900.0,OP-SHIFT_2-03,True
UNIT-000543,PT-05,33420.0,OP-SHIFT_2-04,True
UNIT-000543,FA-05,33780.0,OP-SHIFT_2-04,True
UNIT-000543,FA-06,33840.0,OP-SHIFT_2-04,True
UNIT-000543,FA-07,33900.0,OP-SHIFT_2-04,True
UNIT-000543,FA-08,33960.0,OP-SHIFT_2-04,True
UNIT-000544,PT-05,33480.0,OP-SHIFT_2-05,True
UNIT-000544,FA-05,33840.0,OP-SHIFT_2-05,True
UNIT-000544,FA-06,33900.0,OP-SHIFT_2-05,True
UNIT-000544,FA-07,33960.0,OP-SHIFT_2-05,True
UNIT-000544,FA-08,34020.0,OP-SHIFT_2-05,True
UNIT-000545,PT-05,33540.0,OP-SHIFT_2-06,True
UNIT-000545,FA-05,33900.0,OP-SHIFT_2-06,True
UNIT-000545,FA-06,33960.0,OP-SHIFT_2-06,True
UNIT-000545,FA-07,34020.0,OP-SHIFT_2-06,True
UNIT-000545,FA-08,34080.0,OP-SHIFT_2-06,True
UNIT-000546,PT-05,33600.0,OP-SHIFT_2-01,True
UNIT-000546,FA-05,33960.0,OP-SHIFT_2-01,True
UNIT-000546,FA-06,34020.0,OP-SHIFT_2-01,True
UNIT-000546,FA-07,34080.0,OP-SHIFT_2-01,True
UNIT-000546,FA-08,34140.0,OP-SHIFT_2-01,True
UNIT-000547,PT-05,33660.0,OP-SHIFT_2-02,True
UNIT-000547,FA-05,34020.0,OP-SHIFT_2-02,True
UNIT-000547,FA-06,34080.0,OP-SHIFT_2-02,True
UNIT-000547,FA-07,34140.0,OP-SHIFT_2-02,True
UNIT-000547,FA-08,34200.0,OP-SHIFT_2-02,True
UNIT-000548,PT-05,33720.0,OP-SHIFT_2-03,True
UNIT-000548,FA-05,34080.0,OP-SHIFT_2-03,True
UNIT-000548,FA-06,34140.0,OP-SHIFT_2-03,True
UNIT-000548,FA-07,34200.0,OP-SHIFT_2-03,True
UNIT-000548,FA-08,34260.0,OP-SHIFT_2-03,True
UNIT-000549,PT-05,33780.0,OP-SHIFT_2-04,True
UNIT-000549,FA-05,34140.0,OP-SHIFT_2-04,True
UNIT-000549,FA-06,34200.0,OP-SHIFT_2-04,True
UNIT-000549,FA-07,34260.0,OP-SHIFT_2-04,True
UNIT-000549,FA-08,34320.0,OP-SHIFT_2-04,True
UNIT-000550,PT-05,33840.0,OP-SHIFT_2-05,True
UNIT-000550,FA-05,34200.0,OP-SHIFT_2-05,True
UNIT-000550,FA-06,34260.0,OP-SHIFT_2-05,True
UNIT-000550,FA-07,34320.0,OP-SHIFT_2-05,True
UNIT-000550,FA-08,34380.0,OP-SHIFT_2-05,True
UNIT-000551,PT-05,33900.0,OP-SHIFT_2-06,True
UNIT-000551,FA-05,34260.0,OP-SHIFT_2-06,True
UNIT-000551,FA-06,34320.0,OP-SHIFT_2-06,True
UNIT-000551,FA-07,34380.0,OP-SHIFT_2-06,True
UNIT-000551,FA-08,34440.0,OP-SHIFT_2-06,True
UNIT-000552,PT-05,33960.0,OP-SHIFT_2-01,True
UNIT-000552,FA-05,34320.0,OP-SHIFT_2-01,True
UNIT-000552,FA-06,34380.0,OP-SHIFT_2-01,True
UNIT-000552,FA-07,34440.0,OP-SHIFT_2-01,True
UNIT-000552,FA-08,34500.0,OP-SHIFT_2-01,True
UNIT-000553,PT-05,34020.0,OP-SHIFT_2-02,True
UNIT-000553,FA-05,34380.0,OP-SHIFT_2-02,True
UNIT-000553,FA-06,34440.0,OP-SHIFT_2-02,True
UNIT-000553,FA-07,34500.0,OP-SHIFT_2-02,True
UNIT-000553,FA-08,34560.0,OP-SHIFT_2-02,True
UNIT-000554,PT-05,34080.0,OP-SHIFT_2-03,True
UNIT-000554,FA-05,34440.0,OP-SHIFT_2-03,True
UNIT-000554,FA-06,34500.0,OP-SHIFT_2-03,True
UNIT-000554,FA-07,34560.0,OP-SHIFT_2-03,True
UNIT-000554,FA-08,34620.0,OP-SHIFT_2-03,True
UNIT-000555,PT-05,34140.0,OP-SHIFT_2-04,True
UNIT-000555,FA-05,34500.0,OP-SHIFT_2-04,True
UNIT-000555,FA-06,34560.0,OP-SHIFT_2-04,True
UNIT-000555,FA-07,34620.0,OP-SHIFT_2-04,True
UNIT-000555,FA-08,34680.0,OP-SHIFT_2-04,True
UNIT-000556,PT-05,34200.0,OP-SHIFT_2-05,True
UNIT-000556,FA-05,34560.0,OP-SHIFT_2-05,True
UNIT-000556,FA-06,34620.0,OP-SHIFT_2-05,True
UNIT-000556,FA-07,34680.0,OP-SHIFT_2-05,True
UNIT-000556,FA-08,34740.0,OP-SHIFT_2-05,True
UNIT-000557,PT-05,34260.0,OP-SHIFT_2-06,True
UNIT-000557,FA-05,34620.0,OP-SHIFT_2-06,True
UNIT-000557,FA-06,34680.0,OP-SHIFT_2-06,True
UNIT-000557,FA-07,34740.0,OP-SHIFT_2-06,True
UNIT-000557,FA-08,34800.0,OP-SHIFT_2-06,True
UNIT-000558,PT-05,34320.0,OP-SHIFT_2-01,True
UNIT-000558,FA-05,34680.0,OP-SHIFT_2-01,True
UNIT-000558,FA-06,34740.0,OP-SHIFT_2-01,True
UNIT-000558,FA-07,34800.0,OP-SHIFT_2-01,True
UNIT-000558,FA-08,34860.0,OP-SHIFT_2-01,True
UNIT-000559,PT-05,34380.0,OP-SHIFT_2-02,True
UNIT-000559,FA-05,34740.0,OP-SHIFT_2-02,True
UNIT-000559,FA-06,34800.0,OP-SHIFT_2-02,True
UNIT-000559,FA-07,34860.0,OP-SHIFT_2-02,True
UNIT-000559,FA-08,34920.0,OP-SHIFT_2-02,True
UNIT-000560,PT-05,34440.0,OP-SHIFT_2-03,True
UNIT-000560,FA-05,34800.0,OP-SHIFT_2-03,True
UNIT-000560,FA-06,34860.0,OP-SHIFT_2-03,True
UNIT-000560,FA-07,34920.0,OP-SHIFT_2-03,True
UNIT-000560,FA-08,34980.0,OP-SHIFT_2-03,True
UNIT-000561,PT-05,34500.0,OP-SHIFT_2-04,True
UNIT-000561,FA-05,34860.0,OP-SHIFT_2-04,True
UNIT-000561,FA-06,34920.0,OP-SHIFT_2-04,True
UNIT-000561,FA-07,34980.0,OP-SHIFT_2-04,True
UNIT-000561,FA-08,35040.0,OP-SHIFT_2-04,True
UNIT-000562,PT-05,34560.0,OP-SHIFT_2-05,True
UNIT-000562,FA-05,34920.0,OP-SHIFT_2-05,True
UNIT-000562,FA-06,34980.0,OP-SHIFT_2-05,True
UNIT-000562,FA-07,35040.0,OP-SHIFT_2-05,True
UNIT-000562,FA-08,35100.0,OP-SHIFT_2-05,True
UNIT-000563,PT-05,34620.0,OP-SHIFT_2-06,False
UNIT-000563,FA-05,34980.0,OP-SHIFT_2-06,True
UNIT-000563,FA-06,35040.0,OP-SHIFT_2-06,True
UNIT-000563,FA-07,35100.0,OP-SHIFT_2-06,True
UNIT-000563,FA-08,35160.0,OP-SHIFT_2-06,True
UNIT-000564,PT-05,34680.0,OP-SHIFT_2-01,True
UNIT-000564,FA-05,35040.0,OP-SHIFT_2-01,True
UNIT-000564,FA-06,35100.0,OP-SHIFT_2-01,True
UNIT-000564,FA-07,35160.0,OP-SHIFT_2-01,True
UNIT-000564,FA-08,35220.0,OP-SHIFT_2-01,True
UNIT-000565,PT-05,34740.0,OP-SHIFT_2-02,True
UNIT-000565,FA-05,35100.0,OP-SHIFT_2-02,True
UNIT-000565,FA-06,35160.0,OP-SHIFT_2-02,True
UNIT-000565,FA-07,35220.0,OP-SHIFT_2-02,True
UNIT-000565,FA-08,35280.0,OP-SHIFT_2-02,True
UNIT-000566,PT-05,34800.0,OP-SHIFT_2-03,True
UNIT-000566,FA-05,35160.0,OP-SHIFT_2-03,True
UNIT-000566,FA-06,35220.0,OP-SHIFT_2-03,True
UNIT-000566,FA-07,35280.0,OP-SHIFT_2-03,True
UNIT-000566,FA-08,35340.0,OP-SHIFT_2-03,True
UNIT-000567,PT-05,34860.0,OP-SHIFT_2-04,True
UNIT-000567,FA-05,35220.0,OP-SHIFT_2-04,True
UNIT-000567,FA-06,35280.0,OP-SHIFT_2-04,True
UNIT-000567,FA-07,35340.0,OP-SHIFT_2-04,True
UNIT-000567,FA-08,35400.0,OP-SHIFT_2-04,True
UNIT-000568,PT-05,34920.0,OP-SHIFT_2-05,True
UNIT-000568,FA-05,35280.0,OP-SHIFT_2-05,True
UNIT-000568,FA-06,35340.0,OP-SHIFT_2-05,True
UNIT-000568,FA-07,35400.0,OP-SHIFT_2-05,True
UNIT-000568,FA-08,35460.0,OP-SHIFT_2-05,True
UNIT-000569,PT-05,34980.0,OP-SHIFT_2-06,True
UNIT-000569,FA-05,35340.0,OP-SHIFT_2-06,True
UNIT-000569,FA-06,35400.0,OP-SHIFT_2-06,True
UNIT-000569,FA-07,35460.0,OP-SHIFT_2-06,True
UNIT-000569,FA-08,35520.0,OP-SHIFT_2-06,True
UNIT-000570,PT-05,35040.0,OP-SHIFT_2-01,True
UNIT-000570,FA-05,35400.0,OP-SHIFT_2-01,True
UNIT-000570,FA-06,35460.0,OP-SHIFT_2-01,True
UNIT-000570,FA-07,35520.0,OP-SHIFT_2-01,True
UNIT-000570,FA-08,35580.0,OP-SHIFT_2-01,True
UNIT-000571,PT-05,35100.0,OP-SHIFT_2-02,True
UNIT-000571,FA-05,35460.0,OP-SHIFT_2-02,True
UNIT-000571,FA-06,35520.0,OP-SHIFT_2-02,True
UNIT-000571,FA-07,35580.0,OP-SHIFT_2-02,True
UNIT-000571,FA-08,35640.0,OP-SHIFT_2-02,True
UNIT-000572,PT-05,35160.0,OP-SHIFT_2-03,True
UNIT-000572,FA-05,35520.0,OP-SHIFT_2-03,True
UNIT-000572,FA-06,35580.0,OP-SHIFT_2-03,True
UNIT-000572,FA-07,35640.0,OP-SHIFT_2-03,True
UNIT-000572,FA-08,35700.0,OP-SHIFT_2-03,True
UNIT-000573,PT-05,35220.0,OP-SHIFT_2-04,True
UNIT-000573,FA-05,35580.0,OP-SHIFT_2-04,True
UNIT-000573,FA-06,35640.0,OP-SHIFT_2-04,True
UNIT-000573,FA-07,35700.0,OP-SHIFT_2-04,True
UNIT-000573,FA-08,35760.0,OP-SHIFT_2-04,True
UNIT-000574,PT-05,35280.0,OP-SHIFT_2-05,True
UNIT-000574,FA-05,35640.0,OP-SHIFT_2-05,True
UNIT-000574,FA-06,35700.0,OP-SHIFT_2-05,True
UNIT-000574,FA-07,35760.0,OP-SHIFT_2-05,True
UNIT-000574,FA-08,35820.0,OP-SHIFT_2-05,True
UNIT-000575,PT-05,35340.0,OP-SHIFT_2-06,True
UNIT-000575,FA-05,35700.0,OP-SHIFT_2-06,True
UNIT-000575,FA-06,35760.0,OP-SHIFT_2-06,True
UNIT-000575,FA-07,35820.0,OP-SHIFT_2-06,True
UNIT-000575,FA-08,35880.0,OP-SHIFT_2-06,True
UNIT-000576,PT-05,35400.0,OP-SHIFT_2-01,True
UNIT-000576,FA-05,35760.0,OP-SHIFT_2-01,True
UNIT-000576,FA-06,35820.0,OP-SHIFT_2-01,True
UNIT-000576,FA-07,35880.0,OP-SHIFT_2-01,True
UNIT-000576,FA-08,35940.0,OP-SHIFT_2-01,True
UNIT-000577,PT-05,35460.0,OP-SHIFT_2-02,True
UNIT-000577,FA-05,35820.0,OP-SHIFT_2-02,True
UNIT-000577,FA-06,35880.0,OP-SHIFT_2-02,True
UNIT-000577,FA-07,35940.0,OP-SHIFT_2-02,True
UNIT-000577,FA-08,36000.0,OP-SHIFT_2-02,True
UNIT-000578,PT-05,35520.0,OP-SHIFT_2-03,True
UNIT-000578,FA-05,35880.0,OP-SHIFT_2-03,True
UNIT-000578,FA-06,35940.0,OP-SHIFT_2-03,True
UNIT-000578,FA-07,36000.0,OP-SHIFT_2-03,True
UNIT-000578,FA-08,36060.0,OP-SHIFT_2-03,True
UNIT-000579,PT-05,35580.0,OP-SHIFT_2-04,True
UNIT-000579,FA-05,35940.0,OP-SHIFT_2-04,True
UNIT-000579,FA-06,36000.0,OP-SHIFT_2-04,True
UNIT-000579,FA-07,36060.0,OP-SHIFT_2-04,True
UNIT-000579,FA-08,36120.0,OP-SHIFT_2-04,True
UNIT-000580,PT-05,35640.0,OP-SHIFT_2-05,True
UNIT-000580,FA-05,36000.0,OP-SHIFT_2-05,True
UNIT-000580,FA-06,36060.0,OP-SHIFT_2-05,True
UNIT-000580,FA-07,36120.0,OP-SHIFT_2-05,True
UNIT-000580,FA-08,36180.0,OP-SHIFT_2-05,True
UNIT-000581,PT-05,35700.0,OP-SHIFT_2-06,True
UNIT-000581,FA-05,36060.0,OP-SHIFT_2-06,True
UNIT-000581,FA-06,36120.0,OP-SHIFT_2-06,True
UNIT-000581,FA-07,36180.0,OP-SHIFT_2-06,True
UNIT-000581,FA-08,36240.0,OP-SHIFT_2-06,True
UNIT-000582,PT-05,35760.0,OP-SHIFT_2-01,True
UNIT-000582,FA-05,36120.0,OP-SHIFT_2-01,True
UNIT-000582,FA-06,36180.0,OP-SHIFT_2-01,True
UNIT-000582,FA-07,36240.0,OP-SHIFT_2-01,True
UNIT-000582,FA-08,36300.0,OP-SHIFT_2-01,True
UNIT-000583,PT-05,35820.0,OP-SHIFT_2-02,True
UNIT-000583,FA-05,36180.0,OP-SHIFT_2-02,True
UNIT-000583,FA-06,36240.0,OP-SHIFT_2-02,True
UNIT-000583,FA-07,36300.0,OP-SHIFT_2-02,True
UNIT-000583,FA-08,36360.0,OP-SHIFT_2-02,True
UNIT-000584,PT-05,35880.0,OP-SHIFT_2-03,True
UNIT-000584,FA-05,36240.0,OP-SHIFT_2-03,True
UNIT-000584,FA-06,36300.0,OP-SHIFT_2-03,True
UNIT-000584,FA-07,36360.0,OP-SHIFT_2-03,True
UNIT-000584,FA-08,36420.0,OP-SHIFT_2-03,True
UNIT-000585,PT-05,35940.0,OP-SHIFT_2-04,True
UNIT-000585,FA-05,36300.0,OP-SHIFT_2-04,True
UNIT-000585,FA-06,36360.0,OP-SHIFT_2-04,True
UNIT-000585,FA-07,36420.0,OP-SHIFT_2-04,True
UNIT-000585,FA-08,36480.0,OP-SHIFT_2-04,False
UNIT-000586,PT-05,36000.0,OP-SHIFT_2-05,True
UNIT-000586,FA-05,36360.0,OP-SHIFT_2-05,True
UNIT-000586,FA-06,36420.0,OP-SHIFT_2-05,True
UNIT-000586,FA-07,36480.0,OP-SHIFT_2-05,True
UNIT-000586,FA-08,36540.0,OP-SHIFT_2-05,True
UNIT-000587,PT-05,36060.0,OP-SHIFT_2-06,True
UNIT-000587,FA-05,36420.0,OP-SHIFT_2-06,True
UNIT-000587,FA-06,36480.0,OP-SHIFT_2-06,True
UNIT-000587,FA-07,36540.0,OP-SHIFT_2-06,True
UNIT-000587,FA-08,36600.0,OP-SHIFT_2-06,True
UNIT-000588,PT-05,36120.0,OP-SHIFT_2-01,True
UNIT-000588,FA-05,36480.0,OP-SHIFT_2-01,True
UNIT-000588,FA-06,36540.0,OP-SHIFT_2-01,True
UNIT-000588,FA-07,36600.0,OP-SHIFT_2-01,True
UNIT-000588,FA-08,36660.0,OP-SHIFT_2-01,True
UNIT-000589,PT-05,36180.0,OP-SHIFT_2-02,True
UNIT-000589,FA-05,36540.0,OP-SHIFT_2-02,True
UNIT-000589,FA-06,36600.0,OP-SHIFT_2-02,True
UNIT-000589,FA-07,36660.0,OP-SHIFT_2-02,True
UNIT-000589,FA-08,36720.0,OP-SHIFT_2-02,True
UNIT-000590,PT-05,36240.0,OP-SHIFT_2-03,True
UNIT-000590,FA-05,36600.0,OP-SHIFT_2-03,True
UNIT-000590,FA-06,36660.0,OP-SHIFT_2-03,True
UNIT-000590,FA-07,36720.0,OP-SHIFT_2-03,True
UNIT-000590,FA-08,36780.0,OP-SHIFT_2-03,True
UNIT-000591,PT-05,36300.0,OP-SHIFT_2-04,True
UNIT-000591,FA-05,36660.0,OP-SHIFT_2-04,True
UNIT-000591,FA-06,36720.0,OP-SHIFT_2-04,True
UNIT-000591,FA-07,36780.0,OP-SHIFT_2-04,True
UNIT-000591,FA-08,36840.0,OP-SHIFT_2-04,True
UNIT-000592,PT-05,36360.0,OP-SHIFT_2-05,True
UNIT-000592,FA-05,36720.0,OP-SHIFT_2-05,True
UNIT-000592,FA-06,36780.0,OP-SHIFT_2-05,True
UNIT-000592,FA-07,36840.0,OP-SHIFT_2-05,True
UNIT-000592,FA-08,36900.0,OP-SHIFT_2-05,True
UNIT-000593,PT-05,36420.0,OP-SHIFT_2-06,True
UNIT-000593,FA-05,36780.0,OP-SHIFT_2-06,True
UNIT-000593,FA-06,36840.0,OP-SHIFT_2-06,True
UNIT-000593,FA-07,36900.0,OP-SHIFT_2-06,True
UNIT-000593,FA-08,36960.0,OP-SHIFT_2-06,True
UNIT-000594,PT-05,36480.0,OP-SHIFT_2-01,True
UNIT-000594,FA-05,36840.0,OP-SHIFT_2-01,True
UNIT-000594,FA-06,36900.0,OP-SHIFT_2-01,True
UNIT-000594,FA-07,36960.0,OP-SHIFT_2-01,True
UNIT-000594,FA-08,37020.0,OP-SHIFT_2-01,True
UNIT-000595,PT-05,36540.0,OP-SHIFT_2-02,True
UNIT-000595,FA-05,36900.0,OP-SHIFT_2-02,True
UNIT-000595,FA-06,36960.0,OP-SHIFT_2-02,True
UNIT-000595,FA-07,37020.0,OP-SHIFT_2-02,True
UNIT-000595,FA-08,37080.0,OP-SHIFT_2-02,True
UNIT-000596,PT-05,36600.0,OP-SHIFT_2-03,True
UNIT-000596,FA-05,36960.0,OP-SHIFT_2-03,True
UNIT-000596,FA-06,37020.0,OP-SHIFT_2-03,True
UNIT-000596,FA-07,37080.0,OP-SHIFT_2-03,True
UNIT-000596,FA-08,37140.0,OP-SHIFT_2-03,True
UNIT-000597,PT-05,36660.0,OP-SHIFT_2-04,True
UNIT-000597,FA-05,37020.0,OP-SHIFT_2-04,True
UNIT-000597,FA-06,37080.0,OP-SHIFT_2-04,True
UNIT-000597,FA-07,37140.0,OP-SHIFT_2-04,True
UNIT-000597,FA-08,37200.0,OP-SHIFT_2-04,True
UNIT-000598,PT-05,36720.0,OP-SHIFT_2-05,True
UNIT-000598,FA-05,37080.0,OP-SHIFT_2-05,True
UNIT-000598,FA-06,37140.0,OP-SHIFT_2-05,True
UNIT-000598,FA-07,37200.0,OP-SHIFT_2-05,True
UNIT-000598,FA-08,37260.0,OP-SHIFT_2-05,True
UNIT-000599,PT-05,36780.0,OP-SHIFT_2-06,True
UNIT-000599,FA-05,37140.0,OP-SHIFT_2-06,True
UNIT-000599,FA-06,37200.0,OP-SHIFT_2-06,True
UNIT-000599,FA-07,37260.0,OP-SHIFT_2-06,True
UNIT-000599,FA-08,37320.0,OP-SHIFT_2-06,True
UNIT-000600,PT-05,36840.0,OP-SHIFT_2-01,True
UNIT-000600,FA-05,37200.0,OP-SHIFT_2-01,True
UNIT-000600,FA-06,37260.0,OP-SHIFT_2-01,True
UNIT-000600,FA-07,37320.0,OP-SHIFT_2-01,True
UNIT-000600,FA-08,37380.0,OP-SHIFT_2-01,True
UNIT-000601,PT-05,36900.0,OP-SHIFT_2-02,True
UNIT-000601,FA-05,37260.0,OP-SHIFT_2-02,True
UNIT-000601,FA-06,37320.0,OP-SHIFT_2-02,True
UNIT-000601,FA-07,37380.0,OP-SHIFT_2-02,True
UNIT-000601,FA-08,37440.0,OP-SHIFT_2-02,True
UNIT-000602,PT-05,36960.0,OP-SHIFT_2-03,True
UNIT-000602,FA-05,37320.0,OP-SHIFT_2-03,True
UNIT-000602,FA-06,37380.0,OP-SHIFT_2-03,True
UNIT-000602,FA-07,37440.0,OP-SHIFT_2-03,True
UNIT-000602,FA-08,37500.0,OP-SHIFT_2-03,True
UNIT-000603,PT-05,37020.0,OP-SHIFT_2-04,True
UNIT-000603,FA-05,37380.0,OP-SHIFT_2-04,True
UNIT-000603,FA-06,37440.0,OP-SHIFT_2-04,True
UNIT-000603,FA-07,37500.0,OP-SHIFT_2-04,True
UNIT-000603,FA-08,37560.0,OP-SHIFT_2-04,True
UNIT-000604,PT-05,37080.0,OP-SHIFT_2-05,True
UNIT-000604,FA-05,37440.0,OP-SHIFT_2-05,True
UNIT-000604,FA-06,37500.0,OP-SHIFT_2-05,True
UNIT-000604,FA-07,37560.0,OP-SHIFT_2-05,True
UNIT-000604,FA-08,37620.0,OP-SHIFT_2-05,True
UNIT-000605,PT-05,37140.0,OP-SHIFT_2-06,True
UNIT-000605,FA-05,37500.0,OP-SHIFT_2-06,True
UNIT-000605,FA-06,37560.0,OP-SHIFT_2-06,True
UNIT-000605,FA-07,37620.0,OP-SHIFT_2-06,True
UNIT-000605,FA-08,37680.0,OP-SHIFT_2-06,True
UNIT-000606,PT-05,37200.0,OP-SHIFT_2-01,True
UNIT-000606,FA-05,37560.0,OP-SHIFT_2-01,True
UNIT-000606,FA-06,37620.0,OP-SHIFT_2-01,True
UNIT-000606,FA-07,37680.0,OP-SHIFT_2-01,True
UNIT-000606,FA-08,37740.0,OP-SHIFT_2-01,True
UNIT-000607,PT-05,37260.0,OP-SHIFT_2-02,True
UNIT-000607,FA-05,37620.0,OP-SHIFT_2-02,True
UNIT-000607,FA-06,37680.0,OP-SHIFT_2-02,True
UNIT-000607,FA-07,37740.0,OP-SHIFT_2-02,True
UNIT-000607,FA-08,37800.0,OP-SHIFT_2-02,True
UNIT-000608,PT-05,37320.0,OP-SHIFT_2-03,True
UNIT-000608,FA-05,37680.0,OP-SHIFT_2-03,True
UNIT-000608,FA-06,37740.0,OP-SHIFT_2-03,True
UNIT-000608,FA-07,37800.0,OP-SHIFT_2-03,True
UNIT-000608,FA-08,37860.0,OP-SHIFT_2-03,True
UNIT-000609,PT-05,37380.0,OP-SHIFT_2-04,True
UNIT-000609,FA-05,37740.0,OP-SHIFT_2-04,True
UNIT-000609,FA-06,37800.0,OP-SHIFT_2-04,True
UNIT-000609,FA-07,37860.0,OP-SHIFT_2-04,True
UNIT-000609,FA-08,37920.0,OP-SHIFT_2-04,True
UNIT-000610,PT-05,37440.0,OP-SHIFT_2-05,True
UNIT-000610,FA-05,37800.0,OP-SHIFT_2-05,True
UNIT-000610,FA-06,37860.0,OP-SHIFT_2-05,True
UNIT-000610,FA-07,37920.0,OP-SHIFT_2-05,True
UNIT-000610,FA-08,37980.0,OP-SHIFT_2-05,True
UNIT-000611,PT-05,37500.0,OP-SHIFT_2-06,True
UNIT-000611,FA-05,37860.0,OP-SHIFT_2-06,True
UNIT-000611,FA-06,37920.0,OP-SHIFT_2-06,True
UNIT-000611,FA-07,37980.0,OP-SHIFT_2-06,True
UNIT-000611,FA-08,38040.0,OP-SHIFT_2-06,True
UNIT-000612,PT-05,37560.0,OP-SHIFT_2-01,True
UNIT-000612,FA-05,37920.0,OP-SHIFT_2-01,True
UNIT-000612,FA-06,37980.0,OP-SHIFT_2-01,True
UNIT-000612,FA-07,38040.0,OP-SHIFT_2-01,True
UNIT-000612,FA-08,38100.0,OP-SHIFT_2-01,True
UNIT-000613,PT-05,37620.0,OP-SHIFT_2-02,True
UNIT-000613,FA-05,37980.0,OP-SHIFT_2-02,True
UNIT-000613,FA-06,38040.0,OP-SHIFT_2-02,True
UNIT-000613,FA-07,38100.0,OP-SHIFT_2-02,True
UNIT-000613,FA-08,38160.0,OP-SHIFT_2-02,True
UNIT-000614,PT-05,37680.0,OP-SHIFT_2-03,True
UNIT-000614,FA-05,38040.0,OP-SHIFT_2-03,True
UNIT-000614,FA-06,38100.0,OP-SHIFT_2-03,True
UNIT-000614,FA-07,38160.0,OP-SHIFT_2-03,True
UNIT-000614,FA-08,38220.0,OP-SHIFT_2-03,False
UNIT-000615,PT-05,37740.0,OP-SHIFT_2-04,True
UNIT-000615,FA-05,38100.0,OP-SHIFT_2-04,True
UNIT-000615,FA-06,38160.0,OP-SHIFT_2-04,True
UNIT-000615,FA-07,38220.0,OP-SHIFT_2-04,True
UNIT-000615,FA-08,38280.0,OP-SHIFT_2-04,True
UNIT-000616,PT-05,37800.0,OP-SHIFT_2-05,True
UNIT-000616,FA-05,38160.0,OP-SHIFT_2-05,True
UNIT-000616,FA-06,38220.0,OP-SHIFT_2-05,True
UNIT-000616,FA-07,38280.0,OP-SHIFT_2-05,True
UNIT-000616,FA-08,38340.0,OP-SHIFT_2-05,True
UNIT-000617,PT-05,37860.0,OP-SHIFT_2-06,True
UNIT-000617,FA-05,38220.0,OP-SHIFT_2-06,True
UNIT-000617,FA-06,38280.0,OP-SHIFT_2-06,True
UNIT-000617,FA-07,38340.0,OP-SHIFT_2-06,True
UNIT-000617,FA-08,38400.0,OP-SHIFT_2-06,True
UNIT-000618,PT-05,37920.0,OP-SHIFT_2-01,True
UNIT-000618,FA-05,38280.0,OP-SHIFT_2-01,True
UNIT-000618,FA-06,38340.0,OP-SHIFT_2-01,True
UNIT-000618,FA-07,38400.0,OP-SHIFT_2-01,True
UNIT-000618,FA-08,38460.0,OP-SHIFT_2-01,True
UNIT-000619,PT-05,37980.0,OP-SHIFT_2-02,True
UNIT-000619,FA-05,38340.0,OP-SHIFT_2-02,True
UNIT-000619,FA-06,38400.0,OP-SHIFT_2-02,True
UNIT-000619,FA-07,38460.0,OP-SHIFT_2-02,True
UNIT-000619,FA-08,38520.0,OP-SHIFT_2-02,True
UNIT-000620,PT-05,38040.0,OP-SHIFT_2-03,True
UNIT-000620,FA-05,38400.0,OP-SHIFT_2-03,True
UNIT-000620,FA-06,38460.0,OP-SHIFT_2-03,True
UNIT-000620,FA-07,38520.0,OP-SHIFT_2-03,True
UNIT-000620,FA-08,38580.0,OP-SHIFT_2-03,True
UNIT-000621,PT-05,38100.0,OP-SHIFT_2-04,True
UNIT-000621,FA-05,38460.0,OP-SHIFT_2-04,True
UNIT-000621,FA-06,38520.0,OP-SHIFT_2-04,True
UNIT-000621,FA-07,38580.0,OP-SHIFT_2-04,True
UNIT-000621,FA-08,38640.0,OP-SHIFT_2-04,True
UNIT-000622,PT-05,38160.0,OP-SHIFT_2-05,True
UNIT-000622,FA-05,38520.0,OP-SHIFT_2-05,True
UNIT-000622,FA-06,38580.0,OP-SHIFT_2-05,True
UNIT-000622,FA-07,38640.0,OP-SHIFT_2-05,True
UNIT-000622,FA-08,38700.0,OP-SHIFT_2-05,True
UNIT-000623,PT-05,38220.0,OP-SHIFT_2-06,False
UNIT-000623,FA-05,38580.0,OP-SHIFT_2-06,True
UNIT-000623,FA-06,38640.0,OP-SHIFT_2-06,True
UNIT-000623,FA-07,38700.0,OP-SHIFT_2-06,True
UNIT-000623,FA-08,38760.0,OP-SHIFT_2-06,True
UNIT-000624,PT-05,38280.0,OP-SHIFT_2-01,True
UNIT-000624,FA-05,38640.0,OP-SHIFT_2-01,True
UNIT-000624,FA-06,38700.0,OP-SHIFT_2-01,True
UNIT-000624,FA-07,38760.0,OP-SHIFT_2-01,True
UNIT-000624,FA-08,38820.0,OP-SHIFT_2-01,True
UNIT-000625,PT-05,38340.0,OP-SHIFT_2-02,True
UNIT-000625,FA-05,38700.0,OP-SHIFT_2-02,True
UNIT-000625,FA-06,38760.0,OP-SHIFT_2-02,True
UNIT-000625,FA-07,38820.0,OP-SHIFT_2-02,True
UNIT-000625,FA-08,38880.0,OP-SHIFT_2-02,True
UNIT-000626,PT-05,38400.0,OP-SHIFT_2-03,True
UNIT-000626,FA-05,38760.0,OP-SHIFT_2-03,True
UNIT-000626,FA-06,38820.0,OP-SHIFT_2-03,True
UNIT-000626,FA-07,38880.0,OP-SHIFT_2-03,True
UNIT-000626,FA-08,38940.0,OP-SHIFT_2-03,True
UNIT-000627,PT-05,38460.0,OP-SHIFT_2-04,True
UNIT-000627,FA-05,38820.0,OP-SHIFT_2-04,True
UNIT-000627,FA-06,38880.0,OP-SHIFT_2-04,True
UNIT-000627,FA-07,38940.0,OP-SHIFT_2-04,True
UNIT-000627,FA-08,39000.0,OP-SHIFT_2-04,True
UNIT-000628,PT-05,38520.0,OP-SHIFT_2-05,True
UNIT-000628,FA-05,38880.0,OP-SHIFT_2-05,True
UNIT-000628,FA-06,38940.0,OP-SHIFT_2-05,True
UNIT-000628,FA-07,39000.0,OP-SHIFT_2-05,True
UNIT-000628,FA-08,39060.0,OP-SHIFT_2-05,True
UNIT-000629,PT-05,38580.0,OP-SHIFT_2-06,True
UNIT-000629,FA-05,38940.0,OP-SHIFT_2-06,True
UNIT-000629,FA-06,39000.0,OP-SHIFT_2-06,True
UNIT-000629,FA-07,39060.0,OP-SHIFT_2-06,True
UNIT-000629,FA-08,39120.0,OP-SHIFT_2-06,True
UNIT-000630,PT-05,38640.0,OP-SHIFT_2-01,True
UNIT-000630,FA-05,39000.0,OP-SHIFT_2-01,True
UNIT-000630,FA-06,39060.0,OP-SHIFT_2-01,True
UNIT-000630,FA-07,39120.0,OP-SHIFT_2-01,True
UNIT-000630,FA-08,39180.0,OP-SHIFT_2-01,True
UNIT-000631,PT-05,38700.0,OP-SHIFT_2-02,True
UNIT-000631,FA-05,39060.0,OP-SHIFT_2-02,True
UNIT-000631,FA-06,39120.0,OP-SHIFT_2-02,True
UNIT-000631,FA-07,39180.0,OP-SHIFT_2-02,True
UNIT-000631,FA-08,39240.0,OP-SHIFT_2-02,True
UNIT-000632,PT-05,38760.0,OP-SHIFT_2-03,True
UNIT-000632,FA-05,39120.0,OP-SHIFT_2-03,True
UNIT-000632,FA-06,39180.0,OP-SHIFT_2-03,True
UNIT-000632,FA-07,39240.0,OP-SHIFT_2-03,True
UNIT-000632,FA-08,39300.0,OP-SHIFT_2-03,True
UNIT-000633,PT-05,38820.0,OP-SHIFT_2-04,True
UNIT-000633,FA-05,39180.0,OP-SHIFT_2-04,True
UNIT-000633,FA-06,39240.0,OP-SHIFT_2-04,True
UNIT-000633,FA-07,39300.0,OP-SHIFT_2-04,True
UNIT-000633,FA-08,39360.0,OP-SHIFT_2-04,True
UNIT-000634,PT-05,38880.0,OP-SHIFT_2-05,True
UNIT-000634,FA-05,39240.0,OP-SHIFT_2-05,True
UNIT-000634,FA-06,39300.0,OP-SHIFT_2-05,True
UNIT-000634,FA-07,39360.0,OP-SHIFT_2-05,True
UNIT-000634,FA-08,39420.0,OP-SHIFT_2-05,True
UNIT-000635,PT-05,38940.0,OP-SHIFT_2-06,True
UNIT-000635,FA-05,39300.0,OP-SHIFT_2-06,True
UNIT-000635,FA-06,39360.0,OP-SHIFT_2-06,True
UNIT-000635,FA-07,39420.0,OP-SHIFT_2-06,True
UNIT-000635,FA-08,39480.0,OP-SHIFT_2-06,True
UNIT-000636,PT-05,39000.0,OP-SHIFT_2-01,True
UNIT-000636,FA-05,39360.0,OP-SHIFT_2-01,True
UNIT-000636,FA-06,39420.0,OP-SHIFT_2-01,True
UNIT-000636,FA-07,39480.0,OP-SHIFT_2-01,True
UNIT-000636,FA-08,39540.0,OP-SHIFT_2-01,True
UNIT-000637,PT-05,39060.0,OP-SHIFT_2-02,True
UNIT-000637,FA-05,39420.0,OP-SHIFT_2-02,True
UNIT-000637,FA-06,39480.0,OP-SHIFT_2-02,True
UNIT-000637,FA-07,39540.0,OP-SHIFT_2-02,True
UNIT-000637,FA-08,39600.0,OP-SHIFT_2-02,True
UNIT-000638,PT-05,39120.0,OP-SHIFT_2-03,True
UNIT-000638,FA-05,39480.0,OP-SHIFT_2-03,True
UNIT-000638,FA-06,39540.0,OP-SHIFT_2-03,True
UNIT-000638,FA-07,39600.0,OP-SHIFT_2-03,True
UNIT-000638,FA-08,39660.0,OP-SHIFT_2-03,True
UNIT-000639,PT-05,39180.0,OP-SHIFT_2-04,True
UNIT-000639,FA-05,39540.0,OP-SHIFT_2-04,True
UNIT-000639,FA-06,39600.0,OP-SHIFT_2-04,True
UNIT-000639,FA-07,39660.0,OP-SHIFT_2-04,True
UNIT-000639,FA-08,39720.0,OP-SHIFT_2-04,True
UNIT-000640,PT-05,39240.0,OP-SHIFT_2-05,True
UNIT-000640,FA-05,39600.0,OP-SHIFT_2-05,True
UNIT-000640,FA-06,39660.0,OP-SHIFT_2-05,True
UNIT-000640,FA-07,39720.0,OP-SHIFT_2-05,True
UNIT-000640,FA-08,39780.0,OP-SHIFT_2-05,True
UNIT-000641,PT-05,39300.0,OP-SHIFT_2-06,True
UNIT-000641,FA-05,39660.0,OP-SHIFT_2-06,True
UNIT-000641,FA-06,39720.0,OP-SHIFT_2-06,True
UNIT-000641,FA-07,39780.0,OP-SHIFT_2-06,True
UNIT-000641,FA-08,39840.0,OP-SHIFT_2-06,True
UNIT-000642,PT-05,39360.0,OP-SHIFT_2-01,True
UNIT-000642,FA-05,39720.0,OP-SHIFT_2-01,True
UNIT-000642,FA-06,39780.0,OP-SHIFT_2-01,True
UNIT-000642,FA-07,39840.0,OP-SHIFT_2-01,True
UNIT-000642,FA-08,39900.0,OP-SHIFT_2-01,True
UNIT-000643,PT-05,39420.0,OP-SHIFT_2-02,True
UNIT-000643,FA-05,39780.0,OP-SHIFT_2-02,True
UNIT-000643,FA-06,39840.0,OP-SHIFT_2-02,True
UNIT-000643,FA-07,39900.0,OP-SHIFT_2-02,True
UNIT-000643,FA-08,39960.0,OP-SHIFT_2-02,True
UNIT-000644,PT-05,39480.0,OP-SHIFT_2-03,True
UNIT-000644,FA-05,39840.0,OP-SHIFT_2-03,True
UNIT-000644,FA-06,39900.0,OP-SHIFT_2-03,True
UNIT-000644,FA-07,39960.0,OP-SHIFT_2-03,True
UNIT-000644,FA-08,40020.0,OP-SHIFT_2-03,True
UNIT-000645,PT-05,39540.0,OP-SHIFT_2-04,True
UNIT-000645,FA-05,39900.0,OP-SHIFT_2-04,True
UNIT-000645,FA-06,39960.0,OP-SHIFT_2-04,True
UNIT-000645,FA-07,40020.0,OP-SHIFT_2-04,True
UNIT-000645,FA-08,40080.0,OP-SHIFT_2-04,True
UNIT-000646,PT-05,39600.0,OP-SHIFT_2-05,True
UNIT-000646,FA-05,39960.0,OP-SHIFT_2-05,True
UNIT-000646,FA-06,40020.0,OP-SHIFT_2-05,True
UNIT-000646,FA-07,40080.0,OP-SHIFT_2-05,True
UNIT-000646,FA-08,40140.0,OP-SHIFT_2-05,True
UNIT-000647,PT-05,39660.0,OP-SHIFT_2-06,True
UNIT-000647,FA-05,40020.0,OP-SHIFT_2-06,True
UNIT-000647,FA-06,40080.0,OP-SHIFT_2-06,True
UNIT-000647,FA-07,40140.0,OP-SHIFT_2-06,True
UNIT-000647,FA-08,40200.0,OP-SHIFT_2-06,True
UNIT-000648,PT-05,39720.0,OP-SHIFT_2-01,True
UNIT-000648,FA-05,40080.0,OP-SHIFT_2-01,True
UNIT-000648,FA-06,40140.0,OP-SHIFT_2-01,True
UNIT-000648,FA-07,40200.0,OP-SHIFT_2-01,True
UNIT-000648,FA-08,40260.0,OP-SHIFT_2-01,True
UNIT-000649,PT-05,39780.0,OP-SHIFT_2-02,True
UNIT-000649,FA-05,40140.0,OP-SHIFT_2-02,True
UNIT-000649,FA-06,40200.0,OP-SHIFT_2-02,True
UNIT-000649,FA-07,40260.0,OP-SHIFT_2-02,True
UNIT-000649,FA-08,40320.0,OP-SHIFT_2-02,True
UNIT-000650,PT-05,39840.0,OP-SHIFT_2-03,True
UNIT-000650,FA-05,40200.0,OP-SHIFT_2-03,True
UNIT-000650,FA-06,40260.0,OP-SHIFT_2-03,True
UNIT-000650,FA-07,40320.0,OP-SHIFT_2-03,True
UNIT-000650,FA-08,40380.0,OP-SHIFT_2-03,True
UNIT-000651,PT-05,39900.0,OP-SHIFT_2-04,True
UNIT-000651,FA-05,40260.0,OP-SHIFT_2-04,True
UNIT-000651,FA-06,40320.0,OP-SHIFT_2-04,True
UNIT-000651,FA-07,40380.0,OP-SHIFT_2-04,True
UNIT-000651,FA-08,40440.0,OP-SHIFT_2-04,True
UNIT-000652,PT-05,39960.0,OP-SHIFT_2-05,True
UNIT-000652,FA-05,40320.0,OP-SHIFT_2-05,True
UNIT-000652,FA-06,40380.0,OP-SHIFT_2-05,True
UNIT-000652,FA-07,40440.0,OP-SHIFT_2-05,True
UNIT-000652,FA-08,40500.0,OP-SHIFT_2-05,True
UNIT-000653,PT-05,40020.0,OP-SHIFT_2-06,True
UNIT-000653,FA-05,40380.0,OP-SHIFT_2-06,True
UNIT-000653,FA-06,40440.0,OP-SHIFT_2-06,True
UNIT-000653,FA-07,40500.0,OP-SHIFT_2-06,True
UNIT-000653,FA-08,40560.0,OP-SHIFT_2-06,True
UNIT-000654,PT-05,40080.0,OP-SHIFT_2-01,True
UNIT-000654,FA-05,40440.0,OP-SHIFT_2-01,True
UNIT-000654,FA-06,40500.0,OP-SHIFT_2-01,True
UNIT-000654,FA-07,40560.0,OP-SHIFT_2-01,True
UNIT-000654,FA-08,40620.0,OP-SHIFT_2-01,True
UNIT-000655,PT-05,40140.0,OP-SHIFT_2-02,True
UNIT-000655,FA-05,40500.0,OP-SHIFT_2-02,True
UNIT-000655,FA-06,40560.0,OP-SHIFT_2-02,True
UNIT-000655,FA-07,40620.0,OP-SHIFT_2-02,True
UNIT-000655,FA-08,40680.0,OP-SHIFT_2-02,True
UNIT-000656,PT-05,40200.0,OP-SHIFT_2-03,True
UNIT-000656,FA-05,40560.0,OP-SHIFT_2-03,True
UNIT-000656,FA-06,40620.0,OP-SHIFT_2-03,True
UNIT-000656,FA-07,40680.0,OP-SHIFT_2-03,True
UNIT-000656,FA-08,40740.0,OP-SHIFT_2-03,True
UNIT-000657,PT-05,40260.0,OP-SHIFT_2-04,True
UNIT-000657,FA-05,40620.0,OP-SHIFT_2-04,True
UNIT-000657,FA-06,40680.0,OP-SHIFT_2-04,True
UNIT-000657,FA-07,40740.0,OP-SHIFT_2-04,True
UNIT-000657,FA-08,40800.0,OP-SHIFT_2-04,True
UNIT-000658,PT-05,40320.0,OP-SHIFT_2-05,True
UNIT-000658,FA-05,40680.0,OP-SHIFT_2-05,True
UNIT-000658,FA-06,40740.0,OP-SHIFT_2-05,True
UNIT-000658,FA-07,40800.0,OP-SHIFT_2-05,True
UNIT-000658,FA-08,40860.0,OP-SHIFT_2-05,True
UNIT-000659,PT-05,40380.0,OP-SHIFT_2-06,True
UNIT-000659,FA-05,40740.0,OP-SHIFT_2-06,True
UNIT-000659,FA-06,40800.0,OP-SHIFT_2-06,True
UNIT-000659,FA-07,40860.0,OP-SHIFT_2-06,True
UNIT-000659,FA-08,40920.0,OP-SHIFT_2-06,True
UNIT-000660,PT-05,40440.0,OP-SHIFT_2-01,True
UNIT-000660,FA-05,40800.0,OP-SHIFT_2-01,True
UNIT-000660,FA-06,40860.0,OP-SHIFT_2-01,True
UNIT-000660,FA-07,40920.0,OP-SHIFT_2-01,True
UNIT-000660,FA-08,40980.0,OP-SHIFT_2-01,True
UNIT-000661,PT-05,40500.0,OP-SHIFT_2-02,True
UNIT-000661,FA-05,40860.0,OP-SHIFT_2-02,True
UNIT-000661,FA-06,40920.0,OP-SHIFT_2-02,True
UNIT-000661,FA-07,40980.0,OP-SHIFT_2-02,True
UNIT-000661,FA-08,41040.0,OP-SHIFT_2-02,True
UNIT-000662,PT-05,40560.0,OP-SHIFT_2-03,True
UNIT-000662,FA-05,40920.0,OP-SHIFT_2-03,True
UNIT-000662,FA-06,40980.0,OP-SHIFT_2-03,True
UNIT-000662,FA-07,41040.0,OP-SHIFT_2-03,True
UNIT-000662,FA-08,41100.0,OP-SHIFT_2-03,True
UNIT-000663,PT-05,40620.0,OP-SHIFT_2-04,True
UNIT-000663,FA-05,40980.0,OP-SHIFT_2-04,True
UNIT-000663,FA-06,41040.0,OP-SHIFT_2-04,True
UNIT-000663,FA-07,41100.0,OP-SHIFT_2-04,True
UNIT-000663,FA-08,41160.0,OP-SHIFT_2-04,True
UNIT-000664,PT-05,40680.0,OP-SHIFT_2-05,True
UNIT-000664,FA-05,41040.0,OP-SHIFT_2-05,True
UNIT-000664,FA-06,41100.0,OP-SHIFT_2-05,True
UNIT-000664,FA-07,41160.0,OP-SHIFT_2-05,True
UNIT-000664,FA-08,41220.0,OP-SHIFT_2-05,True
UNIT-000665,PT-05,40740.0,OP-SHIFT_2-06,True
UNIT-000665,FA-05,41100.0,OP-SHIFT_2-06,True
UNIT-000665,FA-06,41160.0,OP-SHIFT_2-06,True
UNIT-000665,FA-07,41220.0,OP-SHIFT_2-06,True
UNIT-000665,FA-08,41280.0,OP-SHIFT_2-06,True
UNIT-000666,PT-05,40800.0,OP-SHIFT_2-01,True
UNIT-000666,FA-05,41160.0,OP-SHIFT_2-01,True
UNIT-000666,FA-06,41220.0,OP-SHIFT_2-01,True
UNIT-000666,FA-07,41280.0,OP-SHIFT_2-01,True
UNIT-000666,FA-08,41340.0,OP-SHIFT_2-01,True
UNIT-000667,PT-05,40860.0,OP-SHIFT_2-02,True
UNIT-000667,FA-05,41220.0,OP-SHIFT_2-02,True
UNIT-000667,FA-06,41280.0,OP-SHIFT_2-02,True
UNIT-000667,FA-07,41340.0,OP-SHIFT_2-02,True
UNIT-000667,FA-08,41400.0,OP-SHIFT_2-02,True
UNIT-000668,PT-05,40920.0,OP-SHIFT_2-03,True
UNIT-000668,FA-05,41280.0,OP-SHIFT_2-03,True
UNIT-000668,FA-06,41340.0,OP-SHIFT_2-03,True
UNIT-000668,FA-07,41400.0,OP-SHIFT_2-03,True
UNIT-000668,FA-08,41460.0,OP-SHIFT_2-03,True
UNIT-000669,PT-05,40980.0,OP-SHIFT_2-04,True
UNIT-000669,FA-05,41340.0,OP-SHIFT_2-04,True
UNIT-000669,FA-06,41400.0,OP-SHIFT_2-04,True
UNIT-000669,FA-07,41460.0,OP-SHIFT_2-04,True
UNIT-000669,FA-08,41520.0,OP-SHIFT_2-04,True
UNIT-000670,PT-05,41040.0,OP-SHIFT_2-05,True
UNIT-000670,FA-05,41400.0,OP-SHIFT_2-05,True
UNIT-000670,FA-06,41460.0,OP-SHIFT_2-05,True
UNIT-000670,FA-07,41520.0,OP-SHIFT_2-05,True
UNIT-000670,FA-08,41580.0,OP-SHIFT_2-05,True
UNIT-000671,PT-05,41100.0,OP-SHIFT_2-06,True
UNIT-000671,FA-05,41460.0,OP-SHIFT_2-06,True
UNIT-000671,FA-06,41520.0,OP-SHIFT_2-06,True
UNIT-000671,FA-07,41580.0,OP-SHIFT_2-06,True
UNIT-000671,FA-08,41640.0,OP-SHIFT_2-06,True
UNIT-000672,PT-05,41160.0,OP-SHIFT_2-01,True
UNIT-000672,FA-05,41520.0,OP-SHIFT_2-01,True
UNIT-000672,FA-06,41580.0,OP-SHIFT_2-01,True
UNIT-000672,FA-07,41640.0,OP-SHIFT_2-01,True
UNIT-000672,FA-08,41700.0,OP-SHIFT_2-01,True
UNIT-000673,PT-05,41220.0,OP-SHIFT_2-02,True
UNIT-000673,FA-05,41580.0,OP-SHIFT_2-02,True
UNIT-000673,FA-06,41640.0,OP-SHIFT_2-02,True
UNIT-000673,FA-07,41700.0,OP-SHIFT_2-02,True
UNIT-000673,FA-08,41760.0,OP-SHIFT_2-02,True
UNIT-000674,PT-05,41280.0,OP-SHIFT_2-03,True
UNIT-000674,FA-05,41640.0,OP-SHIFT_2-03,True
UNIT-000674,FA-06,41700.0,OP-SHIFT_2-03,True
UNIT-000674,FA-07,41760.0,OP-SHIFT_2-03,True
UNIT-000674,FA-08,41820.0,OP-SHIFT_2-03,True
UNIT-000675,PT-05,41340.0,OP-SHIFT_2-04,True
UNIT-000675,FA-05,41700.0,OP-SHIFT_2-04,True
UNIT-000675,FA-06,41760.0,OP-SHIFT_2-04,True
UNIT-000675,FA-07,41820.0,OP-SHIFT_2-04,True
UNIT-000675,FA-08,41880.0,OP-SHIFT_2-04,True
UNIT-000676,PT-05,41400.0,OP-SHIFT_2-05,True
UNIT-000676,FA-05,41760.0,OP-SHIFT_2-05,True
UNIT-000676,FA-06,41820.0,OP-SHIFT_2-05,True
UNIT-000676,FA-07,41880.0,OP-SHIFT_2-05,True
UNIT-000676,FA-08,41940.0,OP-SHIFT_2-05,True
UNIT-000677,PT-05,41460.0,OP-SHIFT_2-06,True
UNIT-000677,FA-05,41820.0,OP-SHIFT_2-06,True
UNIT-000677,FA-06,41880.0,OP-SHIFT_2-06,True
UNIT-000677,FA-07,41940.0,OP-SHIFT_2-06,True
UNIT-000677,FA-08,42000.0,OP-SHIFT_2-06,True
UNIT-000678,PT-05,41520.0,OP-SHIFT_2-01,True
UNIT-000678,FA-05,41880.0,OP-SHIFT_2-01,True
UNIT-000678,FA-06,41940.0,OP-SHIFT_2-01,True
UNIT-000678,FA-07,42000.0,OP-SHIFT_2-01,True
UNIT-000678,FA-08,42060.0,OP-SHIFT_2-01,True
UNIT-000679,PT-05,41580.0,OP-SHIFT_2-02,True
UNIT-000679,FA-05,41940.0,OP-SHIFT_2-02,True
UNIT-000679,FA-06,42000.0,OP-SHIFT_2-02,True
UNIT-000679,FA-07,42060.0,OP-SHIFT_2-02,True
UNIT-000679,FA-08,42120.0,OP-SHIFT_2-02,True
UNIT-000680,PT-05,41640.0,OP-SHIFT_2-03,True
UNIT-000680,FA-05,42000.0,OP-SHIFT_2-03,True
UNIT-000680,FA-06,42060.0,OP-SHIFT_2-03,True
UNIT-000680,FA-07,42120.0,OP-SHIFT_2-03,True
UNIT-000680,FA-08,42180.0,OP-SHIFT_2-03,True
UNIT-000681,PT-05,41700.0,OP-SHIFT_2-04,True
UNIT-000681,FA-05,42060.0,OP-SHIFT_2-04,True
UNIT-000681,FA-06,42120.0,OP-SHIFT_2-04,True
UNIT-000681,FA-07,42180.0,OP-SHIFT_2-04,True
UNIT-000681,FA-08,42240.0,OP-SHIFT_2-04,True
UNIT-000682,PT-05,41760.0,OP-SHIFT_2-05,True
UNIT-000682,FA-05,42120.0,OP-SHIFT_2-05,True
UNIT-000682,FA-06,42180.0,OP-SHIFT_2-05,True
UNIT-000682,FA-07,42240.0,OP-SHIFT_2-05,True
UNIT-000682,FA-08,42300.0,OP-SHIFT_2-05,True
UNIT-000683,PT-05,41820.0,OP-SHIFT_2-06,True
UNIT-000683,FA-05,42180.0,OP-SHIFT_2-06,False
UNIT-000683,FA-06,42240.0,OP-SHIFT_2-06,True
UNIT-000683,FA-07,42300.0,OP-SHIFT_2-06,True
UNIT-000683,FA-08,42360.0,OP-SHIFT_2-06,True
UNIT-000684,PT-05,41880.0,OP-SHIFT_2-01,True
UNIT-000684,FA-05,42240.0,OP-SHIFT_2-01,True
UNIT-000684,FA-06,42300.0,OP-SHIFT_2-01,True
UNIT-000684,FA-07,42360.0,OP-SHIFT_2-01,True
UNIT-000684,FA-08,42420.0,OP-SHIFT_2-01,True
UNIT-000685,PT-05,41940.0,OP-SHIFT_2-02,True
UNIT-000685,FA-05,42300.0,OP-SHIFT_2-02,True
UNIT-000685,FA-06,42360.0,OP-SHIFT_2-02,True
UNIT-000685,FA-07,42420.0,OP-SHIFT_2-02,True
UNIT-000685,FA-08,42480.0,OP-SHIFT_2-02,True
UNIT-000686,PT-05,42000.0,OP-SHIFT_2-03,True
UNIT-000686,FA-05,42360.0,OP-SHIFT_2-03,True
UNIT-000686,FA-06,42420.0,OP-SHIFT_2-03,True
UNIT-000686,FA-07,42480.0,OP-SHIFT_2-03,True
UNIT-000686,FA-08,42540.0,OP-SHIFT_2-03,True
UNIT-000687,PT-05,42060.0,OP-SHIFT_2-04,True
UNIT-000687,FA-05,42420.0,OP-SHIFT_2-04,True
UNIT-000687,FA-06,42480.0,OP-SHIFT_2-04,True
UNIT-000687,FA-07,42540.0,OP-SHIFT_2-04,True
UNIT-000687,FA-08,42600.0,OP-SHIFT_2-04,True
UNIT-000688,PT-05,42120.0,OP-SHIFT_2-05,True
UNIT-000688,FA-05,42480.0,OP-SHIFT_2-05,True
UNIT-000688,FA-06,42540.0,OP-SHIFT_2-05,True
UNIT-000688,FA-07,42600.0,OP-SHIFT_2-05,True
UNIT-000688,FA-08,42660.0,OP-SHIFT_2-05,True
UNIT-000689,PT-05,42180.0,OP-SHIFT_2-06,True
UNIT-000689,FA-05,42540.0,OP-SHIFT_2-06,True
UNIT-000689,FA-06,42600.0,OP-SHIFT_2-06,True
UNIT-000689,FA-07,42660.0,OP-SHIFT_2-06,True
UNIT-000689,FA-08,42720.0,OP-SHIFT_2-06,True
UNIT-000690,PT-05,42240.0,OP-SHIFT_2-01,True
UNIT-000690,FA-05,42600.0,OP-SHIFT_2-01,True
UNIT-000690,FA-06,42660.0,OP-SHIFT_2-01,True
UNIT-000690,FA-07,42720.0,OP-SHIFT_2-01,True
UNIT-000690,FA-08,42780.0,OP-SHIFT_2-01,True
UNIT-000691,PT-05,42300.0,OP-SHIFT_2-02,True
UNIT-000691,FA-05,42660.0,OP-SHIFT_2-02,True
UNIT-000691,FA-06,42720.0,OP-SHIFT_2-02,True
UNIT-000691,FA-07,42780.0,OP-SHIFT_2-02,True
UNIT-000691,FA-08,42840.0,OP-SHIFT_2-02,True
UNIT-000692,PT-05,42360.0,OP-SHIFT_2-03,True
UNIT-000692,FA-05,42720.0,OP-SHIFT_2-03,True
UNIT-000692,FA-06,42780.0,OP-SHIFT_2-03,True
UNIT-000692,FA-07,42840.0,OP-SHIFT_2-03,True
UNIT-000692,FA-08,42900.0,OP-SHIFT_2-03,True
UNIT-000693,PT-05,42420.0,OP-SHIFT_2-04,True
UNIT-000693,FA-05,42780.0,OP-SHIFT_2-04,True
UNIT-000693,FA-06,42840.0,OP-SHIFT_2-04,True
UNIT-000693,FA-07,42900.0,OP-SHIFT_2-04,True
UNIT-000693,FA-08,42960.0,OP-SHIFT_2-04,True
UNIT-000694,PT-05,42480.0,OP-SHIFT_2-05,True
UNIT-000694,FA-05,42840.0,OP-SHIFT_2-05,True
UNIT-000694,FA-06,42900.0,OP-SHIFT_2-05,True
UNIT-000694,FA-07,42960.0,OP-SHIFT_2-05,True
UNIT-000694,FA-08,43020.0,OP-SHIFT_2-05,True
UNIT-000695,PT-05,42540.0,OP-SHIFT_2-06,True
UNIT-000695,FA-05,42900.0,OP-SHIFT_2-06,True
UNIT-000695,FA-06,42960.0,OP-SHIFT_2-06,True
UNIT-000695,FA-07,43020.0,OP-SHIFT_2-06,True
UNIT-000695,FA-08,43080.0,OP-SHIFT_2-06,True
UNIT-000696,PT-05,42600.0,OP-SHIFT_2-01,True
UNIT-000696,FA-05,42960.0,OP-SHIFT_2-01,True
UNIT-000696,FA-06,43020.0,OP-SHIFT_2-01,True
UNIT-000696,FA-07,43080.0,OP-SHIFT_2-01,True
UNIT-000696,FA-08,43140.0,OP-SHIFT_2-01,True
UNIT-000697,PT-05,42660.0,OP-SHIFT_2-02,True
UNIT-000697,FA-05,43020.0,OP-SHIFT_2-02,True
UNIT-000697,FA-06,43080.0,OP-SHIFT_2-02,True
UNIT-000697,FA-07,43140.0,OP-SHIFT_2-02,True
UNIT-000697,FA-08,43200.0,OP-SHIFT_2-02,True
UNIT-000698,PT-05,42720.0,OP-SHIFT_2-03,True
UNIT-000698,FA-05,43080.0,OP-SHIFT_2-03,True
UNIT-000698,FA-06,43140.0,OP-SHIFT_2-03,True
UNIT-000698,FA-07,43200.0,OP-SHIFT_2-03,True
UNIT-000698,FA-08,43260.0,OP-SHIFT_2-03,True
UNIT-000699,PT-05,42780.0,OP-SHIFT_2-04,True
UNIT-000699,FA-05,43140.0,OP-SHIFT_2-04,True
UNIT-000699,FA-06,43200.0,OP-SHIFT_2-04,True
UNIT-000699,FA-07,43260.0,OP-SHIFT_2-04,True
UNIT-000699,FA-08,43320.0,OP-SHIFT_2-04,True
UNIT-000700,PT-05,42840.0,OP-SHIFT_2-05,True
UNIT-000700,FA-05,43200.0,OP-SHIFT_2-05,True
UNIT-000700,FA-06,43260.0,OP-SHIFT_2-05,True
UNIT-000700,FA-07,43320.0,OP-SHIFT_2-05,True
UNIT-000700,FA-08,43380.0,OP-SHIFT_2-05,True
UNIT-000701,PT-05,42900.0,OP-SHIFT_2-06,True
UNIT-000701,FA-05,43260.0,OP-SHIFT_2-06,True
UNIT-000701,FA-06,43320.0,OP-SHIFT_2-06,True
UNIT-000701,FA-07,43380.0,OP-SHIFT_2-06,True
UNIT-000701,FA-08,43440.0,OP-SHIFT_2-06,True
UNIT-000702,PT-05,42960.0,OP-SHIFT_2-01,True
UNIT-000702,FA-05,43320.0,OP-SHIFT_2-01,True
UNIT-000702,FA-06,43380.0,OP-SHIFT_2-01,True
UNIT-000702,FA-07,43440.0,OP-SHIFT_2-01,True
UNIT-000702,FA-08,43500.0,OP-SHIFT_2-01,True
UNIT-000703,PT-05,43020.0,OP-SHIFT_2-02,True
UNIT-000703,FA-05,43380.0,OP-SHIFT_2-02,True
UNIT-000703,FA-06,43440.0,OP-SHIFT_2-02,True
UNIT-000703,FA-07,43500.0,OP-SHIFT_2-02,True
UNIT-000703,FA-08,43560.0,OP-SHIFT_2-02,True
UNIT-000704,PT-05,43080.0,OP-SHIFT_2-03,True
UNIT-000704,FA-05,43440.0,OP-SHIFT_2-03,True
UNIT-000704,FA-06,43500.0,OP-SHIFT_2-03,True
UNIT-000704,FA-07,43560.0,OP-SHIFT_2-03,True
UNIT-000704,FA-08,43620.0,OP-SHIFT_2-03,True
UNIT-000705,PT-05,43140.0,OP-SHIFT_2-04,True
UNIT-000705,FA-05,43500.0,OP-SHIFT_2-04,True
UNIT-000705,FA-06,43560.0,OP-SHIFT_2-04,True
UNIT-000705,FA-07,43620.0,OP-SHIFT_2-04,True
UNIT-000705,FA-08,43680.0,OP-SHIFT_2-04,True
UNIT-000706,PT-05,43200.0,OP-SHIFT_2-05,True
UNIT-000706,FA-05,43560.0,OP-SHIFT_2-05,True
UNIT-000706,FA-06,43620.0,OP-SHIFT_2-05,True
UNIT-000706,FA-07,43680.0,OP-SHIFT_2-05,True
UNIT-000706,FA-08,43740.0,OP-SHIFT_2-05,True
UNIT-000707,PT-05,43260.0,OP-SHIFT_2-06,True
UNIT-000707,FA-05,43620.0,OP-SHIFT_2-06,True
UNIT-000707,FA-06,43680.0,OP-SHIFT_2-06,True
UNIT-000707,FA-07,43740.0,OP-SHIFT_2-06,True
UNIT-000707,FA-08,43800.0,OP-SHIFT_2-06,True
UNIT-000708,PT-05,43320.0,OP-SHIFT_2-01,True
UNIT-000708,FA-05,43680.0,OP-SHIFT_2-01,True
UNIT-000708,FA-06,43740.0,OP-SHIFT_2-01,True
UNIT-000708,FA-07,43800.0,OP-SHIFT_2-01,True
UNIT-000708,FA-08,43860.0,OP-SHIFT_2-01,True
UNIT-000709,PT-05,43380.0,OP-SHIFT_2-02,True
UNIT-000709,FA-05,43740.0,OP-SHIFT_2-02,True
UNIT-000709,FA-06,43800.0,OP-SHIFT_2-02,True
UNIT-000709,FA-07,43860.0,OP-SHIFT_2-02,True
UNIT-000709,FA-08,43920.0,OP-SHIFT_2-02,True
UNIT-000710,PT-05,43440.0,OP-SHIFT_2-03,True
UNIT-000710,FA-05,43800.0,OP-SHIFT_2-03,True
UNIT-000710,FA-06,43860.0,OP-SHIFT_2-03,True
UNIT-000710,FA-07,43920.0,OP-SHIFT_2-03,True
UNIT-000710,FA-08,43980.0,OP-SHIFT_2-03,True
UNIT-000711,PT-05,43500.0,OP-SHIFT_2-04,True
UNIT-000711,FA-05,43860.0,OP-SHIFT_2-04,True
UNIT-000711,FA-06,43920.0,OP-SHIFT_2-04,True
UNIT-000711,FA-07,43980.0,OP-SHIFT_2-04,True
UNIT-000711,FA-08,44040.0,OP-SHIFT_2-04,True
UNIT-000712,PT-05,43560.0,OP-SHIFT_2-05,True
UNIT-000712,FA-05,43920.0,OP-SHIFT_2-05,True
UNIT-000712,FA-06,43980.0,OP-SHIFT_2-05,True
UNIT-000712,FA-07,44040.0,OP-SHIFT_2-05,True
UNIT-000712,FA-08,44100.0,OP-SHIFT_2-05,True
UNIT-000713,PT-05,43620.0,OP-SHIFT_2-06,True
UNIT-000713,FA-05,43980.0,OP-SHIFT_2-06,True
UNIT-000713,FA-06,44040.0,OP-SHIFT_2-06,True
UNIT-000713,FA-07,44100.0,OP-SHIFT_2-06,True
UNIT-000713,FA-08,44160.0,OP-SHIFT_2-06,True
UNIT-000714,PT-05,43680.0,OP-SHIFT_2-01,True
UNIT-000714,FA-05,44040.0,OP-SHIFT_2-01,True
UNIT-000714,FA-06,44100.0,OP-SHIFT_2-01,True
UNIT-000714,FA-07,44160.0,OP-SHIFT_2-01,True
UNIT-000714,FA-08,44220.0,OP-SHIFT_2-01,True
UNIT-000715,PT-05,43740.0,OP-SHIFT_2-02,True
UNIT-000715,FA-05,44100.0,OP-SHIFT_2-02,True
UNIT-000715,FA-06,44160.0,OP-SHIFT_2-02,True
UNIT-000715,FA-07,44220.0,OP-SHIFT_2-02,True
UNIT-000715,FA-08,44280.0,OP-SHIFT_2-02,True
UNIT-000716,PT-05,43800.0,OP-SHIFT_2-03,True
UNIT-000716,FA-05,44160.0,OP-SHIFT_2-03,True
UNIT-000716,FA-06,44220.0,OP-SHIFT_2-03,True
UNIT-000716,FA-07,44280.0,OP-SHIFT_2-03,True
UNIT-000716,FA-08,44340.0,OP-SHIFT_2-03,True
UNIT-000717,PT-05,43860.0,OP-SHIFT_2-04,True
UNIT-000717,FA-05,44220.0,OP-SHIFT_2-04,True
UNIT-000717,FA-06,44280.0,OP-SHIFT_2-04,True
UNIT-000717,FA-07,44340.0,OP-SHIFT_2-04,True
UNIT-000717,FA-08,44400.0,OP-SHIFT_2-04,True
UNIT-000718,PT-05,43920.0,OP-SHIFT_2-05,True
UNIT-000718,FA-05,44280.0,OP-SHIFT_2-05,True
UNIT-000718,FA-06,44340.0,OP-SHIFT_2-05,True
UNIT-000718,FA-07,44400.0,OP-SHIFT_2-05,True
UNIT-000718,FA-08,44460.0,OP-SHIFT_2-05,True
UNIT-000719,PT-05,43980.0,OP-SHIFT_2-06,True
UNIT-000719,FA-05,44340.0,OP-SHIFT_2-06,True
UNIT-000719,FA-06,44400.0,OP-SHIFT_2-06,True
UNIT-000719,FA-07,44460.0,OP-SHIFT_2-06,True
UNIT-000719,FA-08,44520.0,OP-SHIFT_2-06,True
UNIT-000720,PT-05,44040.0,OP-SHIFT_2-01,True
UNIT-000720,FA-05,44400.0,OP-SHIFT_2-01,True
UNIT-000720,FA-06,44460.0,OP-SHIFT_2-01,True
UNIT-000720,FA-07,44520.0,OP-SHIFT_2-01,True
UNIT-000720,FA-08,44580.0,OP-SHIFT_2-01,True
UNIT-000721,PT-05,44100.0,OP-SHIFT_2-02,True
UNIT-000721,FA-05,44460.0,OP-SHIFT_2-02,True
UNIT-000721,FA-06,44520.0,OP-SHIFT_2-02,True
UNIT-000721,FA-07,44580.0,OP-SHIFT_2-02,True
UNIT-000721,FA-08,44640.0,OP-SHIFT_2-02,True
UNIT-000722,PT-05,44160.0,OP-SHIFT_2-03,True
UNIT-000722,FA-05,44520.0,OP-SHIFT_2-03,True
UNIT-000722,FA-06,44580.0,OP-SHIFT_2-03,True
UNIT-000722,FA-07,44640.0,OP-SHIFT_2-03,True
UNIT-000722,FA-08,44700.0,OP-SHIFT_2-03,True
UNIT-000723,PT-05,44220.0,OP-SHIFT_2-04,True
UNIT-000723,FA-05,44580.0,OP-SHIFT_2-04,True
UNIT-000723,FA-06,44640.0,OP-SHIFT_2-04,True
UNIT-000723,FA-07,44700.0,OP-SHIFT_2-04,True
UNIT-000723,FA-08,44760.0,OP-SHIFT_2-04,True
UNIT-000724,PT-05,44280.0,OP-SHIFT_2-05,True
UNIT-000724,FA-05,44640.0,OP-SHIFT_2-05,True
UNIT-000724,FA-06,44700.0,OP-SHIFT_2-05,True
UNIT-000724,FA-07,44760.0,OP-SHIFT_2-05,True
UNIT-000724,FA-08,44820.0,OP-SHIFT_2-05,True
UNIT-000725,PT-05,44340.0,OP-SHIFT_2-06,True
UNIT-000725,FA-05,44700.0,OP-SHIFT_2-06,True
UNIT-000725,FA-06,44760.0,OP-SHIFT_2-06,True
UNIT-000725,FA-07,44820.0,OP-SHIFT_2-06,True
UNIT-000725,FA-08,44880.0,OP-SHIFT_2-06,True
UNIT-000726,PT-05,44400.0,OP-SHIFT_2-01,True
UNIT-000726,FA-05,44760.0,OP-SHIFT_2-01,True
UNIT-000726,FA-06,44820.0,OP-SHIFT_2-01,True
UNIT-000726,FA-07,44880.0,OP-SHIFT_2-01,True
UNIT-000726,FA-08,44940.0,OP-SHIFT_2-01,True
UNIT-000727,PT-05,44460.0,OP-SHIFT_2-02,True
UNIT-000727,FA-05,44820.0,OP-SHIFT_2-02,True
UNIT-000727,FA-06,44880.0,OP-SHIFT_2-02,True
UNIT-000727,FA-07,44940.0,OP-SHIFT_2-02,True
UNIT-000727,FA-08,45000.0,OP-SHIFT_2-02,True
UNIT-000728,PT-05,44520.0,OP-SHIFT_2-03,True
UNIT-000728,FA-05,44880.0,OP-SHIFT_2-03,True
UNIT-000728,FA-06,44940.0,OP-SHIFT_2-03,True
UNIT-000728,FA-07,45000.0,OP-SHIFT_2-03,True
UNIT-000728,FA-08,45060.0,OP-SHIFT_2-03,True
UNIT-000729,PT-05,44580.0,OP-SHIFT_2-04,True
UNIT-000729,FA-05,44940.0,OP-SHIFT_2-04,True
UNIT-000729,FA-06,45000.0,OP-SHIFT_2-04,True
UNIT-000729,FA-07,45060.0,OP-SHIFT_2-04,True
UNIT-000729,FA-08,45120.0,OP-SHIFT_2-04,True
UNIT-000730,PT-05,44640.0,OP-SHIFT_2-05,True
UNIT-000730,FA-05,45000.0,OP-SHIFT_2-05,True
UNIT-000730,FA-06,45060.0,OP-SHIFT_2-05,True
UNIT-000730,FA-07,45120.0,OP-SHIFT_2-05,True
UNIT-000730,FA-08,45180.0,OP-SHIFT_2-05,True
UNIT-000731,PT-05,44700.0,OP-SHIFT_2-06,True
UNIT-000731,FA-05,45060.0,OP-SHIFT_2-06,True
UNIT-000731,FA-06,45120.0,OP-SHIFT_2-06,True
UNIT-000731,FA-07,45180.0,OP-SHIFT_2-06,True
UNIT-000731,FA-08,45240.0,OP-SHIFT_2-06,True
UNIT-000732,PT-05,44760.0,OP-SHIFT_2-01,True
UNIT-000732,FA-05,45120.0,OP-SHIFT_2-01,True
UNIT-000732,FA-06,45180.0,OP-SHIFT_2-01,True
UNIT-000732,FA-07,45240.0,OP-SHIFT_2-01,True
UNIT-000732,FA-08,45300.0,OP-SHIFT_2-01,True
UNIT-000733,PT-05,44820.0,OP-SHIFT_2-02,True
UNIT-000733,FA-05,45180.0,OP-SHIFT_2-02,True
UNIT-000733,FA-06,45240.0,OP-SHIFT_2-02,True
UNIT-000733,FA-07,45300.0,OP-SHIFT_2-02,True
UNIT-000733,FA-08,45360.0,OP-SHIFT_2-02,True
UNIT-000734,PT-05,44880.0,OP-SHIFT_2-03,True
UNIT-000734,FA-05,45240.0,OP-SHIFT_2-03,True
UNIT-000734,FA-06,45300.0,OP-SHIFT_2-03,True
UNIT-000734,FA-07,45360.0,OP-SHIFT_2-03,True
UNIT-000734,FA-08,45420.0,OP-SHIFT_2-03,True
UNIT-000735,PT-05,44940.0,OP-SHIFT_2-04,True
UNIT-000735,FA-05,45300.0,OP-SHIFT_2-04,True
UNIT-000735,FA-06,45360.0,OP-SHIFT_2-04,True
UNIT-000735,FA-07,45420.0,OP-SHIFT_2-04,True
UNIT-000735,FA-08,45480.0,OP-SHIFT_2-04,True
UNIT-000736,PT-05,45000.0,OP-SHIFT_2-05,True
UNIT-000736,FA-05,45360.0,OP-SHIFT_2-05,True
UNIT-000736,FA-06,45420.0,OP-SHIFT_2-05,True
UNIT-000736,FA-07,45480.0,OP-SHIFT_2-05,True
UNIT-000736,FA-08,45540.0,OP-SHIFT_2-05,True
UNIT-000737,PT-05,45060.0,OP-SHIFT_2-06,True
UNIT-000737,FA-05,45420.0,OP-SHIFT_2-06,True
UNIT-000737,FA-06,45480.0,OP-SHIFT_2-06,True
UNIT-000737,FA-07,45540.0,OP-SHIFT_2-06,True
UNIT-000737,FA-08,45600.0,OP-SHIFT_2-06,True
UNIT-000738,PT-05,45120.0,OP-SHIFT_2-01,True
UNIT-000738,FA-05,45480.0,OP-SHIFT_2-01,True
UNIT-000738,FA-06,45540.0,OP-SHIFT_2-01,True
UNIT-000738,FA-07,45600.0,OP-SHIFT_2-01,True
UNIT-000738,FA-08,45660.0,OP-SHIFT_2-01,True
UNIT-000739,PT-05,45180.0,OP-SHIFT_2-02,True
UNIT-000739,FA-05,45540.0,OP-SHIFT_2-02,True
UNIT-000739,FA-06,45600.0,OP-SHIFT_2-02,True
UNIT-000739,FA-07,45660.0,OP-SHIFT_2-02,True
UNIT-000739,FA-08,45720.0,OP-SHIFT_2-02,True
UNIT-000740,PT-05,45240.0,OP-SHIFT_2-03,True
UNIT-000740,FA-05,45600.0,OP-SHIFT_2-03,True
UNIT-000740,FA-06,45660.0,OP-SHIFT_2-03,True
UNIT-000740,FA-07,45720.0,OP-SHIFT_2-03,True
UNIT-000740,FA-08,45780.0,OP-SHIFT_2-03,True
UNIT-000741,PT-05,45300.0,OP-SHIFT_2-04,True
UNIT-000741,FA-05,45660.0,OP-SHIFT_2-04,True
UNIT-000741,FA-06,45720.0,OP-SHIFT_2-04,True
UNIT-000741,FA-07,45780.0,OP-SHIFT_2-04,True
UNIT-000741,FA-08,45840.0,OP-SHIFT_2-04,True
UNIT-000742,PT-05,45360.0,OP-SHIFT_2-05,True
UNIT-000742,FA-05,45720.0,OP-SHIFT_2-05,True
UNIT-000742,FA-06,45780.0,OP-SHIFT_2-05,True
UNIT-000742,FA-07,45840.0,OP-SHIFT_2-05,True
UNIT-000742,FA-08,45900.0,OP-SHIFT_2-05,True
UNIT-000743,PT-05,45420.0,OP-SHIFT_2-06,True
UNIT-000743,FA-05,45780.0,OP-SHIFT_2-06,True
UNIT-000743,FA-06,45840.0,OP-SHIFT_2-06,True
UNIT-000743,FA-07,45900.0,OP-SHIFT_2-06,True
UNIT-000743,FA-08,45960.0,OP-SHIFT_2-06,True
UNIT-000744,PT-05,45480.0,OP-SHIFT_2-01,True
UNIT-000744,FA-05,45840.0,OP-SHIFT_2-01,True
UNIT-000744,FA-06,45900.0,OP-SHIFT_2-01,True
UNIT-000744,FA-07,45960.0,OP-SHIFT_2-01,True
UNIT-000744,FA-08,46020.0,OP-SHIFT_2-01,True
UNIT-000745,PT-05,45540.0,OP-SHIFT_2-02,True
UNIT-000745,FA-05,45900.0,OP-SHIFT_2-02,True
UNIT-000745,FA-06,45960.0,OP-SHIFT_2-02,True
UNIT-000745,FA-07,46020.0,OP-SHIFT_2-02,True
UNIT-000745,FA-08,46080.0,OP-SHIFT_2-02,True
UNIT-000746,PT-05,45600.0,OP-SHIFT_2-03,True
UNIT-000746,FA-05,45960.0,OP-SHIFT_2-03,True
UNIT-000746,FA-06,46020.0,OP-SHIFT_2-03,True
UNIT-000746,FA-07,46080.0,OP-SHIFT_2-03,True
UNIT-000746,FA-08,46140.0,OP-SHIFT_2-03,True
UNIT-000747,PT-05,45660.0,OP-SHIFT_2-04,True
UNIT-000747,FA-05,46020.0,OP-SHIFT_2-04,True
UNIT-000747,FA-06,46080.0,OP-SHIFT_2-04,True
UNIT-000747,FA-07,46140.0,OP-SHIFT_2-04,True
UNIT-000747,FA-08,46200.0,OP-SHIFT_2-04,True
UNIT-000748,PT-05,45720.0,OP-SHIFT_2-05,True
UNIT-000748,FA-05,46080.0,OP-SHIFT_2-05,True
UNIT-000748,FA-06,46140.0,OP-SHIFT_2-05,True
UNIT-000748,FA-07,46200.0,OP-SHIFT_2-05,True
UNIT-000748,FA-08,46260.0,OP-SHIFT_2-05,True
UNIT-000749,PT-05,45780.0,OP-SHIFT_2-06,True
UNIT-000749,FA-05,46140.0,OP-SHIFT_2-06,True
UNIT-000749,FA-06,46200.0,OP-SHIFT_2-06,True
UNIT-000749,FA-07,46260.0,OP-SHIFT_2-06,True
UNIT-000749,FA-08,46320.0,OP-SHIFT_2-06,True
UNIT-000750,PT-05,45840.0,OP-SHIFT_2-01,True
UNIT-000750,FA-05,46200.0,OP-SHIFT_2-01,True
UNIT-000750,FA-06,46260.0,OP-SHIFT_2-01,True
UNIT-000750,FA-07,46320.0,OP-SHIFT_2-01,True
UNIT-000750,FA-08,46380.0,OP-SHIFT_2-01,True
UNIT-000751,PT-05,45900.0,OP-SHIFT_2-02,True
UNIT-000751,FA-05,46260.0,OP-SHIFT_2-02,True
UNIT-000751,FA-06,46320.0,OP-SHIFT_2-02,True
UNIT-000751,FA-07,46380.0,OP-SHIFT_2-02,True
UNIT-000751,FA-08,46440.0,OP-SHIFT_2-02,True
UNIT-000752,PT-05,45960.0,OP-SHIFT_2-03,True
UNIT-000752,FA-05,46320.0,OP-SHIFT_2-03,True
UNIT-000752,FA-06,46380.0,OP-SHIFT_2-03,True
UNIT-000752,FA-07,46440.0,OP-SHIFT_2-03,True
UNIT-000752,FA-08,46500.0,OP-SHIFT_2-03,True
UNIT-000753,PT-05,46020.0,OP-SHIFT_2-04,True
UNIT-000753,FA-05,46380.0,OP-SHIFT_2-04,True
UNIT-000753,FA-06,46440.0,OP-SHIFT_2-04,True
UNIT-000753,FA-07,46500.0,OP-SHIFT_2-04,True
UNIT-000753,FA-08,46560.0,OP-SHIFT_2-04,True
UNIT-000754,PT-05,46080.0,OP-SHIFT_2-05,True
UNIT-000754,FA-05,46440.0,OP-SHIFT_2-05,True
UNIT-000754,FA-06,46500.0,OP-SHIFT_2-05,True
UNIT-000754,FA-07,46560.0,OP-SHIFT_2-05,True
UNIT-000754,FA-08,46620.0,OP-SHIFT_2-05,True
UNIT-000755,PT-05,46140.0,OP-SHIFT_2-06,True
UNIT-000755,FA-05,46500.0,OP-SHIFT_2-06,True
UNIT-000755,FA-06,46560.0,OP-SHIFT_2-06,True
UNIT-000755,FA-07,46620.0,OP-SHIFT_2-06,True
UNIT-000755,FA-08,46680.0,OP-SHIFT_2-06,True
UNIT-000756,PT-05,46200.0,OP-SHIFT_2-01,True
UNIT-000756,FA-05,46560.0,OP-SHIFT_2-01,True
UNIT-000756,FA-06,46620.0,OP-SHIFT_2-01,True
UNIT-000756,FA-07,46680.0,OP-SHIFT_2-01,True
UNIT-000756,FA-08,46740.0,OP-SHIFT_2-01,True
UNIT-000757,PT-05,46260.0,OP-SHIFT_2-02,True
UNIT-000757,FA-05,46620.0,OP-SHIFT_2-02,True
UNIT-000757,FA-06,46680.0,OP-SHIFT_2-02,True
UNIT-000757,FA-07,46740.0,OP-SHIFT_2-02,True
UNIT-000757,FA-08,46800.0,OP-SHIFT_2-02,True
UNIT-000758,PT-05,46320.0,OP-SHIFT_2-03,True
UNIT-000758,FA-05,46680.0,OP-SHIFT_2-03,True
UNIT-000758,FA-06,46740.0,OP-SHIFT_2-03,True
UNIT-000758,FA-07,46800.0,OP-SHIFT_2-03,True
UNIT-000758,FA-08,46860.0,OP-SHIFT_2-03,True
UNIT-000759,PT-05,46380.0,OP-SHIFT_2-04,True
UNIT-000759,FA-05,46740.0,OP-SHIFT_2-04,True
UNIT-000759,FA-06,46800.0,OP-SHIFT_2-04,True
UNIT-000759,FA-07,46860.0,OP-SHIFT_2-04,True
UNIT-000759,FA-08,46920.0,OP-SHIFT_2-04,True
UNIT-000760,PT-05,46440.0,OP-SHIFT_2-05,True
UNIT-000760,FA-05,46800.0,OP-SHIFT_2-05,True
UNIT-000760,FA-06,46860.0,OP-SHIFT_2-05,True
UNIT-000760,FA-07,46920.0,OP-SHIFT_2-05,True
UNIT-000760,FA-08,46980.0,OP-SHIFT_2-05,True
UNIT-000761,PT-05,46500.0,OP-SHIFT_2-06,True
UNIT-000761,FA-05,46860.0,OP-SHIFT_2-06,True
UNIT-000761,FA-06,46920.0,OP-SHIFT_2-06,True
UNIT-000761,FA-07,46980.0,OP-SHIFT_2-06,True
UNIT-000761,FA-08,47040.0,OP-SHIFT_2-06,True
UNIT-000762,PT-05,46560.0,OP-SHIFT_2-01,True
UNIT-000762,FA-05,46920.0,OP-SHIFT_2-01,True
UNIT-000762,FA-06,46980.0,OP-SHIFT_2-01,True
UNIT-000762,FA-07,47040.0,OP-SHIFT_2-01,True
UNIT-000762,FA-08,47100.0,OP-SHIFT_2-01,True
UNIT-000763,PT-05,46620.0,OP-SHIFT_2-02,True
UNIT-000763,FA-05,46980.0,OP-SHIFT_2-02,True
UNIT-000763,FA-06,47040.0,OP-SHIFT_2-02,True
UNIT-000763,FA-07,47100.0,OP-SHIFT_2-02,True
UNIT-000763,FA-08,47160.0,OP-SHIFT_2-02,True
UNIT-000764,PT-05,46680.0,OP-SHIFT_2-03,True
UNIT-000764,FA-05,47040.0,OP-SHIFT_2-03,True
UNIT-000764,FA-06,47100.0,OP-SHIFT_2-03,True
UNIT-000764,FA-07,47160.0,OP-SHIFT_2-03,True
UNIT-000764,FA-08,47220.0,OP-SHIFT_2-03,True
UNIT-000765,PT-05,46740.0,OP-SHIFT_2-04,True
UNIT-000765,FA-05,47100.0,OP-SHIFT_2-04,True
UNIT-000765,FA-06,47160.0,OP-SHIFT_2-04,True
UNIT-000765,FA-07,47220.0,OP-SHIFT_2-04,True
UNIT-000765,FA-08,47280.0,OP-SHIFT_2-04,True
UNIT-000766,PT-05,46800.0,OP-SHIFT_2-05,True
UNIT-000766,FA-05,47160.0,OP-SHIFT_2-05,True
UNIT-000766,FA-06,47220.0,OP-SHIFT_2-05,True
UNIT-000766,FA-07,47280.0,OP-SHIFT_2-05,True
UNIT-000766,FA-08,47340.0,OP-SHIFT_2-05,True
UNIT-000767,PT-05,46860.0,OP-SHIFT_2-06,True
UNIT-000767,FA-05,47220.0,OP-SHIFT_2-06,True
UNIT-000767,FA-06,47280.0,OP-SHIFT_2-06,True
UNIT-000767,FA-07,47340.0,OP-SHIFT_2-06,True
UNIT-000767,FA-08,47400.0,OP-SHIFT_2-06,True
UNIT-000768,PT-05,46920.0,OP-SHIFT_2-01,True
UNIT-000768,FA-05,47280.0,OP-SHIFT_2-01,True
UNIT-000768,FA-06,47340.0,OP-SHIFT_2-01,True
UNIT-000768,FA-07,47400.0,OP-SHIFT_2-01,True
UNIT-000768,FA-08,47460.0,OP-SHIFT_2-01,True
UNIT-000769,PT-05,46980.0,OP-SHIFT_2-02,True
UNIT-000769,FA-05,47340.0,OP-SHIFT_2-02,True
UNIT-000769,FA-06,47400.0,OP-SHIFT_2-02,True
UNIT-000769,FA-07,47460.0,OP-SHIFT_2-02,True
UNIT-000769,FA-08,47520.0,OP-SHIFT_2-02,True
UNIT-000770,PT-05,47040.0,OP-SHIFT_2-03,True
UNIT-000770,FA-05,47400.0,OP-SHIFT_2-03,True
UNIT-000770,FA-06,47460.0,OP-SHIFT_2-03,True
UNIT-000770,FA-07,47520.0,OP-SHIFT_2-03,True
UNIT-000770,FA-08,47580.0,OP-SHIFT_2-03,True
UNIT-000771,PT-05,47100.0,OP-SHIFT_2-04,True
UNIT-000771,FA-05,47460.0,OP-SHIFT_2-04,True
UNIT-000771,FA-06,47520.0,OP-SHIFT_2-04,True
UNIT-000771,FA-07,47580.0,OP-SHIFT_2-04,True
UNIT-000771,FA-08,47640.0,OP-SHIFT_2-04,True
UNIT-000772,PT-05,47160.0,OP-SHIFT_2-05,True
UNIT-000772,FA-05,47520.0,OP-SHIFT_2-05,True
UNIT-000772,FA-06,47580.0,OP-SHIFT_2-05,True
UNIT-000772,FA-07,47640.0,OP-SHIFT_2-05,True
UNIT-000772,FA-08,47700.0,OP-SHIFT_2-05,True
UNIT-000773,PT-05,47220.0,OP-SHIFT_2-06,True
UNIT-000773,FA-05,47580.0,OP-SHIFT_2-06,True
UNIT-000773,FA-06,47640.0,OP-SHIFT_2-06,True
UNIT-000773,FA-07,47700.0,OP-SHIFT_2-06,True
UNIT-000773,FA-08,47760.0,OP-SHIFT_2-06,True
UNIT-000774,PT-05,47280.0,OP-SHIFT_2-01,True
UNIT-000774,FA-05,47640.0,OP-SHIFT_2-01,True
UNIT-000774,FA-06,47700.0,OP-SHIFT_2-01,True
UNIT-000774,FA-07,47760.0,OP-SHIFT_2-01,True
UNIT-000774,FA-08,47820.0,OP-SHIFT_2-01,True
UNIT-000775,PT-05,47340.0,OP-SHIFT_2-02,True
UNIT-000775,FA-05,47700.0,OP-SHIFT_2-02,True
UNIT-000775,FA-06,47760.0,OP-SHIFT_2-02,True
UNIT-000775,FA-07,47820.0,OP-SHIFT_2-02,True
UNIT-000775,FA-08,47880.0,OP-SHIFT_2-02,True
UNIT-000776,PT-05,47400.0,OP-SHIFT_2-03,True
UNIT-000776,FA-05,47760.0,OP-SHIFT_2-03,True
UNIT-000776,FA-06,47820.0,OP-SHIFT_2-03,True
UNIT-000776,FA-07,47880.0,OP-SHIFT_2-03,True
UNIT-000776,FA-08,47940.0,OP-SHIFT_2-03,True
UNIT-000777,PT-05,47460.0,OP-SHIFT_2-04,True
UNIT-000777,FA-05,47820.0,OP-SHIFT_2-04,True
UNIT-000777,FA-06,47880.0,OP-SHIFT_2-04,True
UNIT-000777,FA-07,47940.0,OP-SHIFT_2-04,True
UNIT-000777,FA-08,48000.0,OP-SHIFT_2-04,True
UNIT-000778,PT-05,47520.0,OP-SHIFT_2-05,True
UNIT-000778,FA-05,47880.0,OP-SHIFT_2-05,True
UNIT-000778,FA-06,47940.0,OP-SHIFT_2-05,True
UNIT-000778,FA-07,48000.0,OP-SHIFT_2-05,True
UNIT-000778,FA-08,48060.0,OP-SHIFT_2-05,True
UNIT-000779,PT-05,47580.0,OP-SHIFT_2-06,True
UNIT-000779,FA-05,47940.0,OP-SHIFT_2-06,True
UNIT-000779,FA-06,48000.0,OP-SHIFT_2-06,True
UNIT-000779,FA-07,48060.0,OP-SHIFT_2-06,True
UNIT-000779,FA-08,48120.0,OP-SHIFT_2-06,True
UNIT-000780,PT-05,47640.0,OP-SHIFT_2-01,True
UNIT-000780,FA-05,48000.0,OP-SHIFT_2-01,True
UNIT-000780,FA-06,48060.0,OP-SHIFT_2-01,True
UNIT-000780,FA-07,48120.0,OP-SHIFT_2-01,True
UNIT-000780,FA-08,48180.0,OP-SHIFT_2-01,True
UNIT-000781,PT-05,47700.0,OP-SHIFT_2-02,True
UNIT-000781,FA-05,48060.0,OP-SHIFT_2-02,True
UNIT-000781,FA-06,48120.0,OP-SHIFT_2-02,True
UNIT-000781,FA-07,48180.0,OP-SHIFT_2-02,True
UNIT-000781,FA-08,48240.0,OP-SHIFT_2-02,True
UNIT-000782,PT-05,47760.0,OP-SHIFT_2-03,True
UNIT-000782,FA-05,48120.0,OP-SHIFT_2-03,True
UNIT-000782,FA-06,48180.0,OP-SHIFT_2-03,True
UNIT-000782,FA-07,48240.0,OP-SHIFT_2-03,True
UNIT-000782,FA-08,48300.0,OP-SHIFT_2-03,True
UNIT-000783,PT-05,47820.0,OP-SHIFT_2-04,True
UNIT-000783,FA-05,48180.0,OP-SHIFT_2-04,True
UNIT-000783,FA-06,48240.0,OP-SHIFT_2-04,True
UNIT-000783,FA-07,48300.0,OP-SHIFT_2-04,True
UNIT-000783,FA-08,48360.0,OP-SHIFT_2-04,True
UNIT-000784,PT-05,47880.0,OP-SHIFT_2-05,True
UNIT-000784,FA-05,48240.0,OP-SHIFT_2-05,True
UNIT-000784,FA-06,48300.0,OP-SHIFT_2-05,True
UNIT-000784,FA-07,48360.0,OP-SHIFT_2-05,True
UNIT-000784,FA-08,48420.0,OP-SHIFT_2-05,True
UNIT-000785,PT-05,47940.0,OP-SHIFT_2-06,True
UNIT-000785,FA-05,48300.0,OP-SHIFT_2-06,True
UNIT-000785,FA-06,48360.0,OP-SHIFT_2-06,True
UNIT-000785,FA-07,48420.0,OP-SHIFT_2-06,True
UNIT-000785,FA-08,48480.0,OP-SHIFT_2-06,True
UNIT-000786,PT-05,48000.0,OP-SHIFT_2-01,True
UNIT-000786,FA-05,48360.0,OP-SHIFT_2-01,True
UNIT-000786,FA-06,48420.0,OP-SHIFT_2-01,True
UNIT-000786,FA-07,48480.0,OP-SHIFT_2-01,True
UNIT-000786,FA-08,48540.0,OP-SHIFT_2-01,True
UNIT-000787,PT-05,48060.0,OP-SHIFT_2-02,True
UNIT-000787,FA-05,48420.0,OP-SHIFT_2-02,True
UNIT-000787,FA-06,48480.0,OP-SHIFT_2-02,True
UNIT-000787,FA-07,48540.0,OP-SHIFT_2-02,True
UNIT-000787,FA-08,48600.0,OP-SHIFT_2-02,True
UNIT-000788,PT-05,48120.0,OP-SHIFT_2-03,True
UNIT-000788,FA-05,48480.0,OP-SHIFT_2-03,True
UNIT-000788,FA-06,48540.0,OP-SHIFT_2-03,True
UNIT-000788,FA-07,48600.0,OP-SHIFT_2-03,True
UNIT-000788,FA-08,48660.0,OP-SHIFT_2-03,True
UNIT-000789,PT-05,48180.0,OP-SHIFT_2-04,True
UNIT-000789,FA-05,48540.0,OP-SHIFT_2-04,True
UNIT-000789,FA-06,48600.0,OP-SHIFT_2-04,True
UNIT-000789,FA-07,48660.0,OP-SHIFT_2-04,True
UNIT-000789,FA-08,48720.0,OP-SHIFT_2-04,True
UNIT-000790,PT-05,48240.0,OP-SHIFT_2-05,True
UNIT-000790,FA-05,48600.0,OP-SHIFT_2-05,True
UNIT-000790,FA-06,48660.0,OP-SHIFT_2-05,True
UNIT-000790,FA-07,48720.0,OP-SHIFT_2-05,True
UNIT-000790,FA-08,48780.0,OP-SHIFT_2-05,True
UNIT-000791,PT-05,48300.0,OP-SHIFT_2-06,True
UNIT-000791,FA-05,48660.0,OP-SHIFT_2-06,True
UNIT-000791,FA-06,48720.0,OP-SHIFT_2-06,True
UNIT-000791,FA-07,48780.0,OP-SHIFT_2-06,True
UNIT-000791,FA-08,48840.0,OP-SHIFT_2-06,True
UNIT-000792,PT-05,48360.0,OP-SHIFT_2-01,True
UNIT-000792,FA-05,48720.0,OP-SHIFT_2-01,True
UNIT-000792,FA-06,48780.0,OP-SHIFT_2-01,True
UNIT-000792,FA-07,48840.0,OP-SHIFT_2-01,True
UNIT-000792,FA-08,48900.0,OP-SHIFT_2-01,True
UNIT-000793,PT-05,48420.0,OP-SHIFT_2-02,True
UNIT-000793,FA-05,48780.0,OP-SHIFT_2-02,True
UNIT-000793,FA-06,48840.0,OP-SHIFT_2-02,True
UNIT-000793,FA-07,48900.0,OP-SHIFT_2-02,True
UNIT-000793,FA-08,48960.0,OP-SHIFT_2-02,True
UNIT-000794,PT-05,48480.0,OP-SHIFT_2-03,True
UNIT-000794,FA-05,48840.0,OP-SHIFT_2-03,True
UNIT-000794,FA-06,48900.0,OP-SHIFT_2-03,True
UNIT-000794,FA-07,48960.0,OP-SHIFT_2-03,True
UNIT-000794,FA-08,49020.0,OP-SHIFT_2-03,True
UNIT-000795,PT-05,48540.0,OP-SHIFT_2-04,True
UNIT-000795,FA-05,48900.0,OP-SHIFT_2-04,True
UNIT-000795,FA-06,48960.0,OP-SHIFT_2-04,True
UNIT-000795,FA-07,49020.0,OP-SHIFT_2-04,True
UNIT-000795,FA-08,49080.0,OP-SHIFT_2-04,True
UNIT-000796,PT-05,48600.0,OP-SHIFT_2-05,True
UNIT-000796,FA-05,48960.0,OP-SHIFT_2-05,True
UNIT-000796,FA-06,49020.0,OP-SHIFT_2-05,True
UNIT-000796,FA-07,49080.0,OP-SHIFT_2-05,True
UNIT-000796,FA-08,49140.0,OP-SHIFT_2-05,True
UNIT-000797,PT-05,48660.0,OP-SHIFT_2-06,True
UNIT-000797,FA-05,49020.0,OP-SHIFT_2-06,True
UNIT-000797,FA-06,49080.0,OP-SHIFT_2-06,True
UNIT-000797,FA-07,49140.0,OP-SHIFT_2-06,True
UNIT-000797,FA-08,49200.0,OP-SHIFT_2-06,True
UNIT-000798,PT-05,48720.0,OP-SHIFT_2-01,True
UNIT-000798,FA-05,49080.0,OP-SHIFT_2-01,True
UNIT-000798,FA-06,49140.0,OP-SHIFT_2-01,True
UNIT-000798,FA-07,49200.0,OP-SHIFT_2-01,True
UNIT-000798,FA-08,49260.0,OP-SHIFT_2-01,True
UNIT-000799,PT-05,48780.0,OP-SHIFT_2-02,True
UNIT-000799,FA-05,49140.0,OP-SHIFT_2-02,True
UNIT-000799,FA-06,49200.0,OP-SHIFT_2-02,True
UNIT-000799,FA-07,49260.0,OP-SHIFT_2-02,True
UNIT-000799,FA-08,49320.0,OP-SHIFT_2-02,True
UNIT-000800,PT-05,48840.0,OP-SHIFT_2-03,True
UNIT-000800,FA-05,49200.0,OP-SHIFT_2-03,True
UNIT-000800,FA-06,49260.0,OP-SHIFT_2-03,True
UNIT-000800,FA-07,49320.0,OP-SHIFT_2-03,True
UNIT-000800,FA-08,49380.0,OP-SHIFT_2-03,True
UNIT-000801,PT-05,48900.0,OP-SHIFT_2-04,True
UNIT-000801,FA-05,49260.0,OP-SHIFT_2-04,True
UNIT-000801,FA-06,49320.0,OP-SHIFT_2-04,True
UNIT-000801,FA-07,49380.0,OP-SHIFT_2-04,True
UNIT-000801,FA-08,49440.0,OP-SHIFT_2-04,True
UNIT-000802,PT-05,48960.0,OP-SHIFT_2-05,True
UNIT-000802,FA-05,49320.0,OP-SHIFT_2-05,True
UNIT-000802,FA-06,49380.0,OP-SHIFT_2-05,True
UNIT-000802,FA-07,49440.0,OP-SHIFT_2-05,True
UNIT-000802,FA-08,49500.0,OP-SHIFT_2-05,True
UNIT-000803,PT-05,49020.0,OP-SHIFT_2-06,True
UNIT-000803,FA-05,49380.0,OP-SHIFT_2-06,True
UNIT-000803,FA-06,49440.0,OP-SHIFT_2-06,True
UNIT-000803,FA-07,49500.0,OP-SHIFT_2-06,True
UNIT-000803,FA-08,49560.0,OP-SHIFT_2-06,True
UNIT-000804,PT-05,49080.0,OP-SHIFT_2-01,True
UNIT-000804,FA-05,49440.0,OP-SHIFT_2-01,True
UNIT-000804,FA-06,49500.0,OP-SHIFT_2-01,True
UNIT-000804,FA-07,49560.0,OP-SHIFT_2-01,True
UNIT-000804,FA-08,49620.0,OP-SHIFT_2-01,True
UNIT-000805,PT-05,49140.0,OP-SHIFT_2-02,True
UNIT-000805,FA-05,49500.0,OP-SHIFT_2-02,True
UNIT-000805,FA-06,49560.0,OP-SHIFT_2-02,True
UNIT-000805,FA-07,49620.0,OP-SHIFT_2-02,True
UNIT-000805,FA-08,49680.0,OP-SHIFT_2-02,True
UNIT-000806,PT-05,49200.0,OP-SHIFT_2-03,True
UNIT-000806,FA-05,49560.0,OP-SHIFT_2-03,True
UNIT-000806,FA-06,49620.0,OP-SHIFT_2-03,True
UNIT-000806,FA-07,49680.0,OP-SHIFT_2-03,True
UNIT-000806,FA-08,49740.0,OP-SHIFT_2-03,True
UNIT-000807,PT-05,49260.0,OP-SHIFT_2-04,True
UNIT-000807,FA-05,49620.0,OP-SHIFT_2-04,True
UNIT-000807,FA-06,49680.0,OP-SHIFT_2-04,True
UNIT-000807,FA-07,49740.0,OP-SHIFT_2-04,True
UNIT-000807,FA-08,49800.0,OP-SHIFT_2-04,True
UNIT-000808,PT-05,49320.0,OP-SHIFT_2-05,True
UNIT-000808,FA-05,49680.0,OP-SHIFT_2-05,True
UNIT-000808,FA-06,49740.0,OP-SHIFT_2-05,True
UNIT-000808,FA-07,49800.0,OP-SHIFT_2-05,True
UNIT-000808,FA-08,49860.0,OP-SHIFT_2-05,True
UNIT-000809,PT-05,49380.0,OP-SHIFT_2-06,True
UNIT-000809,FA-05,49740.0,OP-SHIFT_2-06,True
UNIT-000809,FA-06,49800.0,OP-SHIFT_2-06,True
UNIT-000809,FA-07,49860.0,OP-SHIFT_2-06,True
UNIT-000809,FA-08,49920.0,OP-SHIFT_2-06,True
UNIT-000810,PT-05,49440.0,OP-SHIFT_2-01,True
UNIT-000810,FA-05,49800.0,OP-SHIFT_2-01,True
UNIT-000810,FA-06,49860.0,OP-SHIFT_2-01,True
UNIT-000810,FA-07,49920.0,OP-SHIFT_2-01,True
UNIT-000810,FA-08,49980.0,OP-SHIFT_2-01,True
UNIT-000811,PT-05,49500.0,OP-SHIFT_2-02,True
UNIT-000811,FA-05,49860.0,OP-SHIFT_2-02,True
UNIT-000811,FA-06,49920.0,OP-SHIFT_2-02,True
UNIT-000811,FA-07,49980.0,OP-SHIFT_2-02,True
UNIT-000811,FA-08,50040.0,OP-SHIFT_2-02,True
UNIT-000812,PT-05,49560.0,OP-SHIFT_2-03,False
UNIT-000812,FA-05,49920.0,OP-SHIFT_2-03,True
UNIT-000812,FA-06,49980.0,OP-SHIFT_2-03,True
UNIT-000812,FA-07,50040.0,OP-SHIFT_2-03,True
UNIT-000812,FA-08,50100.0,OP-SHIFT_2-03,True
UNIT-000813,PT-05,49620.0,OP-SHIFT_2-04,True
UNIT-000813,FA-05,49980.0,OP-SHIFT_2-04,True
UNIT-000813,FA-06,50040.0,OP-SHIFT_2-04,True
UNIT-000813,FA-07,50100.0,OP-SHIFT_2-04,True
UNIT-000813,FA-08,50160.0,OP-SHIFT_2-04,True
UNIT-000814,PT-05,49680.0,OP-SHIFT_2-05,True
UNIT-000814,FA-05,50040.0,OP-SHIFT_2-05,True
UNIT-000814,FA-06,50100.0,OP-SHIFT_2-05,True
UNIT-000814,FA-07,50160.0,OP-SHIFT_2-05,True
UNIT-000814,FA-08,50220.0,OP-SHIFT_2-05,True
UNIT-000815,PT-05,49740.0,OP-SHIFT_2-06,True
UNIT-000815,FA-05,50100.0,OP-SHIFT_2-06,True
UNIT-000815,FA-06,50160.0,OP-SHIFT_2-06,True
UNIT-000815,FA-07,50220.0,OP-SHIFT_2-06,True
UNIT-000815,FA-08,50280.0,OP-SHIFT_2-06,True
UNIT-000816,PT-05,49800.0,OP-SHIFT_2-01,True
UNIT-000816,FA-05,50160.0,OP-SHIFT_2-01,True
UNIT-000816,FA-06,50220.0,OP-SHIFT_2-01,True
UNIT-000816,FA-07,50280.0,OP-SHIFT_2-01,True
UNIT-000816,FA-08,50340.0,OP-SHIFT_2-01,True
UNIT-000817,PT-05,49860.0,OP-SHIFT_2-02,True
UNIT-000817,FA-05,50220.0,OP-SHIFT_2-02,True
UNIT-000817,FA-06,50280.0,OP-SHIFT_2-02,True
UNIT-000817,FA-07,50340.0,OP-SHIFT_2-02,True
UNIT-000817,FA-08,50400.0,OP-SHIFT_2-02,True
UNIT-000818,PT-05,49920.0,OP-SHIFT_2-03,True
UNIT-000818,FA-05,50280.0,OP-SHIFT_2-03,True
UNIT-000818,FA-06,50340.0,OP-SHIFT_2-03,True
UNIT-000818,FA-07,50400.0,OP-SHIFT_2-03,True
UNIT-000818,FA-08,50460.0,OP-SHIFT_2-03,True
UNIT-000819,PT-05,49980.0,OP-SHIFT_2-04,True
UNIT-000819,FA-05,50340.0,OP-SHIFT_2-04,True
UNIT-000819,FA-06,50400.0,OP-SHIFT_2-04,True
UNIT-000819,FA-07,50460.0,OP-SHIFT_2-04,True
UNIT-000819,FA-08,50520.0,OP-SHIFT_2-04,True
UNIT-000820,PT-05,50040.0,OP-SHIFT_2-05,True
UNIT-000820,FA-05,50400.0,OP-SHIFT_2-05,True
UNIT-000820,FA-06,50460.0,OP-SHIFT_2-05,True
UNIT-000820,FA-07,50520.0,OP-SHIFT_2-05,True
UNIT-000820,FA-08,50580.0,OP-SHIFT_2-05,True
UNIT-000821,PT-05,50100.0,OP-SHIFT_2-06,True
UNIT-000821,FA-05,50460.0,OP-SHIFT_2-06,True
UNIT-000821,FA-06,50520.0,OP-SHIFT_2-06,True
UNIT-000821,FA-07,50580.0,OP-SHIFT_2-06,True
UNIT-000821,FA-08,50640.0,OP-SHIFT_2-06,True
UNIT-000822,PT-05,50160.0,OP-SHIFT_2-01,True
UNIT-000822,FA-05,50520.0,OP-SHIFT_2-01,True
UNIT-000822,FA-06,50580.0,OP-SHIFT_2-01,True
UNIT-000822,FA-07,50640.0,OP-SHIFT_2-01,True
UNIT-000822,FA-08,50700.0,OP-SHIFT_2-01,True
UNIT-000823,PT-05,50220.0,OP-SHIFT_2-02,True
UNIT-000823,FA-05,50580.0,OP-SHIFT_2-02,True
UNIT-000823,FA-06,50640.0,OP-SHIFT_2-02,True
UNIT-000823,FA-07,50700.0,OP-SHIFT_2-02,True
UNIT-000823,FA-08,50760.0,OP-SHIFT_2-02,True
UNIT-000824,PT-05,50280.0,OP-SHIFT_2-03,False
UNIT-000824,FA-05,50640.0,OP-SHIFT_2-03,True
UNIT-000824,FA-06,50700.0,OP-SHIFT_2-03,True
UNIT-000824,FA-07,50760.0,OP-SHIFT_2-03,True
UNIT-000824,FA-08,50820.0,OP-SHIFT_2-03,True
UNIT-000825,PT-05,50340.0,OP-SHIFT_2-04,True
UNIT-000825,FA-05,50700.0,OP-SHIFT_2-04,True
UNIT-000825,FA-06,50760.0,OP-SHIFT_2-04,True
UNIT-000825,FA-07,50820.0,OP-SHIFT_2-04,True
UNIT-000825,FA-08,50880.0,OP-SHIFT_2-04,True
UNIT-000826,PT-05,50400.0,OP-SHIFT_2-05,True
UNIT-000826,FA-05,50760.0,OP-SHIFT_2-05,True
UNIT-000826,FA-06,50820.0,OP-SHIFT_2-05,True
UNIT-000826,FA-07,50880.0,OP-SHIFT_2-05,True
UNIT-000826,FA-08,50940.0,OP-SHIFT_2-05,True
UNIT-000827,PT-05,50460.0,OP-SHIFT_2-06,True
UNIT-000827,FA-05,50820.0,OP-SHIFT_2-06,True
UNIT-000827,FA-06,50880.0,OP-SHIFT_2-06,True
UNIT-000827,FA-07,50940.0,OP-SHIFT_2-06,True
UNIT-000827,FA-08,51000.0,OP-SHIFT_2-06,True
UNIT-000828,PT-05,50520.0,OP-SHIFT_2-01,True
UNIT-000828,FA-05,50880.0,OP-SHIFT_2-01,True
UNIT-000828,FA-06,50940.0,OP-SHIFT_2-01,True
UNIT-000828,FA-07,51000.0,OP-SHIFT_2-01,True
UNIT-000828,FA-08,51060.0,OP-SHIFT_2-01,True
UNIT-000829,PT-05,50580.0,OP-SHIFT_2-02,True
UNIT-000829,FA-05,50940.0,OP-SHIFT_2-02,True
UNIT-000829,FA-06,51000.0,OP-SHIFT_2-02,True
UNIT-000829,FA-07,51060.0,OP-SHIFT_2-02,True
UNIT-000829,FA-08,51120.0,OP-SHIFT_2-02,True
UNIT-000830,PT-05,50640.0,OP-SHIFT_2-03,True
UNIT-000830,FA-05,51000.0,OP-SHIFT_2-03,True
UNIT-000830,FA-06,51060.0,OP-SHIFT_2-03,True
UNIT-000830,FA-07,51120.0,OP-SHIFT_2-03,True
UNIT-000830,FA-08,51180.0,OP-SHIFT_2-03,True
UNIT-000831,PT-05,50700.0,OP-SHIFT_2-04,True
UNIT-000831,FA-05,51060.0,OP-SHIFT_2-04,True
UNIT-000831,FA-06,51120.0,OP-SHIFT_2-04,True
UNIT-000831,FA-07,51180.0,OP-SHIFT_2-04,True
UNIT-000831,FA-08,51240.0,OP-SHIFT_2-04,True
UNIT-000832,PT-05,50760.0,OP-SHIFT_2-05,True
UNIT-000832,FA-05,51120.0,OP-SHIFT_2-05,True
UNIT-000832,FA-06,51180.0,OP-SHIFT_2-05,True
UNIT-000832,FA-07,51240.0,OP-SHIFT_2-05,True
UNIT-000832,FA-08,51300.0,OP-SHIFT_2-05,True
UNIT-000833,PT-05,50820.0,OP-SHIFT_2-06,True
UNIT-000833,FA-05,51180.0,OP-SHIFT_2-06,True
UNIT-000833,FA-06,51240.0,OP-SHIFT_2-06,True
UNIT-000833,FA-07,51300.0,OP-SHIFT_2-06,True
UNIT-000833,FA-08,51360.0,OP-SHIFT_2-06,True
UNIT-000834,PT-05,50880.0,OP-SHIFT_2-01,True
UNIT-000834,FA-05,51240.0,OP-SHIFT_2-01,True
UNIT-000834,FA-06,51300.0,OP-SHIFT_2-01,True
UNIT-000834,FA-07,51360.0,OP-SHIFT_2-01,True
UNIT-000834,FA-08,51420.0,OP-SHIFT_2-01,True
UNIT-000835,PT-05,50940.0,OP-SHIFT_2-02,True
UNIT-000835,FA-05,51300.0,OP-SHIFT_2-02,True
UNIT-000835,FA-06,51360.0,OP-SHIFT_2-02,True
UNIT-000835,FA-07,51420.0,OP-SHIFT_2-02,True
UNIT-000835,FA-08,51480.0,OP-SHIFT_2-02,True
UNIT-000836,PT-05,51000.0,OP-SHIFT_2-03,True
UNIT-000836,FA-05,51360.0,OP-SHIFT_2-03,True
UNIT-000836,FA-06,51420.0,OP-SHIFT_2-03,True
UNIT-000836,FA-07,51480.0,OP-SHIFT_2-03,True
UNIT-000836,FA-08,51540.0,OP-SHIFT_2-03,True
UNIT-000837,PT-05,51060.0,OP-SHIFT_2-04,True
UNIT-000837,FA-05,51420.0,OP-SHIFT_2-04,True
UNIT-000837,FA-06,51480.0,OP-SHIFT_2-04,True
UNIT-000837,FA-07,51540.0,OP-SHIFT_2-04,True
UNIT-000837,FA-08,51600.0,OP-SHIFT_2-04,True
UNIT-000838,PT-05,51120.0,OP-SHIFT_2-05,True
UNIT-000838,FA-05,51480.0,OP-SHIFT_2-05,True
UNIT-000838,FA-06,51540.0,OP-SHIFT_2-05,True
UNIT-000838,FA-07,51600.0,OP-SHIFT_2-05,True
UNIT-000838,FA-08,51660.0,OP-SHIFT_2-05,True
UNIT-000839,PT-05,51180.0,OP-SHIFT_2-06,True
UNIT-000839,FA-05,51540.0,OP-SHIFT_2-06,True
UNIT-000839,FA-06,51600.0,OP-SHIFT_2-06,True
UNIT-000839,FA-07,51660.0,OP-SHIFT_2-06,True
UNIT-000839,FA-08,51720.0,OP-SHIFT_2-06,True
UNIT-000840,PT-05,51240.0,OP-SHIFT_2-01,True
UNIT-000840,FA-05,51600.0,OP-SHIFT_2-01,True
UNIT-000840,FA-06,51660.0,OP-SHIFT_2-01,True
UNIT-000840,FA-07,51720.0,OP-SHIFT_2-01,True
UNIT-000840,FA-08,51780.0,OP-SHIFT_2-01,True
UNIT-000841,PT-05,51300.0,OP-SHIFT_2-02,True
UNIT-000841,FA-05,51660.0,OP-SHIFT_2-02,True
UNIT-000841,FA-06,51720.0,OP-SHIFT_2-02,True
UNIT-000841,FA-07,51780.0,OP-SHIFT_2-02,True
UNIT-000841,FA-08,51840.0,OP-SHIFT_2-02,True
UNIT-000842,PT-05,51360.0,OP-SHIFT_2-03,True
UNIT-000842,FA-05,51720.0,OP-SHIFT_2-03,True
UNIT-000842,FA-06,51780.0,OP-SHIFT_2-03,True
UNIT-000842,FA-07,51840.0,OP-SHIFT_2-03,True
UNIT-000842,FA-08,51900.0,OP-SHIFT_2-03,True
UNIT-000843,PT-05,51420.0,OP-SHIFT_2-04,True
UNIT-000843,FA-05,51780.0,OP-SHIFT_2-04,True
UNIT-000843,FA-06,51840.0,OP-SHIFT_2-04,True
UNIT-000843,FA-07,51900.0,OP-SHIFT_2-04,True
UNIT-000843,FA-08,51960.0,OP-SHIFT_2-04,True
UNIT-000844,PT-05,51480.0,OP-SHIFT_2-05,True
UNIT-000844,FA-05,51840.0,OP-SHIFT_2-05,True
UNIT-000844,FA-06,51900.0,OP-SHIFT_2-05,True
UNIT-000844,FA-07,51960.0,OP-SHIFT_2-05,True
UNIT-000844,FA-08,52020.0,OP-SHIFT_2-05,True
UNIT-000845,PT-05,51540.0,OP-SHIFT_2-06,True
UNIT-000845,FA-05,51900.0,OP-SHIFT_2-06,False
UNIT-000845,FA-06,51960.0,OP-SHIFT_2-06,True
UNIT-000845,FA-07,52020.0,OP-SHIFT_2-06,True
UNIT-000845,FA-08,52080.0,OP-SHIFT_2-06,True
UNIT-000846,PT-05,51600.0,OP-SHIFT_2-01,True
UNIT-000846,FA-05,51960.0,OP-SHIFT_2-01,True
UNIT-000846,FA-06,52020.0,OP-SHIFT_2-01,True
UNIT-000846,FA-07,52080.0,OP-SHIFT_2-01,True
UNIT-000846,FA-08,52140.0,OP-SHIFT_2-01,True
UNIT-000847,PT-05,51660.0,OP-SHIFT_2-02,True
UNIT-000847,FA-05,52020.0,OP-SHIFT_2-02,True
UNIT-000847,FA-06,52080.0,OP-SHIFT_2-02,True
UNIT-000847,FA-07,52140.0,OP-SHIFT_2-02,True
UNIT-000847,FA-08,52200.0,OP-SHIFT_2-02,True
UNIT-000848,PT-05,51720.0,OP-SHIFT_2-03,True
UNIT-000848,FA-05,52080.0,OP-SHIFT_2-03,True
UNIT-000848,FA-06,52140.0,OP-SHIFT_2-03,True
UNIT-000848,FA-07,52200.0,OP-SHIFT_2-03,True
UNIT-000848,FA-08,52260.0,OP-SHIFT_2-03,True
UNIT-000849,PT-05,51780.0,OP-SHIFT_2-04,True
UNIT-000849,FA-05,52140.0,OP-SHIFT_2-04,True
UNIT-000849,FA-06,52200.0,OP-SHIFT_2-04,True
UNIT-000849,FA-07,52260.0,OP-SHIFT_2-04,True
UNIT-000849,FA-08,52320.0,OP-SHIFT_2-04,True
UNIT-000850,PT-05,51840.0,OP-SHIFT_2-05,True
UNIT-000850,FA-05,52200.0,OP-SHIFT_2-05,True
UNIT-000850,FA-06,52260.0,OP-SHIFT_2-05,True
UNIT-000850,FA-07,52320.0,OP-SHIFT_2-05,True
UNIT-000850,FA-08,52380.0,OP-SHIFT_2-05,True
UNIT-000851,PT-05,51900.0,OP-SHIFT_2-06,True
UNIT-000851,FA-05,52260.0,OP-SHIFT_2-06,True
UNIT-000851,FA-06,52320.0,OP-SHIFT_2-06,True
UNIT-000851,FA-07,52380.0,OP-SHIFT_2-06,True
UNIT-000851,FA-08,52440.0,OP-SHIFT_2-06,True
UNIT-000852,PT-05,51960.0,OP-SHIFT_2-01,True
UNIT-000852,FA-05,52320.0,OP-SHIFT_2-01,True
UNIT-000852,FA-06,52380.0,OP-SHIFT_2-01,True
UNIT-000852,FA-07,52440.0,OP-SHIFT_2-01,True
UNIT-000852,FA-08,52500.0,OP-SHIFT_2-01,True
UNIT-000853,PT-05,52020.0,OP-SHIFT_2-02,True
UNIT-000853,FA-05,52380.0,OP-SHIFT_2-02,True
UNIT-000853,FA-06,52440.0,OP-SHIFT_2-02,True
UNIT-000853,FA-07,52500.0,OP-SHIFT_2-02,True
UNIT-000853,FA-08,52560.0,OP-SHIFT_2-02,True
UNIT-000854,PT-05,52080.0,OP-SHIFT_2-03,True
UNIT-000854,FA-05,52440.0,OP-SHIFT_2-03,True
UNIT-000854,FA-06,52500.0,OP-SHIFT_2-03,True
UNIT-000854,FA-07,52560.0,OP-SHIFT_2-03,True
UNIT-000854,FA-08,52620.0,OP-SHIFT_2-03,True
UNIT-000855,PT-05,52140.0,OP-SHIFT_2-04,True
UNIT-000855,FA-05,52500.0,OP-SHIFT_2-04,True
UNIT-000855,FA-06,52560.0,OP-SHIFT_2-04,True
UNIT-000855,FA-07,52620.0,OP-SHIFT_2-04,True
UNIT-000855,FA-08,52680.0,OP-SHIFT_2-04,True
UNIT-000856,PT-05,52200.0,OP-SHIFT_2-05,True
UNIT-000856,FA-05,52560.0,OP-SHIFT_2-05,True
UNIT-000856,FA-06,52620.0,OP-SHIFT_2-05,True
UNIT-000856,FA-07,52680.0,OP-SHIFT_2-05,True
UNIT-000856,FA-08,52740.0,OP-SHIFT_2-05,True
UNIT-000857,PT-05,52260.0,OP-SHIFT_2-06,True
UNIT-000857,FA-05,52620.0,OP-SHIFT_2-06,True
UNIT-000857,FA-06,52680.0,OP-SHIFT_2-06,True
UNIT-000857,FA-07,52740.0,OP-SHIFT_2-06,True
UNIT-000857,FA-08,52800.0,OP-SHIFT_2-06,True
UNIT-000858,PT-05,52320.0,OP-SHIFT_2-01,True
UNIT-000858,FA-05,52680.0,OP-SHIFT_2-01,True
UNIT-000858,FA-06,52740.0,OP-SHIFT_2-01,True
UNIT-000858,FA-07,52800.0,OP-SHIFT_2-01,True
UNIT-000858,FA-08,52860.0,OP-SHIFT_2-01,True
UNIT-000859,PT-05,52380.0,OP-SHIFT_2-02,True
UNIT-000859,FA-05,52740.0,OP-SHIFT_2-02,True
UNIT-000859,FA-06,52800.0,OP-SHIFT_2-02,True
UNIT-000859,FA-07,52860.0,OP-SHIFT_2-02,True
UNIT-000859,FA-08,52920.0,OP-SHIFT_2-02,True
UNIT-000860,PT-05,52440.0,OP-SHIFT_2-03,True
UNIT-000860,FA-05,52800.0,OP-SHIFT_2-03,True
UNIT-000860,FA-06,52860.0,OP-SHIFT_2-03,True
UNIT-000860,FA-07,52920.0,OP-SHIFT_2-03,True
UNIT-000860,FA-08,52980.0,OP-SHIFT_2-03,True
UNIT-000861,PT-05,52500.0,OP-SHIFT_2-04,True
UNIT-000861,FA-05,52860.0,OP-SHIFT_2-04,True
UNIT-000861,FA-06,52920.0,OP-SHIFT_2-04,True
UNIT-000861,FA-07,52980.0,OP-SHIFT_2-04,True
UNIT-000861,FA-08,53040.0,OP-SHIFT_2-04,True
UNIT-000862,PT-05,52560.0,OP-SHIFT_2-05,True
UNIT-000862,FA-05,52920.0,OP-SHIFT_2-05,True
UNIT-000862,FA-06,52980.0,OP-SHIFT_2-05,True
UNIT-000862,FA-07,53040.0,OP-SHIFT_2-05,True
UNIT-000862,FA-08,53100.0,OP-SHIFT_2-05,True
UNIT-000863,PT-05,52620.0,OP-SHIFT_2-06,True
UNIT-000863,FA-05,52980.0,OP-SHIFT_2-06,True
UNIT-000863,FA-06,53040.0,OP-SHIFT_2-06,True
UNIT-000863,FA-07,53100.0,OP-SHIFT_2-06,True
UNIT-000863,FA-08,53160.0,OP-SHIFT_2-06,True
UNIT-000864,PT-05,52680.0,OP-SHIFT_2-01,True
UNIT-000864,FA-05,53040.0,OP-SHIFT_2-01,True
UNIT-000864,FA-06,53100.0,OP-SHIFT_2-01,True
UNIT-000864,FA-07,53160.0,OP-SHIFT_2-01,True
UNIT-000864,FA-08,53220.0,OP-SHIFT_2-01,True
UNIT-000865,PT-05,52740.0,OP-SHIFT_2-02,True
UNIT-000865,FA-05,53100.0,OP-SHIFT_2-02,True
UNIT-000865,FA-06,53160.0,OP-SHIFT_2-02,True
UNIT-000865,FA-07,53220.0,OP-SHIFT_2-02,True
UNIT-000865,FA-08,53280.0,OP-SHIFT_2-02,True
UNIT-000866,PT-05,52800.0,OP-SHIFT_2-03,True
UNIT-000866,FA-05,53160.0,OP-SHIFT_2-03,True
UNIT-000866,FA-06,53220.0,OP-SHIFT_2-03,True
UNIT-000866,FA-07,53280.0,OP-SHIFT_2-03,True
UNIT-000866,FA-08,53340.0,OP-SHIFT_2-03,True
UNIT-000867,PT-05,52860.0,OP-SHIFT_2-04,True
UNIT-000867,FA-05,53220.0,OP-SHIFT_2-04,True
UNIT-000867,FA-06,53280.0,OP-SHIFT_2-04,True
UNIT-000867,FA-07,53340.0,OP-SHIFT_2-04,True
UNIT-000867,FA-08,53400.0,OP-SHIFT_2-04,True
UNIT-000868,PT-05,52920.0,OP-SHIFT_2-05,True
UNIT-000868,FA-05,53280.0,OP-SHIFT_2-05,True
UNIT-000868,FA-06,53340.0,OP-SHIFT_2-05,True
UNIT-000868,FA-07,53400.0,OP-SHIFT_2-05,True
UNIT-000868,FA-08,53460.0,OP-SHIFT_2-05,True
UNIT-000869,PT-05,52980.0,OP-SHIFT_2-06,True
UNIT-000869,FA-05,53340.0,OP-SHIFT_2-06,True
UNIT-000869,FA-06,53400.0,OP-SHIFT_2-06,True
UNIT-000869,FA-07,53460.0,OP-SHIFT_2-06,True
UNIT-000869,FA-08,53520.0,OP-SHIFT_2-06,True
UNIT-000870,PT-05,53040.0,OP-SHIFT_2-01,True
UNIT-000870,FA-05,53400.0,OP-SHIFT_2-01,True
UNIT-000870,FA-06,53460.0,OP-SHIFT_2-01,True
UNIT-000870,FA-07,53520.0,OP-SHIFT_2-01,True
UNIT-000870,FA-08,53580.0,OP-SHIFT_2-01,True
UNIT-000871,PT-05,53100.0,OP-SHIFT_2-02,True
UNIT-000871,FA-05,53460.0,OP-SHIFT_2-02,True
UNIT-000871,FA-06,53520.0,OP-SHIFT_2-02,True
UNIT-000871,FA-07,53580.0,OP-SHIFT_2-02,True
UNIT-000871,FA-08,53640.0,OP-SHIFT_2-02,True
UNIT-000872,PT-05,53160.0,OP-SHIFT_2-03,True
UNIT-000872,FA-05,53520.0,OP-SHIFT_2-03,True
UNIT-000872,FA-06,53580.0,OP-SHIFT_2-03,True
UNIT-000872,FA-07,53640.0,OP-SHIFT_2-03,True
UNIT-000872,FA-08,53700.0,OP-SHIFT_2-03,True
UNIT-000873,PT-05,53220.0,OP-SHIFT_2-04,True
UNIT-000873,FA-05,53580.0,OP-SHIFT_2-04,True
UNIT-000873,FA-06,53640.0,OP-SHIFT_2-04,True
UNIT-000873,FA-07,53700.0,OP-SHIFT_2-04,True
UNIT-000873,FA-08,53760.0,OP-SHIFT_2-04,True
UNIT-000874,PT-05,53280.0,OP-SHIFT_2-05,True
UNIT-000874,FA-05,53640.0,OP-SHIFT_2-05,True
UNIT-000874,FA-06,53700.0,OP-SHIFT_2-05,True
UNIT-000874,FA-07,53760.0,OP-SHIFT_2-05,True
UNIT-000874,FA-08,53820.0,OP-SHIFT_2-05,True
UNIT-000875,PT-05,53340.0,OP-SHIFT_2-06,True
UNIT-000875,FA-05,53700.0,OP-SHIFT_2-06,True
UNIT-000875,FA-06,53760.0,OP-SHIFT_2-06,True
UNIT-000875,FA-07,53820.0,OP-SHIFT_2-06,True
UNIT-000875,FA-08,53880.0,OP-SHIFT_2-06,True
UNIT-000876,PT-05,53400.0,OP-SHIFT_2-01,True
UNIT-000876,FA-05,53760.0,OP-SHIFT_2-01,True
UNIT-000876,FA-06,53820.0,OP-SHIFT_2-01,True
UNIT-000876,FA-07,53880.0,OP-SHIFT_2-01,True
UNIT-000876,FA-08,53940.0,OP-SHIFT_2-01,True
UNIT-000877,PT-05,53460.0,OP-SHIFT_2-02,True
UNIT-000877,FA-05,53820.0,OP-SHIFT_2-02,True
UNIT-000877,FA-06,53880.0,OP-SHIFT_2-02,True
UNIT-000877,FA-07,53940.0,OP-SHIFT_2-02,True
UNIT-000877,FA-08,54000.0,OP-SHIFT_2-02,True
UNIT-000878,PT-05,53520.0,OP-SHIFT_2-03,True
UNIT-000878,FA-05,53880.0,OP-SHIFT_2-03,True
UNIT-000878,FA-06,53940.0,OP-SHIFT_2-03,True
UNIT-000878,FA-07,54000.0,OP-SHIFT_2-03,True
UNIT-000878,FA-08,54060.0,OP-SHIFT_2-03,True
UNIT-000879,PT-05,53580.0,OP-SHIFT_2-04,True
UNIT-000879,FA-05,53940.0,OP-SHIFT_2-04,True
UNIT-000879,FA-06,54000.0,OP-SHIFT_2-04,True
UNIT-000879,FA-07,54060.0,OP-SHIFT_2-04,True
UNIT-000879,FA-08,54120.0,OP-SHIFT_2-04,True
UNIT-000880,PT-05,53640.0,OP-SHIFT_2-05,True
UNIT-000880,FA-05,54000.0,OP-SHIFT_2-05,True
UNIT-000880,FA-06,54060.0,OP-SHIFT_2-05,True
UNIT-000880,FA-07,54120.0,OP-SHIFT_2-05,True
UNIT-000880,FA-08,54180.0,OP-SHIFT_2-05,True
UNIT-000881,PT-05,53700.0,OP-SHIFT_2-06,True
UNIT-000881,FA-05,54060.0,OP-SHIFT_2-06,True
UNIT-000881,FA-06,54120.0,OP-SHIFT_2-06,True
UNIT-000881,FA-07,54180.0,OP-SHIFT_2-06,True
UNIT-000881,FA-08,54240.0,OP-SHIFT_2-06,True
UNIT-000882,PT-05,53760.0,OP-SHIFT_2-01,True
UNIT-000882,FA-05,54120.0,OP-SHIFT_2-01,True
UNIT-000882,FA-06,54180.0,OP-SHIFT_2-01,True
UNIT-000882,FA-07,54240.0,OP-SHIFT_2-01,True
UNIT-000882,FA-08,54300.0,OP-SHIFT_2-01,True
UNIT-000883,PT-05,53820.0,OP-SHIFT_2-02,True
UNIT-000883,FA-05,54180.0,OP-SHIFT_2-02,True
UNIT-000883,FA-06,54240.0,OP-SHIFT_2-02,True
UNIT-000883,FA-07,54300.0,OP-SHIFT_2-02,True
UNIT-000883,FA-08,54360.0,OP-SHIFT_2-02,True
UNIT-000884,PT-05,53880.0,OP-SHIFT_2-03,True
UNIT-000884,FA-05,54240.0,OP-SHIFT_2-03,True
UNIT-000884,FA-06,54300.0,OP-SHIFT_2-03,True
UNIT-000884,FA-07,54360.0,OP-SHIFT_2-03,True
UNIT-000884,FA-08,54420.0,OP-SHIFT_2-03,True
UNIT-000885,PT-05,53940.0,OP-SHIFT_2-04,True
UNIT-000885,FA-05,54300.0,OP-SHIFT_2-04,True
UNIT-000885,FA-06,54360.0,OP-SHIFT_2-04,True
UNIT-000885,FA-07,54420.0,OP-SHIFT_2-04,True
UNIT-000885,FA-08,54480.0,OP-SHIFT_2-04,True
UNIT-000886,PT-05,54000.0,OP-SHIFT_2-05,True
UNIT-000886,FA-05,54360.0,OP-SHIFT_2-05,True
UNIT-000886,FA-06,54420.0,OP-SHIFT_2-05,True
UNIT-000886,FA-07,54480.0,OP-SHIFT_2-05,True
UNIT-000886,FA-08,54540.0,OP-SHIFT_2-05,True
UNIT-000887,PT-05,54060.0,OP-SHIFT_2-06,True
UNIT-000887,FA-05,54420.0,OP-SHIFT_2-06,True
UNIT-000887,FA-06,54480.0,OP-SHIFT_2-06,True
UNIT-000887,FA-07,54540.0,OP-SHIFT_2-06,True
UNIT-000887,FA-08,54600.0,OP-SHIFT_2-06,True
UNIT-000888,PT-05,54120.0,OP-SHIFT_2-01,True
UNIT-000888,FA-05,54480.0,OP-SHIFT_2-01,True
UNIT-000888,FA-06,54540.0,OP-SHIFT_2-01,True
UNIT-000888,FA-07,54600.0,OP-SHIFT_2-01,True
UNIT-000888,FA-08,54660.0,OP-SHIFT_2-01,True
UNIT-000889,PT-05,54180.0,OP-SHIFT_2-02,True
UNIT-000889,FA-05,54540.0,OP-SHIFT_2-02,True
UNIT-000889,FA-06,54600.0,OP-SHIFT_2-02,True
UNIT-000889,FA-07,54660.0,OP-SHIFT_2-02,True
UNIT-000889,FA-08,54720.0,OP-SHIFT_2-02,True
UNIT-000890,PT-05,54240.0,OP-SHIFT_2-03,True
UNIT-000890,FA-05,54600.0,OP-SHIFT_2-03,True
UNIT-000890,FA-06,54660.0,OP-SHIFT_2-03,True
UNIT-000890,FA-07,54720.0,OP-SHIFT_2-03,True
UNIT-000890,FA-08,54780.0,OP-SHIFT_2-03,True
UNIT-000891,PT-05,54300.0,OP-SHIFT_2-04,True
UNIT-000891,FA-05,54660.0,OP-SHIFT_2-04,True
UNIT-000891,FA-06,54720.0,OP-SHIFT_2-04,True
UNIT-000891,FA-07,54780.0,OP-SHIFT_2-04,True
UNIT-000891,FA-08,54840.0,OP-SHIFT_2-04,True
UNIT-000892,PT-05,54360.0,OP-SHIFT_2-05,True
UNIT-000892,FA-05,54720.0,OP-SHIFT_2-05,True
UNIT-000892,FA-06,54780.0,OP-SHIFT_2-05,True
UNIT-000892,FA-07,54840.0,OP-SHIFT_2-05,True
UNIT-000892,FA-08,54900.0,OP-SHIFT_2-05,True
UNIT-000893,PT-05,54420.0,OP-SHIFT_2-06,True
UNIT-000893,FA-05,54780.0,OP-SHIFT_2-06,True
UNIT-000893,FA-06,54840.0,OP-SHIFT_2-06,True
UNIT-000893,FA-07,54900.0,OP-SHIFT_2-06,True
UNIT-000893,FA-08,54960.0,OP-SHIFT_2-06,True
UNIT-000894,PT-05,54480.0,OP-SHIFT_2-01,True
UNIT-000894,FA-05,54840.0,OP-SHIFT_2-01,True
UNIT-000894,FA-06,54900.0,OP-SHIFT_2-01,True
UNIT-000894,FA-07,54960.0,OP-SHIFT_2-01,True
UNIT-000894,FA-08,55020.0,OP-SHIFT_2-01,True
UNIT-000895,PT-05,54540.0,OP-SHIFT_2-02,True
UNIT-000895,FA-05,54900.0,OP-SHIFT_2-02,True
UNIT-000895,FA-06,54960.0,OP-SHIFT_2-02,True
UNIT-000895,FA-07,55020.0,OP-SHIFT_2-02,True
UNIT-000895,FA-08,55080.0,OP-SHIFT_2-02,True
UNIT-000896,PT-05,54600.0,OP-SHIFT_2-03,True
UNIT-000896,FA-05,54960.0,OP-SHIFT_2-03,True
UNIT-000896,FA-06,55020.0,OP-SHIFT_2-03,True
UNIT-000896,FA-07,55080.0,OP-SHIFT_2-03,True
UNIT-000896,FA-08,55140.0,OP-SHIFT_2-03,True
UNIT-000897,PT-05,54660.0,OP-SHIFT_2-04,True
UNIT-000897,FA-05,55020.0,OP-SHIFT_2-04,True
UNIT-000897,FA-06,55080.0,OP-SHIFT_2-04,True
UNIT-000897,FA-07,55140.0,OP-SHIFT_2-04,True
UNIT-000897,FA-08,55200.0,OP-SHIFT_2-04,True
UNIT-000898,PT-05,54720.0,OP-SHIFT_2-05,True
UNIT-000898,FA-05,55080.0,OP-SHIFT_2-05,True
UNIT-000898,FA-06,55140.0,OP-SHIFT_2-05,True
UNIT-000898,FA-07,55200.0,OP-SHIFT_2-05,True
UNIT-000898,FA-08,55260.0,OP-SHIFT_2-05,True
UNIT-000899,PT-05,54780.0,OP-SHIFT_2-06,True
UNIT-000899,FA-05,55140.0,OP-SHIFT_2-06,True
UNIT-000899,FA-06,55200.0,OP-SHIFT_2-06,True
UNIT-000899,FA-07,55260.0,OP-SHIFT_2-06,True
UNIT-000899,FA-08,55320.0,OP-SHIFT_2-06,True
UNIT-000900,PT-05,54840.0,OP-SHIFT_2-01,True
UNIT-000900,FA-05,55200.0,OP-SHIFT_2-01,True
UNIT-000900,FA-06,55260.0,OP-SHIFT_2-01,True
UNIT-000900,FA-07,55320.0,OP-SHIFT_2-01,True
UNIT-000900,FA-08,55380.0,OP-SHIFT_2-01,True
UNIT-000901,PT-05,54900.0,OP-SHIFT_2-02,True
UNIT-000901,FA-05,55260.0,OP-SHIFT_2-02,True
UNIT-000901,FA-06,55320.0,OP-SHIFT_2-02,True
UNIT-000901,FA-07,55380.0,OP-SHIFT_2-02,True
UNIT-000901,FA-08,55440.0,OP-SHIFT_2-02,True
UNIT-000902,PT-05,54960.0,OP-SHIFT_2-03,True
UNIT-000902,FA-05,55320.0,OP-SHIFT_2-03,True
UNIT-000902,FA-06,55380.0,OP-SHIFT_2-03,True
UNIT-000902,FA-07,55440.0,OP-SHIFT_2-03,True
UNIT-000902,FA-08,55500.0,OP-SHIFT_2-03,True
UNIT-000903,PT-05,55020.0,OP-SHIFT_2-04,True
UNIT-000903,FA-05,55380.0,OP-SHIFT_2-04,True
UNIT-000903,FA-06,55440.0,OP-SHIFT_2-04,True
UNIT-000903,FA-07,55500.0,OP-SHIFT_2-04,True
UNIT-000903,FA-08,55560.0,OP-SHIFT_2-04,True
UNIT-000904,PT-05,55080.0,OP-SHIFT_2-05,True
UNIT-000904,FA-05,55440.0,OP-SHIFT_2-05,True
UNIT-000904,FA-06,55500.0,OP-SHIFT_2-05,True
UNIT-000904,FA-07,55560.0,OP-SHIFT_2-05,True
UNIT-000904,FA-08,55620.0,OP-SHIFT_2-05,True
UNIT-000905,PT-05,55140.0,OP-SHIFT_2-06,True
UNIT-000905,FA-05,55500.0,OP-SHIFT_2-06,True
UNIT-000905,FA-06,55560.0,OP-SHIFT_2-06,True
UNIT-000905,FA-07,55620.0,OP-SHIFT_2-06,True
UNIT-000905,FA-08,55680.0,OP-SHIFT_2-06,True
UNIT-000906,PT-05,55200.0,OP-SHIFT_2-01,True
UNIT-000906,FA-05,55560.0,OP-SHIFT_2-01,True
UNIT-000906,FA-06,55620.0,OP-SHIFT_2-01,True
UNIT-000906,FA-07,55680.0,OP-SHIFT_2-01,True
UNIT-000906,FA-08,55740.0,OP-SHIFT_2-01,True
UNIT-000907,PT-05,55260.0,OP-SHIFT_2-02,True
UNIT-000907,FA-05,55620.0,OP-SHIFT_2-02,True
UNIT-000907,FA-06,55680.0,OP-SHIFT_2-02,True
UNIT-000907,FA-07,55740.0,OP-SHIFT_2-02,True
UNIT-000907,FA-08,55800.0,OP-SHIFT_2-02,True
UNIT-000908,PT-05,55320.0,OP-SHIFT_2-03,True
UNIT-000908,FA-05,55680.0,OP-SHIFT_2-03,True
UNIT-000908,FA-06,55740.0,OP-SHIFT_2-03,True
UNIT-000908,FA-07,55800.0,OP-SHIFT_2-03,True
UNIT-000908,FA-08,55860.0,OP-SHIFT_2-03,True
UNIT-000909,PT-05,55380.0,OP-SHIFT_2-04,True
UNIT-000909,FA-05,55740.0,OP-SHIFT_2-04,True
UNIT-000909,FA-06,55800.0,OP-SHIFT_2-04,True
UNIT-000909,FA-07,55860.0,OP-SHIFT_2-04,True
UNIT-000909,FA-08,55920.0,OP-SHIFT_2-04,True
UNIT-000910,PT-05,55440.0,OP-SHIFT_2-05,True
UNIT-000910,FA-05,55800.0,OP-SHIFT_2-05,True
UNIT-000910,FA-06,55860.0,OP-SHIFT_2-05,True
UNIT-000910,FA-07,55920.0,OP-SHIFT_2-05,True
UNIT-000910,FA-08,55980.0,OP-SHIFT_2-05,True
UNIT-000911,PT-05,55500.0,OP-SHIFT_2-06,True
UNIT-000911,FA-05,55860.0,OP-SHIFT_2-06,True
UNIT-000911,FA-06,55920.0,OP-SHIFT_2-06,True
UNIT-000911,FA-07,55980.0,OP-SHIFT_2-06,True
UNIT-000911,FA-08,56040.0,OP-SHIFT_2-06,True
UNIT-000912,PT-05,55560.0,OP-SHIFT_2-01,True
UNIT-000912,FA-05,55920.0,OP-SHIFT_2-01,True
UNIT-000912,FA-06,55980.0,OP-SHIFT_2-01,True
UNIT-000912,FA-07,56040.0,OP-SHIFT_2-01,True
UNIT-000912,FA-08,56100.0,OP-SHIFT_2-01,True
UNIT-000913,PT-05,55620.0,OP-SHIFT_2-02,True
UNIT-000913,FA-05,55980.0,OP-SHIFT_2-02,True
UNIT-000913,FA-06,56040.0,OP-SHIFT_2-02,True
UNIT-000913,FA-07,56100.0,OP-SHIFT_2-02,True
UNIT-000913,FA-08,56160.0,OP-SHIFT_2-02,True
UNIT-000914,PT-05,55680.0,OP-SHIFT_2-03,True
UNIT-000914,FA-05,56040.0,OP-SHIFT_2-03,True
UNIT-000914,FA-06,56100.0,OP-SHIFT_2-03,True
UNIT-000914,FA-07,56160.0,OP-SHIFT_2-03,True
UNIT-000914,FA-08,56220.0,OP-SHIFT_2-03,True
UNIT-000915,PT-05,55740.0,OP-SHIFT_2-04,True
UNIT-000915,FA-05,56100.0,OP-SHIFT_2-04,True
UNIT-000915,FA-06,56160.0,OP-SHIFT_2-04,True
UNIT-000915,FA-07,56220.0,OP-SHIFT_2-04,True
UNIT-000915,FA-08,56280.0,OP-SHIFT_2-04,True
UNIT-000916,PT-05,55800.0,OP-SHIFT_2-05,True
UNIT-000916,FA-05,56160.0,OP-SHIFT_2-05,True
UNIT-000916,FA-06,56220.0,OP-SHIFT_2-05,True
UNIT-000916,FA-07,56280.0,OP-SHIFT_2-05,True
UNIT-000916,FA-08,56340.0,OP-SHIFT_2-05,True
UNIT-000917,PT-05,55860.0,OP-SHIFT_2-06,True
UNIT-000917,FA-05,56220.0,OP-SHIFT_2-06,True
UNIT-000917,FA-06,56280.0,OP-SHIFT_2-06,True
UNIT-000917,FA-07,56340.0,OP-SHIFT_2-06,True
UNIT-000917,FA-08,56400.0,OP-SHIFT_2-06,True
UNIT-000918,PT-05,55920.0,OP-SHIFT_2-01,True
UNIT-000918,FA-05,56280.0,OP-SHIFT_2-01,True
UNIT-000918,FA-06,56340.0,OP-SHIFT_2-01,True
UNIT-000918,FA-07,56400.0,OP-SHIFT_2-01,True
UNIT-000918,FA-08,56460.0,OP-SHIFT_2-01,True
UNIT-000919,PT-05,55980.0,OP-SHIFT_2-02,True
UNIT-000919,FA-05,56340.0,OP-SHIFT_2-02,True
UNIT-000919,FA-06,56400.0,OP-SHIFT_2-02,True
UNIT-000919,FA-07,56460.0,OP-SHIFT_2-02,True
UNIT-000919,FA-08,56520.0,OP-SHIFT_2-02,True
UNIT-000920,PT-05,56040.0,OP-SHIFT_2-03,True
UNIT-000920,FA-05,56400.0,OP-SHIFT_2-03,True
UNIT-000920,FA-06,56460.0,OP-SHIFT_2-03,True
UNIT-000920,FA-07,56520.0,OP-SHIFT_2-03,True
UNIT-000920,FA-08,56580.0,OP-SHIFT_2-03,True
UNIT-000921,PT-05,56100.0,OP-SHIFT_2-04,True
UNIT-000921,FA-05,56460.0,OP-SHIFT_2-04,True
UNIT-000921,FA-06,56520.0,OP-SHIFT_2-04,True
UNIT-000921,FA-07,56580.0,OP-SHIFT_2-04,True
UNIT-000921,FA-08,56640.0,OP-SHIFT_2-04,True
UNIT-000922,PT-05,56160.0,OP-SHIFT_2-05,True
UNIT-000922,FA-05,56520.0,OP-SHIFT_2-05,True
UNIT-000922,FA-06,56580.0,OP-SHIFT_2-05,True
UNIT-000922,FA-07,56640.0,OP-SHIFT_2-05,True
UNIT-000922,FA-08,56700.0,OP-SHIFT_2-05,True
UNIT-000923,PT-05,56220.0,OP-SHIFT_2-06,True
UNIT-000923,FA-05,56580.0,OP-SHIFT_2-06,True
UNIT-000923,FA-06,56640.0,OP-SHIFT_2-06,True
UNIT-000923,FA-07,56700.0,OP-SHIFT_2-06,True
UNIT-000923,FA-08,56760.0,OP-SHIFT_2-06,True
UNIT-000924,PT-05,56280.0,OP-SHIFT_2-01,True
UNIT-000924,FA-05,56640.0,OP-SHIFT_2-01,True
UNIT-000924,FA-06,56700.0,OP-SHIFT_2-01,True
UNIT-000924,FA-07,56760.0,OP-SHIFT_2-01,True
UNIT-000924,FA-08,56820.0,OP-SHIFT_2-01,True
UNIT-000925,PT-05,56340.0,OP-SHIFT_2-02,True
UNIT-000925,FA-05,56700.0,OP-SHIFT_2-02,True
UNIT-000925,FA-06,56760.0,OP-SHIFT_2-02,True
UNIT-000925,FA-07,56820.0,OP-SHIFT_2-02,True
UNIT-000925,FA-08,56880.0,OP-SHIFT_2-02,True
UNIT-000926,PT-05,56400.0,OP-SHIFT_2-03,True
UNIT-000926,FA-05,56760.0,OP-SHIFT_2-03,True
UNIT-000926,FA-06,56820.0,OP-SHIFT_2-03,True
UNIT-000926,FA-07,56880.0,OP-SHIFT_2-03,True
UNIT-000926,FA-08,56940.0,OP-SHIFT_2-03,True
UNIT-000927,PT-05,56460.0,OP-SHIFT_2-04,True
UNIT-000927,FA-05,56820.0,OP-SHIFT_2-04,True
UNIT-000927,FA-06,56880.0,OP-SHIFT_2-04,True
UNIT-000927,FA-07,56940.0,OP-SHIFT_2-04,True
UNIT-000927,FA-08,57000.0,OP-SHIFT_2-04,True
UNIT-000928,PT-05,56520.0,OP-SHIFT_2-05,True
UNIT-000928,FA-05,56880.0,OP-SHIFT_2-05,True
UNIT-000928,FA-06,56940.0,OP-SHIFT_2-05,True
UNIT-000928,FA-07,57000.0,OP-SHIFT_2-05,True
UNIT-000928,FA-08,57060.0,OP-SHIFT_2-05,True
UNIT-000929,PT-05,56580.0,OP-SHIFT_2-06,True
UNIT-000929,FA-05,56940.0,OP-SHIFT_2-06,True
UNIT-000929,FA-06,57000.0,OP-SHIFT_2-06,True
UNIT-000929,FA-07,57060.0,OP-SHIFT_2-06,True
UNIT-000929,FA-08,57120.0,OP-SHIFT_2-06,True
UNIT-000930,PT-05,56640.0,OP-SHIFT_2-01,True
UNIT-000930,FA-05,57000.0,OP-SHIFT_2-01,True
UNIT-000930,FA-06,57060.0,OP-SHIFT_2-01,True
UNIT-000930,FA-07,57120.0,OP-SHIFT_2-01,True
UNIT-000930,FA-08,57180.0,OP-SHIFT_2-01,True
UNIT-000931,PT-05,56700.0,OP-SHIFT_2-02,True
UNIT-000931,FA-05,57060.0,OP-SHIFT_2-02,True
UNIT-000931,FA-06,57120.0,OP-SHIFT_2-02,True
UNIT-000931,FA-07,57180.0,OP-SHIFT_2-02,True
UNIT-000931,FA-08,57240.0,OP-SHIFT_2-02,True
UNIT-000932,PT-05,56760.0,OP-SHIFT_2-03,True
UNIT-000932,FA-05,57120.0,OP-SHIFT_2-03,True
UNIT-000932,FA-06,57180.0,OP-SHIFT_2-03,True
UNIT-000932,FA-07,57240.0,OP-SHIFT_2-03,True
UNIT-000932,FA-08,57300.0,OP-SHIFT_2-03,True
UNIT-000933,PT-05,56820.0,OP-SHIFT_2-04,True
UNIT-000933,FA-05,57180.0,OP-SHIFT_2-04,True
UNIT-000933,FA-06,57240.0,OP-SHIFT_2-04,True
UNIT-000933,FA-07,57300.0,OP-SHIFT_2-04,True
UNIT-000933,FA-08,57360.0,OP-SHIFT_2-04,True
UNIT-000934,PT-05,56880.0,OP-SHIFT_2-05,True
UNIT-000934,FA-05,57240.0,OP-SHIFT_2-05,True
UNIT-000934,FA-06,57300.0,OP-SHIFT_2-05,True
UNIT-000934,FA-07,57360.0,OP-SHIFT_2-05,True
UNIT-000934,FA-08,57420.0,OP-SHIFT_2-05,True
UNIT-000935,PT-05,56940.0,OP-SHIFT_2-06,True
UNIT-000935,FA-05,57300.0,OP-SHIFT_2-06,True
UNIT-000935,FA-06,57360.0,OP-SHIFT_2-06,True
UNIT-000935,FA-07,57420.0,OP-SHIFT_2-06,True
UNIT-000935,FA-08,57480.0,OP-SHIFT_2-06,True
UNIT-000936,PT-05,57000.0,OP-SHIFT_2-01,True
UNIT-000936,FA-05,57360.0,OP-SHIFT_2-01,True
UNIT-000936,FA-06,57420.0,OP-SHIFT_2-01,True
UNIT-000936,FA-07,57480.0,OP-SHIFT_2-01,True
UNIT-000936,FA-08,57540.0,OP-SHIFT_2-01,True
UNIT-000937,PT-05,57060.0,OP-SHIFT_2-02,True
UNIT-000937,FA-05,57420.0,OP-SHIFT_2-02,True
UNIT-000937,FA-06,57480.0,OP-SHIFT_2-02,True
UNIT-000937,FA-07,57540.0,OP-SHIFT_2-02,True
UNIT-000937,FA-08,57600.0,OP-SHIFT_2-02,True
UNIT-000938,PT-05,57120.0,OP-SHIFT_2-03,True
UNIT-000938,FA-05,57480.0,OP-SHIFT_2-03,True
UNIT-000938,FA-06,57540.0,OP-SHIFT_2-03,True
UNIT-000938,FA-07,57600.0,OP-SHIFT_2-03,True
UNIT-000938,FA-08,57660.0,OP-SHIFT_2-03,True
UNIT-000939,PT-05,57180.0,OP-SHIFT_2-04,True
UNIT-000939,FA-05,57540.0,OP-SHIFT_2-04,True
UNIT-000939,FA-06,57600.0,OP-SHIFT_2-04,True
UNIT-000939,FA-07,57660.0,OP-SHIFT_2-04,True
UNIT-000939,FA-08,57720.0,OP-SHIFT_2-04,True
UNIT-000940,PT-05,57240.0,OP-SHIFT_2-05,True
UNIT-000940,FA-05,57600.0,OP-SHIFT_2-05,True
UNIT-000940,FA-06,57660.0,OP-SHIFT_2-05,True
UNIT-000940,FA-07,57720.0,OP-SHIFT_2-05,True
UNIT-000940,FA-08,57780.0,OP-SHIFT_2-05,True
UNIT-000941,PT-05,57300.0,OP-SHIFT_2-06,True
UNIT-000941,FA-05,57660.0,OP-SHIFT_2-06,True
UNIT-000941,FA-06,57720.0,OP-SHIFT_2-06,True
UNIT-000941,FA-07,57780.0,OP-SHIFT_2-06,True
UNIT-000941,FA-08,57840.0,OP-SHIFT_2-06,True
UNIT-000942,PT-05,57360.0,OP-SHIFT_2-01,True
UNIT-000942,FA-05,57720.0,OP-SHIFT_2-01,True
UNIT-000942,FA-06,57780.0,OP-SHIFT_2-01,True
UNIT-000942,FA-07,57840.0,OP-SHIFT_2-01,True
UNIT-000942,FA-08,57900.0,OP-SHIFT_2-01,True
UNIT-000943,PT-05,57420.0,OP-SHIFT_2-02,True
UNIT-000943,FA-05,57780.0,OP-SHIFT_2-02,True
UNIT-000943,FA-06,57840.0,OP-SHIFT_2-02,True
UNIT-000943,FA-07,57900.0,OP-SHIFT_2-02,True
UNIT-000943,FA-08,57960.0,OP-SHIFT_2-02,True
UNIT-000944,PT-05,57480.0,OP-SHIFT_2-03,True
UNIT-000944,FA-05,57840.0,OP-SHIFT_2-03,True
UNIT-000944,FA-06,57900.0,OP-SHIFT_2-03,True
UNIT-000944,FA-07,57960.0,OP-SHIFT_2-03,True
UNIT-000944,FA-08,58020.0,OP-SHIFT_2-03,True
UNIT-000945,PT-05,57540.0,OP-SHIFT_2-04,True
UNIT-000945,FA-05,57900.0,OP-SHIFT_2-04,True
UNIT-000945,FA-06,57960.0,OP-SHIFT_2-04,True
UNIT-000945,FA-07,58020.0,OP-SHIFT_2-04,True
UNIT-000945,FA-08,58080.0,OP-SHIFT_2-04,True
UNIT-000946,PT-05,57600.0,OP-SHIFT_2-05,False
UNIT-000946,FA-05,57960.0,OP-SHIFT_2-05,True
UNIT-000946,FA-06,58020.0,OP-SHIFT_2-05,True
UNIT-000946,FA-07,58080.0,OP-SHIFT_2-05,True
UNIT-000946,FA-08,58140.0,OP-SHIFT_2-05,True
UNIT-000947,PT-05,57660.0,OP-SHIFT_2-06,True
UNIT-000947,FA-05,58020.0,OP-SHIFT_2-06,True
UNIT-000947,FA-06,58080.0,OP-SHIFT_2-06,True
UNIT-000947,FA-07,58140.0,OP-SHIFT_2-06,True
UNIT-000947,FA-08,58200.0,OP-SHIFT_2-06,True
UNIT-000948,PT-05,57720.0,OP-SHIFT_2-01,True
UNIT-000948,FA-05,58080.0,OP-SHIFT_2-01,True
UNIT-000948,FA-06,58140.0,OP-SHIFT_2-01,True
UNIT-000948,FA-07,58200.0,OP-SHIFT_2-01,True
UNIT-000948,FA-08,58260.0,OP-SHIFT_2-01,True
UNIT-000949,PT-05,57780.0,OP-SHIFT_2-02,True
UNIT-000949,FA-05,58140.0,OP-SHIFT_2-02,True
UNIT-000949,FA-06,58200.0,OP-SHIFT_2-02,True
UNIT-000949,FA-07,58260.0,OP-SHIFT_2-02,True
UNIT-000949,FA-08,58320.0,OP-SHIFT_2-02,True
UNIT-000950,PT-05,57840.0,OP-SHIFT_2-03,True
UNIT-000950,FA-05,58200.0,OP-SHIFT_2-03,True
UNIT-000950,FA-06,58260.0,OP-SHIFT_2-03,True
UNIT-000950,FA-07,58320.0,OP-SHIFT_2-03,True
UNIT-000950,FA-08,58380.0,OP-SHIFT_2-03,True
UNIT-000951,PT-05,57900.0,OP-SHIFT_2-04,True
UNIT-000951,FA-05,58260.0,OP-SHIFT_2-04,True
UNIT-000951,FA-06,58320.0,OP-SHIFT_2-04,True
UNIT-000951,FA-07,58380.0,OP-SHIFT_2-04,True
UNIT-000951,FA-08,58440.0,OP-SHIFT_2-04,True
UNIT-000952,PT-05,57960.0,OP-SHIFT_2-05,True
UNIT-000952,FA-05,58320.0,OP-SHIFT_2-05,True
UNIT-000952,FA-06,58380.0,OP-SHIFT_2-05,True
UNIT-000952,FA-07,58440.0,OP-SHIFT_2-05,True
UNIT-000952,FA-08,58500.0,OP-SHIFT_2-05,True
UNIT-000953,PT-05,58020.0,OP-SHIFT_2-06,True
UNIT-000953,FA-05,58380.0,OP-SHIFT_2-06,True
UNIT-000953,FA-06,58440.0,OP-SHIFT_2-06,True
UNIT-000953,FA-07,58500.0,OP-SHIFT_2-06,True
UNIT-000953,FA-08,58560.0,OP-SHIFT_2-06,True
UNIT-000954,PT-05,58080.0,OP-SHIFT_2-01,True
UNIT-000954,FA-05,58440.0,OP-SHIFT_2-01,True
UNIT-000954,FA-06,58500.0,OP-SHIFT_2-01,True
UNIT-000954,FA-07,58560.0,OP-SHIFT_2-01,True
UNIT-000954,FA-08,58620.0,OP-SHIFT_2-01,True
UNIT-000955,PT-05,58140.0,OP-SHIFT_2-02,True
UNIT-000955,FA-05,58500.0,OP-SHIFT_2-02,True
UNIT-000955,FA-06,58560.0,OP-SHIFT_2-02,True
UNIT-000955,FA-07,58620.0,OP-SHIFT_2-02,True
UNIT-000955,FA-08,58680.0,OP-SHIFT_2-02,True
UNIT-000956,PT-05,58200.0,OP-SHIFT_2-03,True
UNIT-000956,FA-05,58560.0,OP-SHIFT_2-03,True
UNIT-000956,FA-06,58620.0,OP-SHIFT_2-03,True
UNIT-000956,FA-07,58680.0,OP-SHIFT_2-03,True
UNIT-000956,FA-08,58740.0,OP-SHIFT_2-03,True
UNIT-000957,PT-05,58260.0,OP-SHIFT_2-04,True
UNIT-000957,FA-05,58620.0,OP-SHIFT_2-04,True
UNIT-000957,FA-06,58680.0,OP-SHIFT_2-04,True
UNIT-000957,FA-07,58740.0,OP-SHIFT_2-04,True
UNIT-000957,FA-08,58800.0,OP-SHIFT_2-04,True
UNIT-000958,PT-05,58320.0,OP-SHIFT_2-05,True
UNIT-000958,FA-05,58680.0,OP-SHIFT_2-05,True
UNIT-000958,FA-06,58740.0,OP-SHIFT_2-05,True
UNIT-000958,FA-07,58800.0,OP-SHIFT_2-05,True
UNIT-000958,FA-08,58860.0,OP-SHIFT_2-05,True
UNIT-000959,PT-05,58380.0,OP-SHIFT_2-06,True
UNIT-000959,FA-05,58740.0,OP-SHIFT_2-06,False
UNIT-000959,FA-06,58800.0,OP-SHIFT_2-06,True
UNIT-000959,FA-07,58860.0,OP-SHIFT_2-06,True
UNIT-000959,FA-08,58920.0,OP-SHIFT_2-06,True
UNIT-000960,PT-05,58440.0,OP-SHIFT_1-01,True
UNIT-000960,FA-05,58800.0,OP-SHIFT_1-01,True
UNIT-000960,FA-06,58860.0,OP-SHIFT_1-01,True
UNIT-000960,FA-07,58920.0,OP-SHIFT_1-01,True
UNIT-000960,FA-08,58980.0,OP-SHIFT_1-01,True
UNIT-000961,PT-05,58500.0,OP-SHIFT_1-02,True
UNIT-000961,FA-05,58860.0,OP-SHIFT_1-02,True
UNIT-000961,FA-06,58920.0,OP-SHIFT_1-02,True
UNIT-000961,FA-07,58980.0,OP-SHIFT_1-02,True
UNIT-000961,FA-08,59040.0,OP-SHIFT_1-02,True
UNIT-000962,PT-05,58560.0,OP-SHIFT_1-03,True
UNIT-000962,FA-05,58920.0,OP-SHIFT_1-03,True
UNIT-000962,FA-06,58980.0,OP-SHIFT_1-03,True
UNIT-000962,FA-07,59040.0,OP-SHIFT_1-03,True
UNIT-000962,FA-08,59100.0,OP-SHIFT_1-03,True
UNIT-000963,PT-05,58620.0,OP-SHIFT_1-04,True
UNIT-000963,FA-05,58980.0,OP-SHIFT_1-04,True
UNIT-000963,FA-06,59040.0,OP-SHIFT_1-04,True
UNIT-000963,FA-07,59100.0,OP-SHIFT_1-04,True
UNIT-000963,FA-08,59160.0,OP-SHIFT_1-04,True
UNIT-000964,PT-05,58680.0,OP-SHIFT_1-05,True
UNIT-000964,FA-05,59040.0,OP-SHIFT_1-05,True
UNIT-000964,FA-06,59100.0,OP-SHIFT_1-05,True
UNIT-000964,FA-07,59160.0,OP-SHIFT_1-05,True
UNIT-000964,FA-08,59220.0,OP-SHIFT_1-05,True
UNIT-000965,PT-05,58740.0,OP-SHIFT_1-06,True
UNIT-000965,FA-05,59100.0,OP-SHIFT_1-06,True
UNIT-000965,FA-06,59160.0,OP-SHIFT_1-06,True
UNIT-000965,FA-07,59220.0,OP-SHIFT_1-06,True
UNIT-000965,FA-08,59280.0,OP-SHIFT_1-06,True
UNIT-000966,PT-05,58800.0,OP-SHIFT_1-01,True
UNIT-000966,FA-05,59160.0,OP-SHIFT_1-01,True
UNIT-000966,FA-06,59220.0,OP-SHIFT_1-01,True
UNIT-000966,FA-07,59280.0,OP-SHIFT_1-01,True
UNIT-000966,FA-08,59340.0,OP-SHIFT_1-01,True
UNIT-000967,PT-05,58860.0,OP-SHIFT_1-02,True
UNIT-000967,FA-05,59220.0,OP-SHIFT_1-02,True
UNIT-000967,FA-06,59280.0,OP-SHIFT_1-02,True
UNIT-000967,FA-07,59340.0,OP-SHIFT_1-02,True
UNIT-000967,FA-08,59400.0,OP-SHIFT_1-02,True
UNIT-000968,PT-05,58920.0,OP-SHIFT_1-03,True
UNIT-000968,FA-05,59280.0,OP-SHIFT_1-03,True
UNIT-000968,FA-06,59340.0,OP-SHIFT_1-03,True
UNIT-000968,FA-07,59400.0,OP-SHIFT_1-03,True
UNIT-000968,FA-08,59460.0,OP-SHIFT_1-03,True
UNIT-000969,PT-05,58980.0,OP-SHIFT_1-04,True
UNIT-000969,FA-05,59340.0,OP-SHIFT_1-04,True
UNIT-000969,FA-06,59400.0,OP-SHIFT_1-04,True
UNIT-000969,FA-07,59460.0,OP-SHIFT_1-04,True
UNIT-000969,FA-08,59520.0,OP-SHIFT_1-04,True
UNIT-000970,PT-05,59040.0,OP-SHIFT_1-05,True
UNIT-000970,FA-05,59400.0,OP-SHIFT_1-05,True
UNIT-000970,FA-06,59460.0,OP-SHIFT_1-05,True
UNIT-000970,FA-07,59520.0,OP-SHIFT_1-05,True
UNIT-000970,FA-08,59580.0,OP-SHIFT_1-05,True
UNIT-000971,PT-05,59100.0,OP-SHIFT_1-06,True
UNIT-000971,FA-05,59460.0,OP-SHIFT_1-06,True
UNIT-000971,FA-06,59520.0,OP-SHIFT_1-06,True
UNIT-000971,FA-07,59580.0,OP-SHIFT_1-06,True
UNIT-000971,FA-08,59640.0,OP-SHIFT_1-06,True
UNIT-000972,PT-05,59160.0,OP-SHIFT_1-01,True
UNIT-000972,FA-05,59520.0,OP-SHIFT_1-01,True
UNIT-000972,FA-06,59580.0,OP-SHIFT_1-01,True
UNIT-000972,FA-07,59640.0,OP-SHIFT_1-01,True
UNIT-000972,FA-08,59700.0,OP-SHIFT_1-01,True
UNIT-000973,PT-05,59220.0,OP-SHIFT_1-02,True
UNIT-000973,FA-05,59580.0,OP-SHIFT_1-02,True
UNIT-000973,FA-06,59640.0,OP-SHIFT_1-02,True
UNIT-000973,FA-07,59700.0,OP-SHIFT_1-02,True
UNIT-000973,FA-08,59760.0,OP-SHIFT_1-02,True
UNIT-000974,PT-05,59280.0,OP-SHIFT_1-03,True
UNIT-000974,FA-05,59640.0,OP-SHIFT_1-03,True
UNIT-000974,FA-06,59700.0,OP-SHIFT_1-03,True
UNIT-000974,FA-07,59760.0,OP-SHIFT_1-03,True
UNIT-000974,FA-08,59820.0,OP-SHIFT_1-03,True
UNIT-000975,PT-05,59340.0,OP-SHIFT_1-04,True
UNIT-000975,FA-05,59700.0,OP-SHIFT_1-04,True
UNIT-000975,FA-06,59760.0,OP-SHIFT_1-04,True
UNIT-000975,FA-07,59820.0,OP-SHIFT_1-04,True
UNIT-000975,FA-08,59880.0,OP-SHIFT_1-04,True
UNIT-000976,PT-05,59400.0,OP-SHIFT_1-05,True
UNIT-000976,FA-05,59760.0,OP-SHIFT_1-05,True
UNIT-000976,FA-06,59820.0,OP-SHIFT_1-05,True
UNIT-000976,FA-07,59880.0,OP-SHIFT_1-05,True
UNIT-000976,FA-08,59940.0,OP-SHIFT_1-05,True
UNIT-000977,PT-05,59460.0,OP-SHIFT_1-06,True
UNIT-000977,FA-05,59820.0,OP-SHIFT_1-06,True
UNIT-000977,FA-06,59880.0,OP-SHIFT_1-06,True
UNIT-000977,FA-07,59940.0,OP-SHIFT_1-06,True
UNIT-000977,FA-08,60000.0,OP-SHIFT_1-06,True
UNIT-000978,PT-05,59520.0,OP-SHIFT_1-01,True
UNIT-000978,FA-05,59880.0,OP-SHIFT_1-01,True
UNIT-000978,FA-06,59940.0,OP-SHIFT_1-01,True
UNIT-000978,FA-07,60000.0,OP-SHIFT_1-01,True
UNIT-000978,FA-08,60060.0,OP-SHIFT_1-01,True
UNIT-000979,PT-05,59580.0,OP-SHIFT_1-02,True
UNIT-000979,FA-05,59940.0,OP-SHIFT_1-02,True
UNIT-000979,FA-06,60000.0,OP-SHIFT_1-02,True
UNIT-000979,FA-07,60060.0,OP-SHIFT_1-02,True
UNIT-000979,FA-08,60120.0,OP-SHIFT_1-02,True
UNIT-000980,PT-05,59640.0,OP-SHIFT_1-03,True
UNIT-000980,FA-05,60000.0,OP-SHIFT_1-03,True
UNIT-000980,FA-06,60060.0,OP-SHIFT_1-03,True
UNIT-000980,FA-07,60120.0,OP-SHIFT_1-03,True
UNIT-000980,FA-08,60180.0,OP-SHIFT_1-03,True
UNIT-000981,PT-05,59700.0,OP-SHIFT_1-04,True
UNIT-000981,FA-05,60060.0,OP-SHIFT_1-04,True
UNIT-000981,FA-06,60120.0,OP-SHIFT_1-04,True
UNIT-000981,FA-07,60180.0,OP-SHIFT_1-04,True
UNIT-000981,FA-08,60240.0,OP-SHIFT_1-04,True
UNIT-000982,PT-05,59760.0,OP-SHIFT_1-05,True
UNIT-000982,FA-05,60120.0,OP-SHIFT_1-05,True
UNIT-000982,FA-06,60180.0,OP-SHIFT_1-05,True
UNIT-000982,FA-07,60240.0,OP-SHIFT_1-05,True
UNIT-000982,FA-08,60300.0,OP-SHIFT_1-05,True
UNIT-000983,PT-05,59820.0,OP-SHIFT_1-06,True
UNIT-000983,FA-05,60180.0,OP-SHIFT_1-06,True
UNIT-000983,FA-06,60240.0,OP-SHIFT_1-06,True
UNIT-000983,FA-07,60300.0,OP-SHIFT_1-06,True
UNIT-000983,FA-08,60360.0,OP-SHIFT_1-06,True
UNIT-000984,PT-05,59880.0,OP-SHIFT_1-01,True
UNIT-000984,FA-05,60240.0,OP-SHIFT_1-01,True
UNIT-000984,FA-06,60300.0,OP-SHIFT_1-01,True
UNIT-000984,FA-07,60360.0,OP-SHIFT_1-01,True
UNIT-000984,FA-08,60420.0,OP-SHIFT_1-01,True
UNIT-000985,PT-05,59940.0,OP-SHIFT_1-02,True
UNIT-000985,FA-05,60300.0,OP-SHIFT_1-02,True
UNIT-000985,FA-06,60360.0,OP-SHIFT_1-02,True
UNIT-000985,FA-07,60420.0,OP-SHIFT_1-02,True
UNIT-000985,FA-08,60480.0,OP-SHIFT_1-02,True
UNIT-000986,PT-05,60000.0,OP-SHIFT_1-03,True
UNIT-000986,FA-05,60360.0,OP-SHIFT_1-03,True
UNIT-000986,FA-06,60420.0,OP-SHIFT_1-03,True
UNIT-000986,FA-07,60480.0,OP-SHIFT_1-03,True
UNIT-000986,FA-08,60540.0,OP-SHIFT_1-03,True
UNIT-000987,PT-05,60060.0,OP-SHIFT_1-04,True
UNIT-000987,FA-05,60420.0,OP-SHIFT_1-04,True
UNIT-000987,FA-06,60480.0,OP-SHIFT_1-04,True
UNIT-000987,FA-07,60540.0,OP-SHIFT_1-04,True
UNIT-000987,FA-08,60600.0,OP-SHIFT_1-04,True
UNIT-000988,PT-05,60120.0,OP-SHIFT_1-05,True
UNIT-000988,FA-05,60480.0,OP-SHIFT_1-05,True
UNIT-000988,FA-06,60540.0,OP-SHIFT_1-05,True
UNIT-000988,FA-07,60600.0,OP-SHIFT_1-05,True
UNIT-000988,FA-08,60660.0,OP-SHIFT_1-05,True
UNIT-000989,PT-05,60180.0,OP-SHIFT_1-06,True
UNIT-000989,FA-05,60540.0,OP-SHIFT_1-06,True
UNIT-000989,FA-06,60600.0,OP-SHIFT_1-06,True
UNIT-000989,FA-07,60660.0,OP-SHIFT_1-06,True
UNIT-000989,FA-08,60720.0,OP-SHIFT_1-06,True
UNIT-000990,PT-05,60240.0,OP-SHIFT_1-01,True
UNIT-000990,FA-05,60600.0,OP-SHIFT_1-01,True
UNIT-000990,FA-06,60660.0,OP-SHIFT_1-01,True
UNIT-000990,FA-07,60720.0,OP-SHIFT_1-01,True
UNIT-000990,FA-08,60780.0,OP-SHIFT_1-01,True
UNIT-000991,PT-05,60300.0,OP-SHIFT_1-02,True
UNIT-000991,FA-05,60660.0,OP-SHIFT_1-02,True
UNIT-000991,FA-06,60720.0,OP-SHIFT_1-02,True
UNIT-000991,FA-07,60780.0,OP-SHIFT_1-02,True
UNIT-000991,FA-08,60840.0,OP-SHIFT_1-02,True
UNIT-000992,PT-05,60360.0,OP-SHIFT_1-03,True
UNIT-000992,FA-05,60720.0,OP-SHIFT_1-03,True
UNIT-000992,FA-06,60780.0,OP-SHIFT_1-03,True
UNIT-000992,FA-07,60840.0,OP-SHIFT_1-03,True
UNIT-000992,FA-08,60900.0,OP-SHIFT_1-03,True
UNIT-000993,PT-05,60420.0,OP-SHIFT_1-04,True
UNIT-000993,FA-05,60780.0,OP-SHIFT_1-04,True
UNIT-000993,FA-06,60840.0,OP-SHIFT_1-04,True
UNIT-000993,FA-07,60900.0,OP-SHIFT_1-04,True
UNIT-000993,FA-08,60960.0,OP-SHIFT_1-04,True
UNIT-000994,PT-05,60480.0,OP-SHIFT_1-05,True
UNIT-000994,FA-05,60840.0,OP-SHIFT_1-05,True
UNIT-000994,FA-06,60900.0,OP-SHIFT_1-05,True
UNIT-000994,FA-07,60960.0,OP-SHIFT_1-05,True
UNIT-000994,FA-08,61020.0,OP-SHIFT_1-05,True
UNIT-000995,PT-05,60540.0,OP-SHIFT_1-06,True
UNIT-000995,FA-05,60900.0,OP-SHIFT_1-06,True
UNIT-000995,FA-06,60960.0,OP-SHIFT_1-06,True
UNIT-000995,FA-07,61020.0,OP-SHIFT_1-06,True
UNIT-000995,FA-08,61080.0,OP-SHIFT_1-06,True
UNIT-000996,PT-05,60600.0,OP-SHIFT_1-01,True
UNIT-000996,FA-05,60960.0,OP-SHIFT_1-01,True
UNIT-000996,FA-06,61020.0,OP-SHIFT_1-01,True
UNIT-000996,FA-07,61080.0,OP-SHIFT_1-01,True
UNIT-000996,FA-08,61140.0,OP-SHIFT_1-01,True
UNIT-000997,PT-05,60660.0,OP-SHIFT_1-02,True
UNIT-000997,FA-05,61020.0,OP-SHIFT_1-02,True
UNIT-000997,FA-06,61080.0,OP-SHIFT_1-02,True
UNIT-000997,FA-07,61140.0,OP-SHIFT_1-02,True
UNIT-000997,FA-08,61200.0,OP-SHIFT_1-02,True
UNIT-000998,PT-05,60720.0,OP-SHIFT_1-03,True
UNIT-000998,FA-05,61080.0,OP-SHIFT_1-03,True
UNIT-000998,FA-06,61140.0,OP-SHIFT_1-03,True
UNIT-000998,FA-07,61200.0,OP-SHIFT_1-03,True
UNIT-000998,FA-08,61260.0,OP-SHIFT_1-03,True
UNIT-000999,PT-05,60780.0,OP-SHIFT_1-04,True
UNIT-000999,FA-05,61140.0,OP-SHIFT_1-04,True
UNIT-000999,FA-06,61200.0,OP-SHIFT_1-04,True
UNIT-000999,FA-07,61260.0,OP-SHIFT_1-04,True
UNIT-000999,FA-08,61320.0,OP-SHIFT_1-04,True
UNIT-001000,PT-05,60840.0,OP-SHIFT_1-05,True
UNIT-001000,FA-05,61200.0,OP-SHIFT_1-05,True
UNIT-001000,FA-06,61260.0,OP-SHIFT_1-05,True
UNIT-001000,FA-07,61320.0,OP-SHIFT_1-05,True
UNIT-001000,FA-08,61380.0,OP-SHIFT_1-05,True
UNIT-001001,PT-05,60900.0,OP-SHIFT_1-06,True
UNIT-001001,FA-05,61260.0,OP-SHIFT_1-06,True
UNIT-001001,FA-06,61320.0,OP-SHIFT_1-06,True
UNIT-001001,FA-07,61380.0,OP-SHIFT_1-06,True
UNIT-001001,FA-08,61440.0,OP-SHIFT_1-06,True
UNIT-001002,PT-05,60960.0,OP-SHIFT_1-01,True
UNIT-001002,FA-05,61320.0,OP-SHIFT_1-01,True
UNIT-001002,FA-06,61380.0,OP-SHIFT_1-01,True
UNIT-001002,FA-07,61440.0,OP-SHIFT_1-01,True
UNIT-001002,FA-08,61500.0,OP-SHIFT_1-01,True
UNIT-001003,PT-05,61020.0,OP-SHIFT_1-02,True
UNIT-001003,FA-05,61380.0,OP-SHIFT_1-02,True
UNIT-001003,FA-06,61440.0,OP-SHIFT_1-02,True
UNIT-001003,FA-07,61500.0,OP-SHIFT_1-02,True
UNIT-001003,FA-08,61560.0,OP-SHIFT_1-02,True
UNIT-001004,PT-05,61080.0,OP-SHIFT_1-03,True
UNIT-001004,FA-05,61440.0,OP-SHIFT_1-03,True
UNIT-001004,FA-06,61500.0,OP-SHIFT_1-03,True
UNIT-001004,FA-07,61560.0,OP-SHIFT_1-03,True
UNIT-001004,FA-08,61620.0,OP-SHIFT_1-03,True
UNIT-001005,PT-05,61140.0,OP-SHIFT_1-04,True
UNIT-001005,FA-05,61500.0,OP-SHIFT_1-04,True
UNIT-001005,FA-06,61560.0,OP-SHIFT_1-04,True
UNIT-001005,FA-07,61620.0,OP-SHIFT_1-04,True
UNIT-001005,FA-08,61680.0,OP-SHIFT_1-04,True
UNIT-001006,PT-05,61200.0,OP-SHIFT_1-05,True
UNIT-001006,FA-05,61560.0,OP-SHIFT_1-05,True
UNIT-001006,FA-06,61620.0,OP-SHIFT_1-05,True
UNIT-001006,FA-07,61680.0,OP-SHIFT_1-05,True
UNIT-001006,FA-08,61740.0,OP-SHIFT_1-05,True
UNIT-001007,PT-05,61260.0,OP-SHIFT_1-06,True
UNIT-001007,FA-05,61620.0,OP-SHIFT_1-06,True
UNIT-001007,FA-06,61680.0,OP-SHIFT_1-06,True
UNIT-001007,FA-07,61740.0,OP-SHIFT_1-06,True
UNIT-001007,FA-08,61800.0,OP-SHIFT_1-06,True
UNIT-001008,PT-05,61320.0,OP-SHIFT_1-01,True
UNIT-001008,FA-05,61680.0,OP-SHIFT_1-01,True
UNIT-001008,FA-06,61740.0,OP-SHIFT_1-01,True
UNIT-001008,FA-07,61800.0,OP-SHIFT_1-01,True
UNIT-001008,FA-08,61860.0,OP-SHIFT_1-01,True
UNIT-001009,PT-05,61380.0,OP-SHIFT_1-02,True
UNIT-001009,FA-05,61740.0,OP-SHIFT_1-02,True
UNIT-001009,FA-06,61800.0,OP-SHIFT_1-02,True
UNIT-001009,FA-07,61860.0,OP-SHIFT_1-02,True
UNIT-001009,FA-08,61920.0,OP-SHIFT_1-02,True
UNIT-001010,PT-05,61440.0,OP-SHIFT_1-03,True
UNIT-001010,FA-05,61800.0,OP-SHIFT_1-03,True
UNIT-001010,FA-06,61860.0,OP-SHIFT_1-03,True
UNIT-001010,FA-07,61920.0,OP-SHIFT_1-03,True
UNIT-001010,FA-08,61980.0,OP-SHIFT_1-03,True
UNIT-001011,PT-05,61500.0,OP-SHIFT_1-04,True
UNIT-001011,FA-05,61860.0,OP-SHIFT_1-04,True
UNIT-001011,FA-06,61920.0,OP-SHIFT_1-04,True
UNIT-001011,FA-07,61980.0,OP-SHIFT_1-04,True
UNIT-001011,FA-08,62040.0,OP-SHIFT_1-04,True
UNIT-001012,PT-05,61560.0,OP-SHIFT_1-05,True
UNIT-001012,FA-05,61920.0,OP-SHIFT_1-05,True
UNIT-001012,FA-06,61980.0,OP-SHIFT_1-05,True
UNIT-001012,FA-07,62040.0,OP-SHIFT_1-05,True
UNIT-001012,FA-08,62100.0,OP-SHIFT_1-05,True
UNIT-001013,PT-05,61620.0,OP-SHIFT_1-06,False
UNIT-001013,FA-05,61980.0,OP-SHIFT_1-06,True
UNIT-001013,FA-06,62040.0,OP-SHIFT_1-06,True
UNIT-001013,FA-07,62100.0,OP-SHIFT_1-06,True
UNIT-001013,FA-08,62160.0,OP-SHIFT_1-06,True
UNIT-001014,PT-05,61680.0,OP-SHIFT_1-01,True
UNIT-001014,FA-05,62040.0,OP-SHIFT_1-01,True
UNIT-001014,FA-06,62100.0,OP-SHIFT_1-01,True
UNIT-001014,FA-07,62160.0,OP-SHIFT_1-01,True
UNIT-001014,FA-08,62220.0,OP-SHIFT_1-01,True
UNIT-001015,PT-05,61740.0,OP-SHIFT_1-02,True
UNIT-001015,FA-05,62100.0,OP-SHIFT_1-02,True
UNIT-001015,FA-06,62160.0,OP-SHIFT_1-02,True
UNIT-001015,FA-07,62220.0,OP-SHIFT_1-02,True
UNIT-001015,FA-08,62280.0,OP-SHIFT_1-02,True
UNIT-001016,PT-05,61800.0,OP-SHIFT_1-03,True
UNIT-001016,FA-05,62160.0,OP-SHIFT_1-03,True
UNIT-001016,FA-06,62220.0,OP-SHIFT_1-03,True
UNIT-001016,FA-07,62280.0,OP-SHIFT_1-03,True
UNIT-001016,FA-08,62340.0,OP-SHIFT_1-03,True
UNIT-001017,PT-05,61860.0,OP-SHIFT_1-04,True
UNIT-001017,FA-05,62220.0,OP-SHIFT_1-04,True
UNIT-001017,FA-06,62280.0,OP-SHIFT_1-04,True
UNIT-001017,FA-07,62340.0,OP-SHIFT_1-04,True
UNIT-001017,FA-08,62400.0,OP-SHIFT_1-04,True
UNIT-001018,PT-05,61920.0,OP-SHIFT_1-05,True
UNIT-001018,FA-05,62280.0,OP-SHIFT_1-05,True
UNIT-001018,FA-06,62340.0,OP-SHIFT_1-05,True
UNIT-001018,FA-07,62400.0,OP-SHIFT_1-05,True
UNIT-001018,FA-08,62460.0,OP-SHIFT_1-05,True
UNIT-001019,PT-05,61980.0,OP-SHIFT_1-06,True
UNIT-001019,FA-05,62340.0,OP-SHIFT_1-06,True
UNIT-001019,FA-06,62400.0,OP-SHIFT_1-06,True
UNIT-001019,FA-07,62460.0,OP-SHIFT_1-06,True
UNIT-001019,FA-08,62520.0,OP-SHIFT_1-06,True
UNIT-001020,PT-05,62040.0,OP-SHIFT_1-01,True
UNIT-001020,FA-05,62400.0,OP-SHIFT_1-01,True
UNIT-001020,FA-06,62460.0,OP-SHIFT_1-01,True
UNIT-001020,FA-07,62520.0,OP-SHIFT_1-01,True
UNIT-001020,FA-08,62580.0,OP-SHIFT_1-01,True
UNIT-001021,PT-05,62100.0,OP-SHIFT_1-02,True
UNIT-001021,FA-05,62460.0,OP-SHIFT_1-02,True
UNIT-001021,FA-06,62520.0,OP-SHIFT_1-02,True
UNIT-001021,FA-07,62580.0,OP-SHIFT_1-02,True
UNIT-001021,FA-08,62640.0,OP-SHIFT_1-02,True
UNIT-001022,PT-05,62160.0,OP-SHIFT_1-03,True
UNIT-001022,FA-05,62520.0,OP-SHIFT_1-03,True
UNIT-001022,FA-06,62580.0,OP-SHIFT_1-03,True
UNIT-001022,FA-07,62640.0,OP-SHIFT_1-03,True
UNIT-001022,FA-08,62700.0,OP-SHIFT_1-03,True
UNIT-001023,PT-05,62220.0,OP-SHIFT_1-04,True
UNIT-001023,FA-05,62580.0,OP-SHIFT_1-04,True
UNIT-001023,FA-06,62640.0,OP-SHIFT_1-04,True
UNIT-001023,FA-07,62700.0,OP-SHIFT_1-04,True
UNIT-001023,FA-08,62760.0,OP-SHIFT_1-04,True
UNIT-001024,PT-05,62280.0,OP-SHIFT_1-05,True
UNIT-001024,FA-05,62640.0,OP-SHIFT_1-05,True
UNIT-001024,FA-06,62700.0,OP-SHIFT_1-05,True
UNIT-001024,FA-07,62760.0,OP-SHIFT_1-05,True
UNIT-001024,FA-08,62820.0,OP-SHIFT_1-05,True
UNIT-001025,PT-05,62340.0,OP-SHIFT_1-06,True
UNIT-001025,FA-05,62700.0,OP-SHIFT_1-06,True
UNIT-001025,FA-06,62760.0,OP-SHIFT_1-06,True
UNIT-001025,FA-07,62820.0,OP-SHIFT_1-06,True
UNIT-001025,FA-08,62880.0,OP-SHIFT_1-06,True
UNIT-001026,PT-05,62400.0,OP-SHIFT_1-01,True
UNIT-001026,FA-05,62760.0,OP-SHIFT_1-01,True
UNIT-001026,FA-06,62820.0,OP-SHIFT_1-01,True
UNIT-001026,FA-07,62880.0,OP-SHIFT_1-01,True
UNIT-001026,FA-08,62940.0,OP-SHIFT_1-01,True
UNIT-001027,PT-05,62460.0,OP-SHIFT_1-02,True
UNIT-001027,FA-05,62820.0,OP-SHIFT_1-02,True
UNIT-001027,FA-06,62880.0,OP-SHIFT_1-02,False
UNIT-001027,FA-07,62940.0,OP-SHIFT_1-02,True
UNIT-001027,FA-08,63000.0,OP-SHIFT_1-02,True
UNIT-001028,PT-05,62520.0,OP-SHIFT_1-03,True
UNIT-001028,FA-05,62880.0,OP-SHIFT_1-03,True
UNIT-001028,FA-06,62940.0,OP-SHIFT_1-03,True
UNIT-001028,FA-07,63000.0,OP-SHIFT_1-03,True
UNIT-001028,FA-08,63060.0,OP-SHIFT_1-03,True
UNIT-001029,PT-05,62580.0,OP-SHIFT_1-04,True
UNIT-001029,FA-05,62940.0,OP-SHIFT_1-04,True
UNIT-001029,FA-06,63000.0,OP-SHIFT_1-04,True
UNIT-001029,FA-07,63060.0,OP-SHIFT_1-04,True
UNIT-001029,FA-08,63120.0,OP-SHIFT_1-04,True
UNIT-001030,PT-05,62640.0,OP-SHIFT_1-05,True
UNIT-001030,FA-05,63000.0,OP-SHIFT_1-05,True
UNIT-001030,FA-06,63060.0,OP-SHIFT_1-05,True
UNIT-001030,FA-07,63120.0,OP-SHIFT_1-05,True
UNIT-001030,FA-08,63180.0,OP-SHIFT_1-05,True
UNIT-001031,PT-05,62700.0,OP-SHIFT_1-06,True
UNIT-001031,FA-05,63060.0,OP-SHIFT_1-06,True
UNIT-001031,FA-06,63120.0,OP-SHIFT_1-06,True
UNIT-001031,FA-07,63180.0,OP-SHIFT_1-06,True
UNIT-001031,FA-08,63240.0,OP-SHIFT_1-06,True
UNIT-001032,PT-05,62760.0,OP-SHIFT_1-01,True
UNIT-001032,FA-05,63120.0,OP-SHIFT_1-01,True
UNIT-001032,FA-06,63180.0,OP-SHIFT_1-01,True
UNIT-001032,FA-07,63240.0,OP-SHIFT_1-01,True
UNIT-001032,FA-08,63300.0,OP-SHIFT_1-01,True
UNIT-001033,PT-05,62820.0,OP-SHIFT_1-02,True
UNIT-001033,FA-05,63180.0,OP-SHIFT_1-02,True
UNIT-001033,FA-06,63240.0,OP-SHIFT_1-02,True
UNIT-001033,FA-07,63300.0,OP-SHIFT_1-02,True
UNIT-001033,FA-08,63360.0,OP-SHIFT_1-02,True
UNIT-001034,PT-05,62880.0,OP-SHIFT_1-03,True
UNIT-001034,FA-05,63240.0,OP-SHIFT_1-03,True
UNIT-001034,FA-06,63300.0,OP-SHIFT_1-03,True
UNIT-001034,FA-07,63360.0,OP-SHIFT_1-03,True
UNIT-001034,FA-08,63420.0,OP-SHIFT_1-03,True
UNIT-001035,PT-05,62940.0,OP-SHIFT_1-04,True
UNIT-001035,FA-05,63300.0,OP-SHIFT_1-04,True
UNIT-001035,FA-06,63360.0,OP-SHIFT_1-04,True
UNIT-001035,FA-07,63420.0,OP-SHIFT_1-04,True
UNIT-001035,FA-08,63480.0,OP-SHIFT_1-04,True
UNIT-001036,PT-05,63000.0,OP-SHIFT_1-05,True
UNIT-001036,FA-05,63360.0,OP-SHIFT_1-05,True
UNIT-001036,FA-06,63420.0,OP-SHIFT_1-05,True
UNIT-001036,FA-07,63480.0,OP-SHIFT_1-05,True
UNIT-001036,FA-08,63540.0,OP-SHIFT_1-05,True
UNIT-001037,PT-05,63060.0,OP-SHIFT_1-06,True
UNIT-001037,FA-05,63420.0,OP-SHIFT_1-06,True
UNIT-001037,FA-06,63480.0,OP-SHIFT_1-06,True
UNIT-001037,FA-07,63540.0,OP-SHIFT_1-06,True
UNIT-001037,FA-08,63600.0,OP-SHIFT_1-06,True
UNIT-001038,PT-05,63120.0,OP-SHIFT_1-01,True
UNIT-001038,FA-05,63480.0,OP-SHIFT_1-01,True
UNIT-001038,FA-06,63540.0,OP-SHIFT_1-01,True
UNIT-001038,FA-07,63600.0,OP-SHIFT_1-01,True
UNIT-001038,FA-08,63660.0,OP-SHIFT_1-01,True
UNIT-001039,PT-05,63180.0,OP-SHIFT_1-02,True
UNIT-001039,FA-05,63540.0,OP-SHIFT_1-02,True
UNIT-001039,FA-06,63600.0,OP-SHIFT_1-02,True
UNIT-001039,FA-07,63660.0,OP-SHIFT_1-02,True
UNIT-001039,FA-08,63720.0,OP-SHIFT_1-02,True
UNIT-001040,PT-05,63240.0,OP-SHIFT_1-03,True
UNIT-001040,FA-05,63600.0,OP-SHIFT_1-03,True
UNIT-001040,FA-06,63660.0,OP-SHIFT_1-03,True
UNIT-001040,FA-07,63720.0,OP-SHIFT_1-03,True
UNIT-001040,FA-08,63780.0,OP-SHIFT_1-03,True
UNIT-001041,PT-05,63300.0,OP-SHIFT_1-04,True
UNIT-001041,FA-05,63660.0,OP-SHIFT_1-04,True
UNIT-001041,FA-06,63720.0,OP-SHIFT_1-04,True
UNIT-001041,FA-07,63780.0,OP-SHIFT_1-04,True
UNIT-001041,FA-08,63840.0,OP-SHIFT_1-04,True
UNIT-001042,PT-05,63360.0,OP-SHIFT_1-05,True
UNIT-001042,FA-05,63720.0,OP-SHIFT_1-05,True
UNIT-001042,FA-06,63780.0,OP-SHIFT_1-05,True
UNIT-001042,FA-07,63840.0,OP-SHIFT_1-05,True
UNIT-001042,FA-08,63900.0,OP-SHIFT_1-05,True
UNIT-001043,PT-05,63420.0,OP-SHIFT_1-06,True
UNIT-001043,FA-05,63780.0,OP-SHIFT_1-06,True
UNIT-001043,FA-06,63840.0,OP-SHIFT_1-06,True
UNIT-001043,FA-07,63900.0,OP-SHIFT_1-06,True
UNIT-001043,FA-08,63960.0,OP-SHIFT_1-06,True
UNIT-001044,PT-05,63480.0,OP-SHIFT_1-01,True
UNIT-001044,FA-05,63840.0,OP-SHIFT_1-01,True
UNIT-001044,FA-06,63900.0,OP-SHIFT_1-01,True
UNIT-001044,FA-07,63960.0,OP-SHIFT_1-01,True
UNIT-001044,FA-08,64020.0,OP-SHIFT_1-01,True
UNIT-001045,PT-05,63540.0,OP-SHIFT_1-02,True
UNIT-001045,FA-05,63900.0,OP-SHIFT_1-02,True
UNIT-001045,FA-06,63960.0,OP-SHIFT_1-02,True
UNIT-001045,FA-07,64020.0,OP-SHIFT_1-02,True
UNIT-001045,FA-08,64080.0,OP-SHIFT_1-02,True
UNIT-001046,PT-05,63600.0,OP-SHIFT_1-03,True
UNIT-001046,FA-05,63960.0,OP-SHIFT_1-03,True
UNIT-001046,FA-06,64020.0,OP-SHIFT_1-03,False
UNIT-001046,FA-07,64080.0,OP-SHIFT_1-03,True
UNIT-001046,FA-08,64140.0,OP-SHIFT_1-03,True
UNIT-001047,PT-05,63660.0,OP-SHIFT_1-04,True
UNIT-001047,FA-05,64020.0,OP-SHIFT_1-04,True
UNIT-001047,FA-06,64080.0,OP-SHIFT_1-04,True
UNIT-001047,FA-07,64140.0,OP-SHIFT_1-04,True
UNIT-001047,FA-08,64200.0,OP-SHIFT_1-04,True
UNIT-001048,PT-05,63720.0,OP-SHIFT_1-05,True
UNIT-001048,FA-05,64080.0,OP-SHIFT_1-05,True
UNIT-001048,FA-06,64140.0,OP-SHIFT_1-05,True
UNIT-001048,FA-07,64200.0,OP-SHIFT_1-05,True
UNIT-001048,FA-08,64260.0,OP-SHIFT_1-05,True
UNIT-001049,PT-05,63780.0,OP-SHIFT_1-06,True
UNIT-001049,FA-05,64140.0,OP-SHIFT_1-06,True
UNIT-001049,FA-06,64200.0,OP-SHIFT_1-06,True
UNIT-001049,FA-07,64260.0,OP-SHIFT_1-06,True
UNIT-001049,FA-08,64320.0,OP-SHIFT_1-06,True
UNIT-001050,PT-05,63840.0,OP-SHIFT_1-01,True
UNIT-001050,FA-05,64200.0,OP-SHIFT_1-01,True
UNIT-001050,FA-06,64260.0,OP-SHIFT_1-01,True
UNIT-001050,FA-07,64320.0,OP-SHIFT_1-01,True
UNIT-001050,FA-08,64380.0,OP-SHIFT_1-01,True
UNIT-001051,PT-05,63900.0,OP-SHIFT_1-02,True
UNIT-001051,FA-05,64260.0,OP-SHIFT_1-02,True
UNIT-001051,FA-06,64320.0,OP-SHIFT_1-02,True
UNIT-001051,FA-07,64380.0,OP-SHIFT_1-02,True
UNIT-001051,FA-08,64440.0,OP-SHIFT_1-02,True
UNIT-001052,PT-05,63960.0,OP-SHIFT_1-03,True
UNIT-001052,FA-05,64320.0,OP-SHIFT_1-03,True
UNIT-001052,FA-06,64380.0,OP-SHIFT_1-03,True
UNIT-001052,FA-07,64440.0,OP-SHIFT_1-03,True
UNIT-001052,FA-08,64500.0,OP-SHIFT_1-03,True
UNIT-001053,PT-05,64020.0,OP-SHIFT_1-04,True
UNIT-001053,FA-05,64380.0,OP-SHIFT_1-04,True
UNIT-001053,FA-06,64440.0,OP-SHIFT_1-04,True
UNIT-001053,FA-07,64500.0,OP-SHIFT_1-04,True
UNIT-001053,FA-08,64560.0,OP-SHIFT_1-04,True
UNIT-001054,PT-05,64080.0,OP-SHIFT_1-05,True
UNIT-001054,FA-05,64440.0,OP-SHIFT_1-05,True
UNIT-001054,FA-06,64500.0,OP-SHIFT_1-05,True
UNIT-001054,FA-07,64560.0,OP-SHIFT_1-05,True
UNIT-001054,FA-08,64620.0,OP-SHIFT_1-05,True
UNIT-001055,PT-05,64140.0,OP-SHIFT_1-06,True
UNIT-001055,FA-05,64500.0,OP-SHIFT_1-06,True
UNIT-001055,FA-06,64560.0,OP-SHIFT_1-06,True
UNIT-001055,FA-07,64620.0,OP-SHIFT_1-06,True
UNIT-001055,FA-08,64680.0,OP-SHIFT_1-06,True
UNIT-001056,PT-05,64200.0,OP-SHIFT_1-01,True
UNIT-001056,FA-05,64560.0,OP-SHIFT_1-01,True
UNIT-001056,FA-06,64620.0,OP-SHIFT_1-01,True
UNIT-001056,FA-07,64680.0,OP-SHIFT_1-01,True
UNIT-001056,FA-08,64740.0,OP-SHIFT_1-01,True
UNIT-001057,PT-05,64260.0,OP-SHIFT_1-02,True
UNIT-001057,FA-05,64620.0,OP-SHIFT_1-02,True
UNIT-001057,FA-06,64680.0,OP-SHIFT_1-02,True
UNIT-001057,FA-07,64740.0,OP-SHIFT_1-02,True
UNIT-001057,FA-08,64800.0,OP-SHIFT_1-02,True
UNIT-001058,PT-05,64320.0,OP-SHIFT_1-03,True
UNIT-001058,FA-05,64680.0,OP-SHIFT_1-03,True
UNIT-001058,FA-06,64740.0,OP-SHIFT_1-03,True
UNIT-001058,FA-07,64800.0,OP-SHIFT_1-03,True
UNIT-001058,FA-08,64860.0,OP-SHIFT_1-03,True
UNIT-001059,PT-05,64380.0,OP-SHIFT_1-04,True
UNIT-001059,FA-05,64740.0,OP-SHIFT_1-04,True
UNIT-001059,FA-06,64800.0,OP-SHIFT_1-04,True
UNIT-001059,FA-07,64860.0,OP-SHIFT_1-04,True
UNIT-001059,FA-08,64920.0,OP-SHIFT_1-04,True
UNIT-001060,PT-05,64440.0,OP-SHIFT_1-05,True
UNIT-001060,FA-05,64800.0,OP-SHIFT_1-05,True
UNIT-001060,FA-06,64860.0,OP-SHIFT_1-05,True
UNIT-001060,FA-07,64920.0,OP-SHIFT_1-05,True
UNIT-001060,FA-08,64980.0,OP-SHIFT_1-05,True
UNIT-001061,PT-05,64500.0,OP-SHIFT_1-06,False
UNIT-001061,FA-05,64860.0,OP-SHIFT_1-06,True
UNIT-001061,FA-06,64920.0,OP-SHIFT_1-06,True
UNIT-001061,FA-07,64980.0,OP-SHIFT_1-06,True
UNIT-001061,FA-08,65040.0,OP-SHIFT_1-06,True
UNIT-001062,PT-05,64560.0,OP-SHIFT_1-01,True
UNIT-001062,FA-05,64920.0,OP-SHIFT_1-01,True
UNIT-001062,FA-06,64980.0,OP-SHIFT_1-01,True
UNIT-001062,FA-07,65040.0,OP-SHIFT_1-01,True
UNIT-001062,FA-08,65100.0,OP-SHIFT_1-01,True
UNIT-001063,PT-05,64620.0,OP-SHIFT_1-02,True
UNIT-001063,FA-05,64980.0,OP-SHIFT_1-02,True
UNIT-001063,FA-06,65040.0,OP-SHIFT_1-02,True
UNIT-001063,FA-07,65100.0,OP-SHIFT_1-02,True
UNIT-001063,FA-08,65160.0,OP-SHIFT_1-02,True
UNIT-001064,PT-05,64680.0,OP-SHIFT_1-03,True
UNIT-001064,FA-05,65040.0,OP-SHIFT_1-03,True
UNIT-001064,FA-06,65100.0,OP-SHIFT_1-03,True
UNIT-001064,FA-07,65160.0,OP-SHIFT_1-03,True
UNIT-001064,FA-08,65220.0,OP-SHIFT_1-03,True
UNIT-001065,PT-05,64740.0,OP-SHIFT_1-04,True
UNIT-001065,FA-05,65100.0,OP-SHIFT_1-04,True
UNIT-001065,FA-06,65160.0,OP-SHIFT_1-04,True
UNIT-001065,FA-07,65220.0,OP-SHIFT_1-04,True
UNIT-001065,FA-08,65280.0,OP-SHIFT_1-04,True
UNIT-001066,PT-05,64800.0,OP-SHIFT_1-05,True
UNIT-001066,FA-05,65160.0,OP-SHIFT_1-05,True
UNIT-001066,FA-06,65220.0,OP-SHIFT_1-05,True
UNIT-001066,FA-07,65280.0,OP-SHIFT_1-05,True
UNIT-001066,FA-08,65340.0,OP-SHIFT_1-05,True
UNIT-001067,PT-05,64860.0,OP-SHIFT_1-06,True
UNIT-001067,FA-05,65220.0,OP-SHIFT_1-06,True
UNIT-001067,FA-06,65280.0,OP-SHIFT_1-06,True
UNIT-001067,FA-07,65340.0,OP-SHIFT_1-06,True
UNIT-001067,FA-08,65400.0,OP-SHIFT_1-06,True
UNIT-001068,PT-05,64920.0,OP-SHIFT_1-01,True
UNIT-001068,FA-05,65280.0,OP-SHIFT_1-01,True
UNIT-001068,FA-06,65340.0,OP-SHIFT_1-01,True
UNIT-001068,FA-07,65400.0,OP-SHIFT_1-01,True
UNIT-001068,FA-08,65460.0,OP-SHIFT_1-01,True
UNIT-001069,PT-05,64980.0,OP-SHIFT_1-02,True
UNIT-001069,FA-05,65340.0,OP-SHIFT_1-02,True
UNIT-001069,FA-06,65400.0,OP-SHIFT_1-02,True
UNIT-001069,FA-07,65460.0,OP-SHIFT_1-02,True
UNIT-001069,FA-08,65520.0,OP-SHIFT_1-02,True
UNIT-001070,PT-05,65040.0,OP-SHIFT_1-03,True
UNIT-001070,FA-05,65400.0,OP-SHIFT_1-03,True
UNIT-001070,FA-06,65460.0,OP-SHIFT_1-03,True
UNIT-001070,FA-07,65520.0,OP-SHIFT_1-03,True
UNIT-001070,FA-08,65580.0,OP-SHIFT_1-03,True
UNIT-001071,PT-05,65100.0,OP-SHIFT_1-04,True
UNIT-001071,FA-05,65460.0,OP-SHIFT_1-04,True
UNIT-001071,FA-06,65520.0,OP-SHIFT_1-04,True
UNIT-001071,FA-07,65580.0,OP-SHIFT_1-04,True
UNIT-001071,FA-08,65640.0,OP-SHIFT_1-04,True
UNIT-001072,PT-05,65160.0,OP-SHIFT_1-05,True
UNIT-001072,FA-05,65520.0,OP-SHIFT_1-05,True
UNIT-001072,FA-06,65580.0,OP-SHIFT_1-05,True
UNIT-001072,FA-07,65640.0,OP-SHIFT_1-05,True
UNIT-001072,FA-08,65700.0,OP-SHIFT_1-05,True
UNIT-001073,PT-05,65220.0,OP-SHIFT_1-06,True
UNIT-001073,FA-05,65580.0,OP-SHIFT_1-06,True
UNIT-001073,FA-06,65640.0,OP-SHIFT_1-06,True
UNIT-001073,FA-07,65700.0,OP-SHIFT_1-06,True
UNIT-001073,FA-08,65760.0,OP-SHIFT_1-06,True
UNIT-001074,PT-05,65280.0,OP-SHIFT_1-01,False
UNIT-001074,FA-05,65640.0,OP-SHIFT_1-01,True
UNIT-001074,FA-06,65700.0,OP-SHIFT_1-01,True
UNIT-001074,FA-07,65760.0,OP-SHIFT_1-01,True
UNIT-001074,FA-08,65820.0,OP-SHIFT_1-01,True
UNIT-001075,PT-05,65340.0,OP-SHIFT_1-02,True
UNIT-001075,FA-05,65700.0,OP-SHIFT_1-02,True
UNIT-001075,FA-06,65760.0,OP-SHIFT_1-02,True
UNIT-001075,FA-07,65820.0,OP-SHIFT_1-02,True
UNIT-001075,FA-08,65880.0,OP-SHIFT_1-02,True
UNIT-001076,PT-05,65400.0,OP-SHIFT_1-03,True
UNIT-001076,FA-05,65760.0,OP-SHIFT_1-03,True
UNIT-001076,FA-06,65820.0,OP-SHIFT_1-03,True
UNIT-001076,FA-07,65880.0,OP-SHIFT_1-03,True
UNIT-001076,FA-08,65940.0,OP-SHIFT_1-03,True
UNIT-001077,PT-05,65460.0,OP-SHIFT_1-04,True
UNIT-001077,FA-05,65820.0,OP-SHIFT_1-04,True
UNIT-001077,FA-06,65880.0,OP-SHIFT_1-04,True
UNIT-001077,FA-07,65940.0,OP-SHIFT_1-04,True
UNIT-001077,FA-08,66000.0,OP-SHIFT_1-04,True
UNIT-001078,PT-05,65520.0,OP-SHIFT_1-05,True
UNIT-001078,FA-05,65880.0,OP-SHIFT_1-05,True
UNIT-001078,FA-06,65940.0,OP-SHIFT_1-05,True
UNIT-001078,FA-07,66000.0,OP-SHIFT_1-05,True
UNIT-001078,FA-08,66060.0,OP-SHIFT_1-05,True
UNIT-001079,PT-05,65580.0,OP-SHIFT_1-06,True
UNIT-001079,FA-05,65940.0,OP-SHIFT_1-06,True
UNIT-001079,FA-06,66000.0,OP-SHIFT_1-06,True
UNIT-001079,FA-07,66060.0,OP-SHIFT_1-06,True
UNIT-001079,FA-08,66120.0,OP-SHIFT_1-06,True
UNIT-001080,PT-05,65640.0,OP-SHIFT_1-01,True
UNIT-001080,FA-05,66000.0,OP-SHIFT_1-01,True
UNIT-001080,FA-06,66060.0,OP-SHIFT_1-01,True
UNIT-001080,FA-07,66120.0,OP-SHIFT_1-01,True
UNIT-001080,FA-08,66180.0,OP-SHIFT_1-01,True
UNIT-001081,PT-05,65700.0,OP-SHIFT_1-02,True
UNIT-001081,FA-05,66060.0,OP-SHIFT_1-02,True
UNIT-001081,FA-06,66120.0,OP-SHIFT_1-02,True
UNIT-001081,FA-07,66180.0,OP-SHIFT_1-02,True
UNIT-001081,FA-08,66240.0,OP-SHIFT_1-02,True
UNIT-001082,PT-05,65760.0,OP-SHIFT_1-03,True
UNIT-001082,FA-05,66120.0,OP-SHIFT_1-03,True
UNIT-001082,FA-06,66180.0,OP-SHIFT_1-03,True
UNIT-001082,FA-07,66240.0,OP-SHIFT_1-03,True
UNIT-001082,FA-08,66300.0,OP-SHIFT_1-03,True
UNIT-001083,PT-05,65820.0,OP-SHIFT_1-04,True
UNIT-001083,FA-05,66180.0,OP-SHIFT_1-04,True
UNIT-001083,FA-06,66240.0,OP-SHIFT_1-04,True
UNIT-001083,FA-07,66300.0,OP-SHIFT_1-04,True
UNIT-001083,FA-08,66360.0,OP-SHIFT_1-04,True
UNIT-001084,PT-05,65880.0,OP-SHIFT_1-05,True
UNIT-001084,FA-05,66240.0,OP-SHIFT_1-05,True
UNIT-001084,FA-06,66300.0,OP-SHIFT_1-05,True
UNIT-001084,FA-07,66360.0,OP-SHIFT_1-05,True
UNIT-001084,FA-08,66420.0,OP-SHIFT_1-05,True
UNIT-001085,PT-05,65940.0,OP-SHIFT_1-06,True
UNIT-001085,FA-05,66300.0,OP-SHIFT_1-06,True
UNIT-001085,FA-06,66360.0,OP-SHIFT_1-06,True
UNIT-001085,FA-07,66420.0,OP-SHIFT_1-06,True
UNIT-001085,FA-08,66480.0,OP-SHIFT_1-06,True
UNIT-001086,PT-05,66000.0,OP-SHIFT_1-01,True
UNIT-001086,FA-05,66360.0,OP-SHIFT_1-01,True
UNIT-001086,FA-06,66420.0,OP-SHIFT_1-01,True
UNIT-001086,FA-07,66480.0,OP-SHIFT_1-01,True
UNIT-001086,FA-08,66540.0,OP-SHIFT_1-01,True
UNIT-001087,PT-05,66060.0,OP-SHIFT_1-02,True
UNIT-001087,FA-05,66420.0,OP-SHIFT_1-02,True
UNIT-001087,FA-06,66480.0,OP-SHIFT_1-02,True
UNIT-001087,FA-07,66540.0,OP-SHIFT_1-02,True
UNIT-001087,FA-08,66600.0,OP-SHIFT_1-02,True
UNIT-001088,PT-05,66120.0,OP-SHIFT_1-03,True
UNIT-001088,FA-05,66480.0,OP-SHIFT_1-03,True
UNIT-001088,FA-06,66540.0,OP-SHIFT_1-03,True
UNIT-001088,FA-07,66600.0,OP-SHIFT_1-03,True
UNIT-001088,FA-08,66660.0,OP-SHIFT_1-03,True
UNIT-001089,PT-05,66180.0,OP-SHIFT_1-04,True
UNIT-001089,FA-05,66540.0,OP-SHIFT_1-04,True
UNIT-001089,FA-06,66600.0,OP-SHIFT_1-04,True
UNIT-001089,FA-07,66660.0,OP-SHIFT_1-04,True
UNIT-001089,FA-08,66720.0,OP-SHIFT_1-04,True
UNIT-001090,PT-05,66240.0,OP-SHIFT_1-05,True
UNIT-001090,FA-05,66600.0,OP-SHIFT_1-05,True
UNIT-001090,FA-06,66660.0,OP-SHIFT_1-05,True
UNIT-001090,FA-07,66720.0,OP-SHIFT_1-05,True
UNIT-001090,FA-08,66780.0,OP-SHIFT_1-05,True
UNIT-001091,PT-05,66300.0,OP-SHIFT_1-06,True
UNIT-001091,FA-05,66660.0,OP-SHIFT_1-06,True
UNIT-001091,FA-06,66720.0,OP-SHIFT_1-06,True
UNIT-001091,FA-07,66780.0,OP-SHIFT_1-06,True
UNIT-001091,FA-08,66840.0,OP-SHIFT_1-06,True
UNIT-001092,PT-05,66360.0,OP-SHIFT_1-01,True
UNIT-001092,FA-05,66720.0,OP-SHIFT_1-01,True
UNIT-001092,FA-06,66780.0,OP-SHIFT_1-01,True
UNIT-001092,FA-07,66840.0,OP-SHIFT_1-01,True
UNIT-001092,FA-08,66900.0,OP-SHIFT_1-01,True
UNIT-001093,PT-05,66420.0,OP-SHIFT_1-02,True
UNIT-001093,FA-05,66780.0,OP-SHIFT_1-02,True
UNIT-001093,FA-06,66840.0,OP-SHIFT_1-02,False
UNIT-001093,FA-07,66900.0,OP-SHIFT_1-02,True
UNIT-001093,FA-08,66960.0,OP-SHIFT_1-02,True
UNIT-001094,PT-05,66480.0,OP-SHIFT_1-03,True
UNIT-001094,FA-05,66840.0,OP-SHIFT_1-03,True
UNIT-001094,FA-06,66900.0,OP-SHIFT_1-03,True
UNIT-001094,FA-07,66960.0,OP-SHIFT_1-03,True
UNIT-001094,FA-08,67020.0,OP-SHIFT_1-03,True
UNIT-001095,PT-05,66540.0,OP-SHIFT_1-04,True
UNIT-001095,FA-05,66900.0,OP-SHIFT_1-04,True
UNIT-001095,FA-06,66960.0,OP-SHIFT_1-04,True
UNIT-001095,FA-07,67020.0,OP-SHIFT_1-04,True
UNIT-001095,FA-08,67080.0,OP-SHIFT_1-04,True
UNIT-001096,PT-05,66600.0,OP-SHIFT_1-05,True
UNIT-001096,FA-05,66960.0,OP-SHIFT_1-05,True
UNIT-001096,FA-06,67020.0,OP-SHIFT_1-05,True
UNIT-001096,FA-07,67080.0,OP-SHIFT_1-05,True
UNIT-001096,FA-08,67140.0,OP-SHIFT_1-05,True
UNIT-001097,PT-05,66660.0,OP-SHIFT_1-06,True
UNIT-001097,FA-05,67020.0,OP-SHIFT_1-06,True
UNIT-001097,FA-06,67080.0,OP-SHIFT_1-06,True
UNIT-001097,FA-07,67140.0,OP-SHIFT_1-06,True
UNIT-001097,FA-08,67200.0,OP-SHIFT_1-06,True
UNIT-001098,PT-05,66720.0,OP-SHIFT_1-01,True
UNIT-001098,FA-05,67080.0,OP-SHIFT_1-01,True
UNIT-001098,FA-06,67140.0,OP-SHIFT_1-01,True
UNIT-001098,FA-07,67200.0,OP-SHIFT_1-01,True
UNIT-001098,FA-08,67260.0,OP-SHIFT_1-01,True
UNIT-001099,PT-05,66780.0,OP-SHIFT_1-02,True
UNIT-001099,FA-05,67140.0,OP-SHIFT_1-02,True
UNIT-001099,FA-06,67200.0,OP-SHIFT_1-02,True
UNIT-001099,FA-07,67260.0,OP-SHIFT_1-02,True
UNIT-001099,FA-08,67320.0,OP-SHIFT_1-02,True
UNIT-001100,PT-05,66840.0,OP-SHIFT_1-03,True
UNIT-001100,FA-05,67200.0,OP-SHIFT_1-03,True
UNIT-001100,FA-06,67260.0,OP-SHIFT_1-03,True
UNIT-001100,FA-07,67320.0,OP-SHIFT_1-03,True
UNIT-001100,FA-08,67380.0,OP-SHIFT_1-03,True
UNIT-001101,PT-05,66900.0,OP-SHIFT_1-04,False
UNIT-001101,FA-05,67260.0,OP-SHIFT_1-04,True
UNIT-001101,FA-06,67320.0,OP-SHIFT_1-04,True
UNIT-001101,FA-07,67380.0,OP-SHIFT_1-04,True
UNIT-001101,FA-08,67440.0,OP-SHIFT_1-04,True
UNIT-001102,PT-05,66960.0,OP-SHIFT_1-05,True
UNIT-001102,FA-05,67320.0,OP-SHIFT_1-05,True
UNIT-001102,FA-06,67380.0,OP-SHIFT_1-05,True
UNIT-001102,FA-07,67440.0,OP-SHIFT_1-05,True
UNIT-001102,FA-08,67500.0,OP-SHIFT_1-05,True
UNIT-001103,PT-05,67020.0,OP-SHIFT_1-06,True
UNIT-001103,FA-05,67380.0,OP-SHIFT_1-06,True
UNIT-001103,FA-06,67440.0,OP-SHIFT_1-06,True
UNIT-001103,FA-07,67500.0,OP-SHIFT_1-06,True
UNIT-001103,FA-08,67560.0,OP-SHIFT_1-06,True
UNIT-001104,PT-05,67080.0,OP-SHIFT_1-01,True
UNIT-001104,FA-05,67440.0,OP-SHIFT_1-01,True
UNIT-001104,FA-06,67500.0,OP-SHIFT_1-01,True
UNIT-001104,FA-07,67560.0,OP-SHIFT_1-01,True
UNIT-001104,FA-08,67620.0,OP-SHIFT_1-01,True
UNIT-001105,PT-05,67140.0,OP-SHIFT_1-02,True
UNIT-001105,FA-05,67500.0,OP-SHIFT_1-02,True
UNIT-001105,FA-06,67560.0,OP-SHIFT_1-02,True
UNIT-001105,FA-07,67620.0,OP-SHIFT_1-02,True
UNIT-001105,FA-08,67680.0,OP-SHIFT_1-02,True
UNIT-001106,PT-05,67200.0,OP-SHIFT_1-03,True
UNIT-001106,FA-05,67560.0,OP-SHIFT_1-03,True
UNIT-001106,FA-06,67620.0,OP-SHIFT_1-03,True
UNIT-001106,FA-07,67680.0,OP-SHIFT_1-03,True
UNIT-001106,FA-08,67740.0,OP-SHIFT_1-03,True
UNIT-001107,PT-05,67260.0,OP-SHIFT_1-04,True
UNIT-001107,FA-05,67620.0,OP-SHIFT_1-04,True
UNIT-001107,FA-06,67680.0,OP-SHIFT_1-04,True
UNIT-001107,FA-07,67740.0,OP-SHIFT_1-04,True
UNIT-001107,FA-08,67800.0,OP-SHIFT_1-04,True
UNIT-001108,PT-05,67320.0,OP-SHIFT_1-05,True
UNIT-001108,FA-05,67680.0,OP-SHIFT_1-05,True
UNIT-001108,FA-06,67740.0,OP-SHIFT_1-05,True
UNIT-001108,FA-07,67800.0,OP-SHIFT_1-05,True
UNIT-001108,FA-08,67860.0,OP-SHIFT_1-05,True
UNIT-001109,PT-05,67380.0,OP-SHIFT_1-06,True
UNIT-001109,FA-05,67740.0,OP-SHIFT_1-06,True
UNIT-001109,FA-06,67800.0,OP-SHIFT_1-06,True
UNIT-001109,FA-07,67860.0,OP-SHIFT_1-06,True
UNIT-001109,FA-08,67920.0,OP-SHIFT_1-06,True
UNIT-001110,PT-05,67440.0,OP-SHIFT_1-01,True
UNIT-001110,FA-05,67800.0,OP-SHIFT_1-01,True
UNIT-001110,FA-06,67860.0,OP-SHIFT_1-01,True
UNIT-001110,FA-07,67920.0,OP-SHIFT_1-01,True
UNIT-001110,FA-08,67980.0,OP-SHIFT_1-01,True
UNIT-001111,PT-05,67500.0,OP-SHIFT_1-02,True
UNIT-001111,FA-05,67860.0,OP-SHIFT_1-02,True
UNIT-001111,FA-06,67920.0,OP-SHIFT_1-02,True
UNIT-001111,FA-07,67980.0,OP-SHIFT_1-02,True
UNIT-001111,FA-08,68040.0,OP-SHIFT_1-02,True
UNIT-001112,PT-05,67560.0,OP-SHIFT_1-03,True
UNIT-001112,FA-05,67920.0,OP-SHIFT_1-03,True
UNIT-001112,FA-06,67980.0,OP-SHIFT_1-03,True
UNIT-001112,FA-07,68040.0,OP-SHIFT_1-03,True
UNIT-001112,FA-08,68100.0,OP-SHIFT_1-03,True
UNIT-001113,PT-05,67620.0,OP-SHIFT_1-04,True
UNIT-001113,FA-05,67980.0,OP-SHIFT_1-04,True
UNIT-001113,FA-06,68040.0,OP-SHIFT_1-04,True
UNIT-001113,FA-07,68100.0,OP-SHIFT_1-04,True
UNIT-001113,FA-08,68160.0,OP-SHIFT_1-04,True
UNIT-001114,PT-05,67680.0,OP-SHIFT_1-05,True
UNIT-001114,FA-05,68040.0,OP-SHIFT_1-05,True
UNIT-001114,FA-06,68100.0,OP-SHIFT_1-05,True
UNIT-001114,FA-07,68160.0,OP-SHIFT_1-05,True
UNIT-001114,FA-08,68220.0,OP-SHIFT_1-05,True
UNIT-001115,PT-05,67740.0,OP-SHIFT_1-06,True
UNIT-001115,FA-05,68100.0,OP-SHIFT_1-06,True
UNIT-001115,FA-06,68160.0,OP-SHIFT_1-06,True
UNIT-001115,FA-07,68220.0,OP-SHIFT_1-06,True
UNIT-001115,FA-08,68280.0,OP-SHIFT_1-06,True
UNIT-001116,PT-05,67800.0,OP-SHIFT_1-01,True
UNIT-001116,FA-05,68160.0,OP-SHIFT_1-01,True
UNIT-001116,FA-06,68220.0,OP-SHIFT_1-01,True
UNIT-001116,FA-07,68280.0,OP-SHIFT_1-01,True
UNIT-001116,FA-08,68340.0,OP-SHIFT_1-01,True
UNIT-001117,PT-05,67860.0,OP-SHIFT_1-02,True
UNIT-001117,FA-05,68220.0,OP-SHIFT_1-02,True
UNIT-001117,FA-06,68280.0,OP-SHIFT_1-02,True
UNIT-001117,FA-07,68340.0,OP-SHIFT_1-02,True
UNIT-001117,FA-08,68400.0,OP-SHIFT_1-02,True
UNIT-001118,PT-05,67920.0,OP-SHIFT_1-03,True
UNIT-001118,FA-05,68280.0,OP-SHIFT_1-03,True
UNIT-001118,FA-06,68340.0,OP-SHIFT_1-03,True
UNIT-001118,FA-07,68400.0,OP-SHIFT_1-03,True
UNIT-001118,FA-08,68460.0,OP-SHIFT_1-03,True
UNIT-001119,PT-05,67980.0,OP-SHIFT_1-04,True
UNIT-001119,FA-05,68340.0,OP-SHIFT_1-04,True
UNIT-001119,FA-06,68400.0,OP-SHIFT_1-04,True
UNIT-001119,FA-07,68460.0,OP-SHIFT_1-04,True
UNIT-001119,FA-08,68520.0,OP-SHIFT_1-04,True
UNIT-001120,PT-05,68040.0,OP-SHIFT_1-05,True
UNIT-001120,FA-05,68400.0,OP-SHIFT_1-05,True
UNIT-001120,FA-06,68460.0,OP-SHIFT_1-05,True
UNIT-001120,FA-07,68520.0,OP-SHIFT_1-05,True
UNIT-001120,FA-08,68580.0,OP-SHIFT_1-05,True
UNIT-001121,PT-05,68100.0,OP-SHIFT_1-06,True
UNIT-001121,FA-05,68460.0,OP-SHIFT_1-06,True
UNIT-001121,FA-06,68520.0,OP-SHIFT_1-06,True
UNIT-001121,FA-07,68580.0,OP-SHIFT_1-06,True
UNIT-001121,FA-08,68640.0,OP-SHIFT_1-06,True
UNIT-001122,PT-05,68160.0,OP-SHIFT_1-01,True
UNIT-001122,FA-05,68520.0,OP-SHIFT_1-01,True
UNIT-001122,FA-06,68580.0,OP-SHIFT_1-01,True
UNIT-001122,FA-07,68640.0,OP-SHIFT_1-01,True
UNIT-001122,FA-08,68700.0,OP-SHIFT_1-01,True
UNIT-001123,PT-05,68220.0,OP-SHIFT_1-02,True
UNIT-001123,FA-05,68580.0,OP-SHIFT_1-02,True
UNIT-001123,FA-06,68640.0,OP-SHIFT_1-02,True
UNIT-001123,FA-07,68700.0,OP-SHIFT_1-02,True
UNIT-001123,FA-08,68760.0,OP-SHIFT_1-02,True
UNIT-001124,PT-05,68280.0,OP-SHIFT_1-03,True
UNIT-001124,FA-05,68640.0,OP-SHIFT_1-03,True
UNIT-001124,FA-06,68700.0,OP-SHIFT_1-03,True
UNIT-001124,FA-07,68760.0,OP-SHIFT_1-03,True
UNIT-001124,FA-08,68820.0,OP-SHIFT_1-03,True
UNIT-001125,PT-05,68340.0,OP-SHIFT_1-04,True
UNIT-001125,FA-05,68700.0,OP-SHIFT_1-04,True
UNIT-001125,FA-06,68760.0,OP-SHIFT_1-04,True
UNIT-001125,FA-07,68820.0,OP-SHIFT_1-04,True
UNIT-001125,FA-08,68880.0,OP-SHIFT_1-04,True
UNIT-001126,PT-05,68400.0,OP-SHIFT_1-05,True
UNIT-001126,FA-05,68760.0,OP-SHIFT_1-05,True
UNIT-001126,FA-06,68820.0,OP-SHIFT_1-05,True
UNIT-001126,FA-07,68880.0,OP-SHIFT_1-05,True
UNIT-001126,FA-08,68940.0,OP-SHIFT_1-05,True
UNIT-001127,PT-05,68460.0,OP-SHIFT_1-06,True
UNIT-001127,FA-05,68820.0,OP-SHIFT_1-06,True
UNIT-001127,FA-06,68880.0,OP-SHIFT_1-06,True
UNIT-001127,FA-07,68940.0,OP-SHIFT_1-06,True
UNIT-001127,FA-08,69000.0,OP-SHIFT_1-06,True
UNIT-001128,PT-05,68520.0,OP-SHIFT_1-01,True
UNIT-001128,FA-05,68880.0,OP-SHIFT_1-01,True
UNIT-001128,FA-06,68940.0,OP-SHIFT_1-01,True
UNIT-001128,FA-07,69000.0,OP-SHIFT_1-01,True
UNIT-001128,FA-08,69060.0,OP-SHIFT_1-01,True
UNIT-001129,PT-05,68580.0,OP-SHIFT_1-02,True
UNIT-001129,FA-05,68940.0,OP-SHIFT_1-02,True
UNIT-001129,FA-06,69000.0,OP-SHIFT_1-02,True
UNIT-001129,FA-07,69060.0,OP-SHIFT_1-02,True
UNIT-001129,FA-08,69120.0,OP-SHIFT_1-02,True
UNIT-001130,PT-05,68640.0,OP-SHIFT_1-03,True
UNIT-001130,FA-05,69000.0,OP-SHIFT_1-03,True
UNIT-001130,FA-06,69060.0,OP-SHIFT_1-03,True
UNIT-001130,FA-07,69120.0,OP-SHIFT_1-03,True
UNIT-001130,FA-08,69180.0,OP-SHIFT_1-03,True
UNIT-001131,PT-05,68700.0,OP-SHIFT_1-04,True
UNIT-001131,FA-05,69060.0,OP-SHIFT_1-04,True
UNIT-001131,FA-06,69120.0,OP-SHIFT_1-04,True
UNIT-001131,FA-07,69180.0,OP-SHIFT_1-04,True
UNIT-001131,FA-08,69240.0,OP-SHIFT_1-04,True
UNIT-001132,PT-05,68760.0,OP-SHIFT_1-05,True
UNIT-001132,FA-05,69120.0,OP-SHIFT_1-05,True
UNIT-001132,FA-06,69180.0,OP-SHIFT_1-05,True
UNIT-001132,FA-07,69240.0,OP-SHIFT_1-05,True
UNIT-001132,FA-08,69300.0,OP-SHIFT_1-05,True
UNIT-001133,PT-05,68820.0,OP-SHIFT_1-06,True
UNIT-001133,FA-05,69180.0,OP-SHIFT_1-06,True
UNIT-001133,FA-06,69240.0,OP-SHIFT_1-06,True
UNIT-001133,FA-07,69300.0,OP-SHIFT_1-06,True
UNIT-001133,FA-08,69360.0,OP-SHIFT_1-06,True
UNIT-001134,PT-05,68880.0,OP-SHIFT_1-01,True
UNIT-001134,FA-05,69240.0,OP-SHIFT_1-01,True
UNIT-001134,FA-06,69300.0,OP-SHIFT_1-01,True
UNIT-001134,FA-07,69360.0,OP-SHIFT_1-01,True
UNIT-001134,FA-08,69420.0,OP-SHIFT_1-01,True
UNIT-001135,PT-05,68940.0,OP-SHIFT_1-02,True
UNIT-001135,FA-05,69300.0,OP-SHIFT_1-02,True
UNIT-001135,FA-06,69360.0,OP-SHIFT_1-02,True
UNIT-001135,FA-07,69420.0,OP-SHIFT_1-02,True
UNIT-001135,FA-08,69480.0,OP-SHIFT_1-02,True
UNIT-001136,PT-05,69000.0,OP-SHIFT_1-03,True
UNIT-001136,FA-05,69360.0,OP-SHIFT_1-03,True
UNIT-001136,FA-06,69420.0,OP-SHIFT_1-03,True
UNIT-001136,FA-07,69480.0,OP-SHIFT_1-03,True
UNIT-001136,FA-08,69540.0,OP-SHIFT_1-03,True
UNIT-001137,PT-05,69060.0,OP-SHIFT_1-04,True
UNIT-001137,FA-05,69420.0,OP-SHIFT_1-04,True
UNIT-001137,FA-06,69480.0,OP-SHIFT_1-04,True
UNIT-001137,FA-07,69540.0,OP-SHIFT_1-04,True
UNIT-001137,FA-08,69600.0,OP-SHIFT_1-04,True
UNIT-001138,PT-05,69120.0,OP-SHIFT_1-05,True
UNIT-001138,FA-05,69480.0,OP-SHIFT_1-05,True
UNIT-001138,FA-06,69540.0,OP-SHIFT_1-05,True
UNIT-001138,FA-07,69600.0,OP-SHIFT_1-05,True
UNIT-001138,FA-08,69660.0,OP-SHIFT_1-05,True
UNIT-001139,PT-05,69180.0,OP-SHIFT_1-06,True
UNIT-001139,FA-05,69540.0,OP-SHIFT_1-06,True
UNIT-001139,FA-06,69600.0,OP-SHIFT_1-06,True
UNIT-001139,FA-07,69660.0,OP-SHIFT_1-06,True
UNIT-001139,FA-08,69720.0,OP-SHIFT_1-06,True
UNIT-001140,PT-05,69240.0,OP-SHIFT_1-01,True
UNIT-001140,FA-05,69600.0,OP-SHIFT_1-01,True
UNIT-001140,FA-06,69660.0,OP-SHIFT_1-01,True
UNIT-001140,FA-07,69720.0,OP-SHIFT_1-01,True
UNIT-001140,FA-08,69780.0,OP-SHIFT_1-01,True
UNIT-001141,PT-05,69300.0,OP-SHIFT_1-02,True
UNIT-001141,FA-05,69660.0,OP-SHIFT_1-02,True
UNIT-001141,FA-06,69720.0,OP-SHIFT_1-02,True
UNIT-001141,FA-07,69780.0,OP-SHIFT_1-02,True
UNIT-001141,FA-08,69840.0,OP-SHIFT_1-02,True
UNIT-001142,PT-05,69360.0,OP-SHIFT_1-03,True
UNIT-001142,FA-05,69720.0,OP-SHIFT_1-03,True
UNIT-001142,FA-06,69780.0,OP-SHIFT_1-03,True
UNIT-001142,FA-07,69840.0,OP-SHIFT_1-03,True
UNIT-001142,FA-08,69900.0,OP-SHIFT_1-03,True
UNIT-001143,PT-05,69420.0,OP-SHIFT_1-04,True
UNIT-001143,FA-05,69780.0,OP-SHIFT_1-04,True
UNIT-001143,FA-06,69840.0,OP-SHIFT_1-04,True
UNIT-001143,FA-07,69900.0,OP-SHIFT_1-04,True
UNIT-001143,FA-08,69960.0,OP-SHIFT_1-04,True
UNIT-001144,PT-05,69480.0,OP-SHIFT_1-05,True
UNIT-001144,FA-05,69840.0,OP-SHIFT_1-05,True
UNIT-001144,FA-06,69900.0,OP-SHIFT_1-05,True
UNIT-001144,FA-07,69960.0,OP-SHIFT_1-05,True
UNIT-001144,FA-08,70020.0,OP-SHIFT_1-05,True
UNIT-001145,PT-05,69540.0,OP-SHIFT_1-06,True
UNIT-001145,FA-05,69900.0,OP-SHIFT_1-06,True
UNIT-001145,FA-06,69960.0,OP-SHIFT_1-06,True
UNIT-001145,FA-07,70020.0,OP-SHIFT_1-06,True
UNIT-001145,FA-08,70080.0,OP-SHIFT_1-06,True
UNIT-001146,PT-05,69600.0,OP-SHIFT_1-01,True
UNIT-001146,FA-05,69960.0,OP-SHIFT_1-01,True
UNIT-001146,FA-06,70020.0,OP-SHIFT_1-01,True
UNIT-001146,FA-07,70080.0,OP-SHIFT_1-01,True
UNIT-001146,FA-08,70140.0,OP-SHIFT_1-01,True
UNIT-001147,PT-05,69660.0,OP-SHIFT_1-02,True
UNIT-001147,FA-05,70020.0,OP-SHIFT_1-02,True
UNIT-001147,FA-06,70080.0,OP-SHIFT_1-02,True
UNIT-001147,FA-07,70140.0,OP-SHIFT_1-02,True
UNIT-001147,FA-08,70200.0,OP-SHIFT_1-02,True
UNIT-001148,PT-05,69720.0,OP-SHIFT_1-03,True
UNIT-001148,FA-05,70080.0,OP-SHIFT_1-03,True
UNIT-001148,FA-06,70140.0,OP-SHIFT_1-03,True
UNIT-001148,FA-07,70200.0,OP-SHIFT_1-03,True
UNIT-001148,FA-08,70260.0,OP-SHIFT_1-03,True
UNIT-001149,PT-05,69780.0,OP-SHIFT_1-04,True
UNIT-001149,FA-05,70140.0,OP-SHIFT_1-04,True
UNIT-001149,FA-06,70200.0,OP-SHIFT_1-04,True
UNIT-001149,FA-07,70260.0,OP-SHIFT_1-04,True
UNIT-001149,FA-08,70320.0,OP-SHIFT_1-04,True
UNIT-001150,PT-05,69840.0,OP-SHIFT_1-05,True
UNIT-001150,FA-05,70200.0,OP-SHIFT_1-05,True
UNIT-001150,FA-06,70260.0,OP-SHIFT_1-05,True
UNIT-001150,FA-07,70320.0,OP-SHIFT_1-05,True
UNIT-001150,FA-08,70380.0,OP-SHIFT_1-05,True
UNIT-001151,PT-05,69900.0,OP-SHIFT_1-06,True
UNIT-001151,FA-05,70260.0,OP-SHIFT_1-06,True
UNIT-001151,FA-06,70320.0,OP-SHIFT_1-06,True
UNIT-001151,FA-07,70380.0,OP-SHIFT_1-06,True
UNIT-001151,FA-08,70440.0,OP-SHIFT_1-06,True
UNIT-001152,PT-05,69960.0,OP-SHIFT_1-01,True
UNIT-001152,FA-05,70320.0,OP-SHIFT_1-01,True
UNIT-001152,FA-06,70380.0,OP-SHIFT_1-01,True
UNIT-001152,FA-07,70440.0,OP-SHIFT_1-01,True
UNIT-001152,FA-08,70500.0,OP-SHIFT_1-01,True
UNIT-001153,PT-05,70020.0,OP-SHIFT_1-02,True
UNIT-001153,FA-05,70380.0,OP-SHIFT_1-02,True
UNIT-001153,FA-06,70440.0,OP-SHIFT_1-02,True
UNIT-001153,FA-07,70500.0,OP-SHIFT_1-02,True
UNIT-001153,FA-08,70560.0,OP-SHIFT_1-02,True
UNIT-001154,PT-05,70080.0,OP-SHIFT_1-03,True
UNIT-001154,FA-05,70440.0,OP-SHIFT_1-03,True
UNIT-001154,FA-06,70500.0,OP-SHIFT_1-03,True
UNIT-001154,FA-07,70560.0,OP-SHIFT_1-03,True
UNIT-001154,FA-08,70620.0,OP-SHIFT_1-03,True
UNIT-001155,PT-05,70140.0,OP-SHIFT_1-04,True
UNIT-001155,FA-05,70500.0,OP-SHIFT_1-04,True
UNIT-001155,FA-06,70560.0,OP-SHIFT_1-04,True
UNIT-001155,FA-07,70620.0,OP-SHIFT_1-04,True
UNIT-001155,FA-08,70680.0,OP-SHIFT_1-04,True
UNIT-001156,PT-05,70200.0,OP-SHIFT_1-05,True
UNIT-001156,FA-05,70560.0,OP-SHIFT_1-05,True
UNIT-001156,FA-06,70620.0,OP-SHIFT_1-05,True
UNIT-001156,FA-07,70680.0,OP-SHIFT_1-05,True
UNIT-001156,FA-08,70740.0,OP-SHIFT_1-05,True
UNIT-001157,PT-05,70260.0,OP-SHIFT_1-06,True
UNIT-001157,FA-05,70620.0,OP-SHIFT_1-06,True
UNIT-001157,FA-06,70680.0,OP-SHIFT_1-06,True
UNIT-001157,FA-07,70740.0,OP-SHIFT_1-06,True
UNIT-001157,FA-08,70800.0,OP-SHIFT_1-06,True
UNIT-001158,PT-05,70320.0,OP-SHIFT_1-01,True
UNIT-001158,FA-05,70680.0,OP-SHIFT_1-01,True
UNIT-001158,FA-06,70740.0,OP-SHIFT_1-01,True
UNIT-001158,FA-07,70800.0,OP-SHIFT_1-01,True
UNIT-001158,FA-08,70860.0,OP-SHIFT_1-01,True
UNIT-001159,PT-05,70380.0,OP-SHIFT_1-02,True
UNIT-001159,FA-05,70740.0,OP-SHIFT_1-02,True
UNIT-001159,FA-06,70800.0,OP-SHIFT_1-02,True
UNIT-001159,FA-07,70860.0,OP-SHIFT_1-02,True
UNIT-001159,FA-08,70920.0,OP-SHIFT_1-02,True
UNIT-001160,PT-05,70440.0,OP-SHIFT_1-03,True
UNIT-001160,FA-05,70800.0,OP-SHIFT_1-03,True
UNIT-001160,FA-06,70860.0,OP-SHIFT_1-03,True
UNIT-001160,FA-07,70920.0,OP-SHIFT_1-03,True
UNIT-001160,FA-08,70980.0,OP-SHIFT_1-03,True
UNIT-001161,PT-05,70500.0,OP-SHIFT_1-04,True
UNIT-001161,FA-05,70860.0,OP-SHIFT_1-04,True
UNIT-001161,FA-06,70920.0,OP-SHIFT_1-04,True
UNIT-001161,FA-07,70980.0,OP-SHIFT_1-04,True
UNIT-001161,FA-08,71040.0,OP-SHIFT_1-04,True
UNIT-001162,PT-05,70560.0,OP-SHIFT_1-05,True
UNIT-001162,FA-05,70920.0,OP-SHIFT_1-05,True
UNIT-001162,FA-06,70980.0,OP-SHIFT_1-05,True
UNIT-001162,FA-07,71040.0,OP-SHIFT_1-05,True
UNIT-001162,FA-08,71100.0,OP-SHIFT_1-05,True
UNIT-001163,PT-05,70620.0,OP-SHIFT_1-06,True
UNIT-001163,FA-05,70980.0,OP-SHIFT_1-06,True
UNIT-001163,FA-06,71040.0,OP-SHIFT_1-06,True
UNIT-001163,FA-07,71100.0,OP-SHIFT_1-06,True
UNIT-001163,FA-08,71160.0,OP-SHIFT_1-06,True
UNIT-001164,PT-05,70680.0,OP-SHIFT_1-01,True
UNIT-001164,FA-05,71040.0,OP-SHIFT_1-01,False
UNIT-001164,FA-06,71100.0,OP-SHIFT_1-01,True
UNIT-001164,FA-07,71160.0,OP-SHIFT_1-01,True
UNIT-001164,FA-08,71220.0,OP-SHIFT_1-01,True
UNIT-001165,PT-05,70740.0,OP-SHIFT_1-02,True
UNIT-001165,FA-05,71100.0,OP-SHIFT_1-02,True
UNIT-001165,FA-06,71160.0,OP-SHIFT_1-02,True
UNIT-001165,FA-07,71220.0,OP-SHIFT_1-02,True
UNIT-001165,FA-08,71280.0,OP-SHIFT_1-02,True
UNIT-001166,PT-05,70800.0,OP-SHIFT_1-03,True
UNIT-001166,FA-05,71160.0,OP-SHIFT_1-03,True
UNIT-001166,FA-06,71220.0,OP-SHIFT_1-03,True
UNIT-001166,FA-07,71280.0,OP-SHIFT_1-03,True
UNIT-001166,FA-08,71340.0,OP-SHIFT_1-03,True
UNIT-001167,PT-05,70860.0,OP-SHIFT_1-04,True
UNIT-001167,FA-05,71220.0,OP-SHIFT_1-04,True
UNIT-001167,FA-06,71280.0,OP-SHIFT_1-04,True
UNIT-001167,FA-07,71340.0,OP-SHIFT_1-04,True
UNIT-001167,FA-08,71400.0,OP-SHIFT_1-04,True
UNIT-001168,PT-05,70920.0,OP-SHIFT_1-05,True
UNIT-001168,FA-05,71280.0,OP-SHIFT_1-05,True
UNIT-001168,FA-06,71340.0,OP-SHIFT_1-05,True
UNIT-001168,FA-07,71400.0,OP-SHIFT_1-05,True
UNIT-001168,FA-08,71460.0,OP-SHIFT_1-05,True
UNIT-001169,PT-05,70980.0,OP-SHIFT_1-06,True
UNIT-001169,FA-05,71340.0,OP-SHIFT_1-06,True
UNIT-001169,FA-06,71400.0,OP-SHIFT_1-06,True
UNIT-001169,FA-07,71460.0,OP-SHIFT_1-06,True
UNIT-001169,FA-08,71520.0,OP-SHIFT_1-06,True
UNIT-001170,PT-05,71040.0,OP-SHIFT_1-01,True
UNIT-001170,FA-05,71400.0,OP-SHIFT_1-01,True
UNIT-001170,FA-06,71460.0,OP-SHIFT_1-01,True
UNIT-001170,FA-07,71520.0,OP-SHIFT_1-01,True
UNIT-001170,FA-08,71580.0,OP-SHIFT_1-01,True
UNIT-001171,PT-05,71100.0,OP-SHIFT_1-02,True
UNIT-001171,FA-05,71460.0,OP-SHIFT_1-02,True
UNIT-001171,FA-06,71520.0,OP-SHIFT_1-02,True
UNIT-001171,FA-07,71580.0,OP-SHIFT_1-02,True
UNIT-001171,FA-08,71640.0,OP-SHIFT_1-02,True
UNIT-001172,PT-05,71160.0,OP-SHIFT_1-03,True
UNIT-001172,FA-05,71520.0,OP-SHIFT_1-03,True
UNIT-001172,FA-06,71580.0,OP-SHIFT_1-03,True
UNIT-001172,FA-07,71640.0,OP-SHIFT_1-03,True
UNIT-001172,FA-08,71700.0,OP-SHIFT_1-03,True
UNIT-001173,PT-05,71220.0,OP-SHIFT_1-04,True
UNIT-001173,FA-05,71580.0,OP-SHIFT_1-04,True
UNIT-001173,FA-06,71640.0,OP-SHIFT_1-04,True
UNIT-001173,FA-07,71700.0,OP-SHIFT_1-04,True
UNIT-001173,FA-08,71760.0,OP-SHIFT_1-04,True
UNIT-001174,PT-05,71280.0,OP-SHIFT_1-05,True
UNIT-001174,FA-05,71640.0,OP-SHIFT_1-05,True
UNIT-001174,FA-06,71700.0,OP-SHIFT_1-05,True
UNIT-001174,FA-07,71760.0,OP-SHIFT_1-05,True
UNIT-001174,FA-08,71820.0,OP-SHIFT_1-05,True
UNIT-001175,PT-05,71340.0,OP-SHIFT_1-06,True
UNIT-001175,FA-05,71700.0,OP-SHIFT_1-06,True
UNIT-001175,FA-06,71760.0,OP-SHIFT_1-06,True
UNIT-001175,FA-07,71820.0,OP-SHIFT_1-06,True
UNIT-001175,FA-08,71880.0,OP-SHIFT_1-06,True
UNIT-001176,PT-05,71400.0,OP-SHIFT_1-01,True
UNIT-001176,FA-05,71760.0,OP-SHIFT_1-01,True
UNIT-001176,FA-06,71820.0,OP-SHIFT_1-01,True
UNIT-001176,FA-07,71880.0,OP-SHIFT_1-01,True
UNIT-001176,FA-08,71940.0,OP-SHIFT_1-01,True
UNIT-001177,PT-05,71460.0,OP-SHIFT_1-02,True
UNIT-001177,FA-05,71820.0,OP-SHIFT_1-02,True
UNIT-001177,FA-06,71880.0,OP-SHIFT_1-02,True
UNIT-001177,FA-07,71940.0,OP-SHIFT_1-02,True
UNIT-001177,FA-08,72000.0,OP-SHIFT_1-02,True
UNIT-001178,PT-05,71520.0,OP-SHIFT_1-03,True
UNIT-001178,FA-05,71880.0,OP-SHIFT_1-03,True
UNIT-001178,FA-06,71940.0,OP-SHIFT_1-03,True
UNIT-001178,FA-07,72000.0,OP-SHIFT_1-03,True
UNIT-001178,FA-08,72060.0,OP-SHIFT_1-03,True
UNIT-001179,PT-05,71580.0,OP-SHIFT_1-04,True
UNIT-001179,FA-05,71940.0,OP-SHIFT_1-04,True
UNIT-001179,FA-06,72000.0,OP-SHIFT_1-04,True
UNIT-001179,FA-07,72060.0,OP-SHIFT_1-04,True
UNIT-001179,FA-08,72120.0,OP-SHIFT_1-04,True
UNIT-001180,PT-05,71640.0,OP-SHIFT_1-05,True
UNIT-001180,FA-05,72000.0,OP-SHIFT_1-05,True
UNIT-001180,FA-06,72060.0,OP-SHIFT_1-05,True
UNIT-001180,FA-07,72120.0,OP-SHIFT_1-05,True
UNIT-001180,FA-08,72180.0,OP-SHIFT_1-05,True
UNIT-001181,PT-05,71700.0,OP-SHIFT_1-06,True
UNIT-001181,FA-05,72060.0,OP-SHIFT_1-06,True
UNIT-001181,FA-06,72120.0,OP-SHIFT_1-06,True
UNIT-001181,FA-07,72180.0,OP-SHIFT_1-06,True
UNIT-001181,FA-08,72240.0,OP-SHIFT_1-06,True
UNIT-001182,PT-05,71760.0,OP-SHIFT_1-01,True
UNIT-001182,FA-05,72120.0,OP-SHIFT_1-01,True
UNIT-001182,FA-06,72180.0,OP-SHIFT_1-01,True
UNIT-001182,FA-07,72240.0,OP-SHIFT_1-01,True
UNIT-001182,FA-08,72300.0,OP-SHIFT_1-01,True
UNIT-001183,PT-05,71820.0,OP-SHIFT_1-02,True
UNIT-001183,FA-05,72180.0,OP-SHIFT_1-02,True
UNIT-001183,FA-06,72240.0,OP-SHIFT_1-02,True
UNIT-001183,FA-07,72300.0,OP-SHIFT_1-02,True
UNIT-001183,FA-08,72360.0,OP-SHIFT_1-02,True
UNIT-001184,PT-05,71880.0,OP-SHIFT_1-03,True
UNIT-001184,FA-05,72240.0,OP-SHIFT_1-03,True
UNIT-001184,FA-06,72300.0,OP-SHIFT_1-03,True
UNIT-001184,FA-07,72360.0,OP-SHIFT_1-03,True
UNIT-001184,FA-08,72420.0,OP-SHIFT_1-03,True
UNIT-001185,PT-05,71940.0,OP-SHIFT_1-04,True
UNIT-001185,FA-05,72300.0,OP-SHIFT_1-04,True
UNIT-001185,FA-06,72360.0,OP-SHIFT_1-04,True
UNIT-001185,FA-07,72420.0,OP-SHIFT_1-04,True
UNIT-001185,FA-08,72480.0,OP-SHIFT_1-04,True
UNIT-001186,PT-05,72000.0,OP-SHIFT_1-05,True
UNIT-001186,FA-05,72360.0,OP-SHIFT_1-05,True
UNIT-001186,FA-06,72420.0,OP-SHIFT_1-05,True
UNIT-001186,FA-07,72480.0,OP-SHIFT_1-05,True
UNIT-001186,FA-08,72540.0,OP-SHIFT_1-05,True
UNIT-001187,PT-05,72060.0,OP-SHIFT_1-06,True
UNIT-001187,FA-05,72420.0,OP-SHIFT_1-06,True
UNIT-001187,FA-06,72480.0,OP-SHIFT_1-06,True
UNIT-001187,FA-07,72540.0,OP-SHIFT_1-06,True
UNIT-001187,FA-08,72600.0,OP-SHIFT_1-06,True
UNIT-001188,PT-05,72120.0,OP-SHIFT_1-01,True
UNIT-001188,FA-05,72480.0,OP-SHIFT_1-01,True
UNIT-001188,FA-06,72540.0,OP-SHIFT_1-01,True
UNIT-001188,FA-07,72600.0,OP-SHIFT_1-01,True
UNIT-001188,FA-08,72660.0,OP-SHIFT_1-01,True
UNIT-001189,PT-05,72180.0,OP-SHIFT_1-02,True
UNIT-001189,FA-05,72540.0,OP-SHIFT_1-02,False
UNIT-001189,FA-06,72600.0,OP-SHIFT_1-02,True
UNIT-001189,FA-07,72660.0,OP-SHIFT_1-02,True
UNIT-001189,FA-08,72720.0,OP-SHIFT_1-02,True
UNIT-001190,PT-05,72240.0,OP-SHIFT_1-03,True
UNIT-001190,FA-05,72600.0,OP-SHIFT_1-03,True
UNIT-001190,FA-06,72660.0,OP-SHIFT_1-03,True
UNIT-001190,FA-07,72720.0,OP-SHIFT_1-03,True
UNIT-001190,FA-08,72780.0,OP-SHIFT_1-03,True
UNIT-001191,PT-05,72300.0,OP-SHIFT_1-04,True
UNIT-001191,FA-05,72660.0,OP-SHIFT_1-04,True
UNIT-001191,FA-06,72720.0,OP-SHIFT_1-04,True
UNIT-001191,FA-07,72780.0,OP-SHIFT_1-04,True
UNIT-001191,FA-08,72840.0,OP-SHIFT_1-04,True
UNIT-001192,PT-05,72360.0,OP-SHIFT_1-05,True
UNIT-001192,FA-05,72720.0,OP-SHIFT_1-05,True
UNIT-001192,FA-06,72780.0,OP-SHIFT_1-05,True
UNIT-001192,FA-07,72840.0,OP-SHIFT_1-05,True
UNIT-001192,FA-08,72900.0,OP-SHIFT_1-05,True
UNIT-001193,PT-05,72420.0,OP-SHIFT_1-06,True
UNIT-001193,FA-05,72780.0,OP-SHIFT_1-06,True
UNIT-001193,FA-06,72840.0,OP-SHIFT_1-06,True
UNIT-001193,FA-07,72900.0,OP-SHIFT_1-06,True
UNIT-001193,FA-08,72960.0,OP-SHIFT_1-06,True
UNIT-001194,PT-05,72480.0,OP-SHIFT_1-01,True
UNIT-001194,FA-05,72840.0,OP-SHIFT_1-01,True
UNIT-001194,FA-06,72900.0,OP-SHIFT_1-01,True
UNIT-001194,FA-07,72960.0,OP-SHIFT_1-01,True
UNIT-001194,FA-08,73020.0,OP-SHIFT_1-01,True
UNIT-001195,PT-05,72540.0,OP-SHIFT_1-02,True
UNIT-001195,FA-05,72900.0,OP-SHIFT_1-02,True
UNIT-001195,FA-06,72960.0,OP-SHIFT_1-02,True
UNIT-001195,FA-07,73020.0,OP-SHIFT_1-02,True
UNIT-001195,FA-08,73080.0,OP-SHIFT_1-02,True
UNIT-001196,PT-05,72600.0,OP-SHIFT_1-03,True
UNIT-001196,FA-05,72960.0,OP-SHIFT_1-03,True
UNIT-001196,FA-06,73020.0,OP-SHIFT_1-03,True
UNIT-001196,FA-07,73080.0,OP-SHIFT_1-03,True
UNIT-001196,FA-08,73140.0,OP-SHIFT_1-03,True
UNIT-001197,PT-05,72660.0,OP-SHIFT_1-04,True
UNIT-001197,FA-05,73020.0,OP-SHIFT_1-04,True
UNIT-001197,FA-06,73080.0,OP-SHIFT_1-04,True
UNIT-001197,FA-07,73140.0,OP-SHIFT_1-04,True
UNIT-001197,FA-08,73200.0,OP-SHIFT_1-04,True
UNIT-001198,PT-05,72720.0,OP-SHIFT_1-05,True
UNIT-001198,FA-05,73080.0,OP-SHIFT_1-05,True
UNIT-001198,FA-06,73140.0,OP-SHIFT_1-05,True
UNIT-001198,FA-07,73200.0,OP-SHIFT_1-05,True
UNIT-001198,FA-08,73260.0,OP-SHIFT_1-05,True
UNIT-001199,PT-05,72780.0,OP-SHIFT_1-06,True
UNIT-001199,FA-05,73140.0,OP-SHIFT_1-06,True
UNIT-001199,FA-06,73200.0,OP-SHIFT_1-06,True
UNIT-001199,FA-07,73260.0,OP-SHIFT_1-06,True
UNIT-001199,FA-08,73320.0,OP-SHIFT_1-06,True
UNIT-001200,PT-05,72840.0,OP-SHIFT_1-01,True
UNIT-001200,FA-05,73200.0,OP-SHIFT_1-01,True
UNIT-001200,FA-06,73260.0,OP-SHIFT_1-01,True
UNIT-001200,FA-07,73320.0,OP-SHIFT_1-01,True
UNIT-001200,FA-08,73380.0,OP-SHIFT_1-01,True
UNIT-001201,PT-05,72900.0,OP-SHIFT_1-02,True
UNIT-001201,FA-05,73260.0,OP-SHIFT_1-02,True
UNIT-001201,FA-06,73320.0,OP-SHIFT_1-02,True
UNIT-001201,FA-07,73380.0,OP-SHIFT_1-02,True
UNIT-001201,FA-08,73440.0,OP-SHIFT_1-02,True
UNIT-001202,PT-05,72960.0,OP-SHIFT_1-03,True
UNIT-001202,FA-05,73320.0,OP-SHIFT_1-03,True
UNIT-001202,FA-06,73380.0,OP-SHIFT_1-03,True
UNIT-001202,FA-07,73440.0,OP-SHIFT_1-03,True
UNIT-001202,FA-08,73500.0,OP-SHIFT_1-03,True
UNIT-001203,PT-05,73020.0,OP-SHIFT_1-04,True
UNIT-001203,FA-05,73380.0,OP-SHIFT_1-04,True
UNIT-001203,FA-06,73440.0,OP-SHIFT_1-04,True
UNIT-001203,FA-07,73500.0,OP-SHIFT_1-04,True
UNIT-001203,FA-08,73560.0,OP-SHIFT_1-04,True
UNIT-001204,PT-05,73080.0,OP-SHIFT_1-05,True
UNIT-001204,FA-05,73440.0,OP-SHIFT_1-05,True
UNIT-001204,FA-06,73500.0,OP-SHIFT_1-05,True
UNIT-001204,FA-07,73560.0,OP-SHIFT_1-05,True
UNIT-001204,FA-08,73620.0,OP-SHIFT_1-05,True
UNIT-001205,PT-05,73140.0,OP-SHIFT_1-06,True
UNIT-001205,FA-05,73500.0,OP-SHIFT_1-06,True
UNIT-001205,FA-06,73560.0,OP-SHIFT_1-06,True
UNIT-001205,FA-07,73620.0,OP-SHIFT_1-06,True
UNIT-001205,FA-08,73680.0,OP-SHIFT_1-06,True
UNIT-001206,PT-05,73200.0,OP-SHIFT_1-01,True
UNIT-001206,FA-05,73560.0,OP-SHIFT_1-01,True
UNIT-001206,FA-06,73620.0,OP-SHIFT_1-01,True
UNIT-001206,FA-07,73680.0,OP-SHIFT_1-01,True
UNIT-001206,FA-08,73740.0,OP-SHIFT_1-01,True
UNIT-001207,PT-05,73260.0,OP-SHIFT_1-02,True
UNIT-001207,FA-05,73620.0,OP-SHIFT_1-02,True
UNIT-001207,FA-06,73680.0,OP-SHIFT_1-02,True
UNIT-001207,FA-07,73740.0,OP-SHIFT_1-02,True
UNIT-001207,FA-08,73800.0,OP-SHIFT_1-02,True
UNIT-001208,PT-05,73320.0,OP-SHIFT_1-03,True
UNIT-001208,FA-05,73680.0,OP-SHIFT_1-03,True
UNIT-001208,FA-06,73740.0,OP-SHIFT_1-03,True
UNIT-001208,FA-07,73800.0,OP-SHIFT_1-03,True
UNIT-001208,FA-08,73860.0,OP-SHIFT_1-03,True
UNIT-001209,PT-05,73380.0,OP-SHIFT_1-04,True
UNIT-001209,FA-05,73740.0,OP-SHIFT_1-04,True
UNIT-001209,FA-06,73800.0,OP-SHIFT_1-04,True
UNIT-001209,FA-07,73860.0,OP-SHIFT_1-04,True
UNIT-001209,FA-08,73920.0,OP-SHIFT_1-04,True
UNIT-001210,PT-05,73440.0,OP-SHIFT_1-05,True
UNIT-001210,FA-05,73800.0,OP-SHIFT_1-05,True
UNIT-001210,FA-06,73860.0,OP-SHIFT_1-05,True
UNIT-001210,FA-07,73920.0,OP-SHIFT_1-05,True
UNIT-001210,FA-08,73980.0,OP-SHIFT_1-05,True
UNIT-001211,PT-05,73500.0,OP-SHIFT_1-06,True
UNIT-001211,FA-05,73860.0,OP-SHIFT_1-06,True
UNIT-001211,FA-06,73920.0,OP-SHIFT_1-06,True
UNIT-001211,FA-07,73980.0,OP-SHIFT_1-06,True
UNIT-001211,FA-08,74040.0,OP-SHIFT_1-06,True
UNIT-001212,PT-05,73560.0,OP-SHIFT_1-01,True
UNIT-001212,FA-05,73920.0,OP-SHIFT_1-01,True
UNIT-001212,FA-06,73980.0,OP-SHIFT_1-01,True
UNIT-001212,FA-07,74040.0,OP-SHIFT_1-01,True
UNIT-001212,FA-08,74100.0,OP-SHIFT_1-01,True
UNIT-001213,PT-05,73620.0,OP-SHIFT_1-02,True
UNIT-001213,FA-05,73980.0,OP-SHIFT_1-02,True
UNIT-001213,FA-06,74040.0,OP-SHIFT_1-02,True
UNIT-001213,FA-07,74100.0,OP-SHIFT_1-02,True
UNIT-001213,FA-08,74160.0,OP-SHIFT_1-02,True
UNIT-001214,PT-05,73680.0,OP-SHIFT_1-03,True
UNIT-001214,FA-05,74040.0,OP-SHIFT_1-03,True
UNIT-001214,FA-06,74100.0,OP-SHIFT_1-03,True
UNIT-001214,FA-07,74160.0,OP-SHIFT_1-03,True
UNIT-001214,FA-08,74220.0,OP-SHIFT_1-03,True
UNIT-001215,PT-05,73740.0,OP-SHIFT_1-04,True
UNIT-001215,FA-05,74100.0,OP-SHIFT_1-04,True
UNIT-001215,FA-06,74160.0,OP-SHIFT_1-04,True
UNIT-001215,FA-07,74220.0,OP-SHIFT_1-04,True
UNIT-001215,FA-08,74280.0,OP-SHIFT_1-04,True
UNIT-001216,PT-05,73800.0,OP-SHIFT_1-05,True
UNIT-001216,FA-05,74160.0,OP-SHIFT_1-05,True
UNIT-001216,FA-06,74220.0,OP-SHIFT_1-05,True
UNIT-001216,FA-07,74280.0,OP-SHIFT_1-05,True
UNIT-001216,FA-08,74340.0,OP-SHIFT_1-05,True
UNIT-001217,PT-05,73860.0,OP-SHIFT_1-06,True
UNIT-001217,FA-05,74220.0,OP-SHIFT_1-06,True
UNIT-001217,FA-06,74280.0,OP-SHIFT_1-06,True
UNIT-001217,FA-07,74340.0,OP-SHIFT_1-06,True
UNIT-001217,FA-08,74400.0,OP-SHIFT_1-06,True
UNIT-001218,PT-05,73920.0,OP-SHIFT_1-01,True
UNIT-001218,FA-05,74280.0,OP-SHIFT_1-01,True
UNIT-001218,FA-06,74340.0,OP-SHIFT_1-01,True
UNIT-001218,FA-07,74400.0,OP-SHIFT_1-01,True
UNIT-001218,FA-08,74460.0,OP-SHIFT_1-01,True
UNIT-001219,PT-05,73980.0,OP-SHIFT_1-02,True
UNIT-001219,FA-05,74340.0,OP-SHIFT_1-02,True
UNIT-001219,FA-06,74400.0,OP-SHIFT_1-02,True
UNIT-001219,FA-07,74460.0,OP-SHIFT_1-02,True
UNIT-001219,FA-08,74520.0,OP-SHIFT_1-02,True
UNIT-001220,PT-05,74040.0,OP-SHIFT_1-03,True
UNIT-001220,FA-05,74400.0,OP-SHIFT_1-03,True
UNIT-001220,FA-06,74460.0,OP-SHIFT_1-03,True
UNIT-001220,FA-07,74520.0,OP-SHIFT_1-03,True
UNIT-001220,FA-08,74580.0,OP-SHIFT_1-03,True
UNIT-001221,PT-05,74100.0,OP-SHIFT_1-04,True
UNIT-001221,FA-05,74460.0,OP-SHIFT_1-04,True
UNIT-001221,FA-06,74520.0,OP-SHIFT_1-04,True
UNIT-001221,FA-07,74580.0,OP-SHIFT_1-04,True
UNIT-001221,FA-08,74640.0,OP-SHIFT_1-04,True
UNIT-001222,PT-05,74160.0,OP-SHIFT_1-05,True
UNIT-001222,FA-05,74520.0,OP-SHIFT_1-05,True
UNIT-001222,FA-06,74580.0,OP-SHIFT_1-05,True
UNIT-001222,FA-07,74640.0,OP-SHIFT_1-05,True
UNIT-001222,FA-08,74700.0,OP-SHIFT_1-05,True
UNIT-001223,PT-05,74220.0,OP-SHIFT_1-06,True
UNIT-001223,FA-05,74580.0,OP-SHIFT_1-06,True
UNIT-001223,FA-06,74640.0,OP-SHIFT_1-06,True
UNIT-001223,FA-07,74700.0,OP-SHIFT_1-06,True
UNIT-001223,FA-08,74760.0,OP-SHIFT_1-06,True
UNIT-001224,PT-05,74280.0,OP-SHIFT_1-01,True
UNIT-001224,FA-05,74640.0,OP-SHIFT_1-01,True
UNIT-001224,FA-06,74700.0,OP-SHIFT_1-01,True
UNIT-001224,FA-07,74760.0,OP-SHIFT_1-01,True
UNIT-001224,FA-08,74820.0,OP-SHIFT_1-01,True
UNIT-001225,PT-05,74340.0,OP-SHIFT_1-02,True
UNIT-001225,FA-05,74700.0,OP-SHIFT_1-02,True
UNIT-001225,FA-06,74760.0,OP-SHIFT_1-02,True
UNIT-001225,FA-07,74820.0,OP-SHIFT_1-02,True
UNIT-001225,FA-08,74880.0,OP-SHIFT_1-02,True
UNIT-001226,PT-05,74400.0,OP-SHIFT_1-03,True
UNIT-001226,FA-05,74760.0,OP-SHIFT_1-03,True
UNIT-001226,FA-06,74820.0,OP-SHIFT_1-03,True
UNIT-001226,FA-07,74880.0,OP-SHIFT_1-03,True
UNIT-001226,FA-08,74940.0,OP-SHIFT_1-03,True
UNIT-001227,PT-05,74460.0,OP-SHIFT_1-04,True
UNIT-001227,FA-05,74820.0,OP-SHIFT_1-04,True
UNIT-001227,FA-06,74880.0,OP-SHIFT_1-04,True
UNIT-001227,FA-07,74940.0,OP-SHIFT_1-04,True
UNIT-001227,FA-08,75000.0,OP-SHIFT_1-04,True
UNIT-001228,PT-05,74520.0,OP-SHIFT_1-05,True
UNIT-001228,FA-05,74880.0,OP-SHIFT_1-05,True
UNIT-001228,FA-06,74940.0,OP-SHIFT_1-05,True
UNIT-001228,FA-07,75000.0,OP-SHIFT_1-05,True
UNIT-001228,FA-08,75060.0,OP-SHIFT_1-05,True
UNIT-001229,PT-05,74580.0,OP-SHIFT_1-06,True
UNIT-001229,FA-05,74940.0,OP-SHIFT_1-06,True
UNIT-001229,FA-06,75000.0,OP-SHIFT_1-06,True
UNIT-001229,FA-07,75060.0,OP-SHIFT_1-06,True
UNIT-001229,FA-08,75120.0,OP-SHIFT_1-06,True
UNIT-001230,PT-05,74640.0,OP-SHIFT_1-01,True
UNIT-001230,FA-05,75000.0,OP-SHIFT_1-01,True
UNIT-001230,FA-06,75060.0,OP-SHIFT_1-01,True
UNIT-001230,FA-07,75120.0,OP-SHIFT_1-01,True
UNIT-001230,FA-08,75180.0,OP-SHIFT_1-01,True
UNIT-001231,PT-05,74700.0,OP-SHIFT_1-02,True
UNIT-001231,FA-05,75060.0,OP-SHIFT_1-02,True
UNIT-001231,FA-06,75120.0,OP-SHIFT_1-02,True
UNIT-001231,FA-07,75180.0,OP-SHIFT_1-02,True
UNIT-001231,FA-08,75240.0,OP-SHIFT_1-02,True
UNIT-001232,PT-05,74760.0,OP-SHIFT_1-03,True
UNIT-001232,FA-05,75120.0,OP-SHIFT_1-03,True
UNIT-001232,FA-06,75180.0,OP-SHIFT_1-03,True
UNIT-001232,FA-07,75240.0,OP-SHIFT_1-03,True
UNIT-001232,FA-08,75300.0,OP-SHIFT_1-03,True
UNIT-001233,PT-05,74820.0,OP-SHIFT_1-04,True
UNIT-001233,FA-05,75180.0,OP-SHIFT_1-04,True
UNIT-001233,FA-06,75240.0,OP-SHIFT_1-04,True
UNIT-001233,FA-07,75300.0,OP-SHIFT_1-04,True
UNIT-001233,FA-08,75360.0,OP-SHIFT_1-04,True
UNIT-001234,PT-05,74880.0,OP-SHIFT_1-05,True
UNIT-001234,FA-05,75240.0,OP-SHIFT_1-05,True
UNIT-001234,FA-06,75300.0,OP-SHIFT_1-05,True
UNIT-001234,FA-07,75360.0,OP-SHIFT_1-05,True
UNIT-001234,FA-08,75420.0,OP-SHIFT_1-05,True
UNIT-001235,PT-05,74940.0,OP-SHIFT_1-06,True
UNIT-001235,FA-05,75300.0,OP-SHIFT_1-06,True
UNIT-001235,FA-06,75360.0,OP-SHIFT_1-06,True
UNIT-001235,FA-07,75420.0,OP-SHIFT_1-06,True
UNIT-001235,FA-08,75480.0,OP-SHIFT_1-06,True
UNIT-001236,PT-05,75000.0,OP-SHIFT_1-01,True
UNIT-001236,FA-05,75360.0,OP-SHIFT_1-01,True
UNIT-001236,FA-06,75420.0,OP-SHIFT_1-01,True
UNIT-001236,FA-07,75480.0,OP-SHIFT_1-01,True
UNIT-001236,FA-08,75540.0,OP-SHIFT_1-01,True
UNIT-001237,PT-05,75060.0,OP-SHIFT_1-02,True
UNIT-001237,FA-05,75420.0,OP-SHIFT_1-02,True
UNIT-001237,FA-06,75480.0,OP-SHIFT_1-02,True
UNIT-001237,FA-07,75540.0,OP-SHIFT_1-02,True
UNIT-001237,FA-08,75600.0,OP-SHIFT_1-02,True
UNIT-001238,PT-05,75120.0,OP-SHIFT_1-03,True
UNIT-001238,FA-05,75480.0,OP-SHIFT_1-03,True
UNIT-001238,FA-06,75540.0,OP-SHIFT_1-03,True
UNIT-001238,FA-07,75600.0,OP-SHIFT_1-03,True
UNIT-001238,FA-08,75660.0,OP-SHIFT_1-03,True
UNIT-001239,PT-05,75180.0,OP-SHIFT_1-04,True
UNIT-001239,FA-05,75540.0,OP-SHIFT_1-04,True
UNIT-001239,FA-06,75600.0,OP-SHIFT_1-04,True
UNIT-001239,FA-07,75660.0,OP-SHIFT_1-04,True
UNIT-001239,FA-08,75720.0,OP-SHIFT_1-04,True
UNIT-001240,PT-05,75240.0,OP-SHIFT_1-05,True
UNIT-001240,FA-05,75600.0,OP-SHIFT_1-05,True
UNIT-001240,FA-06,75660.0,OP-SHIFT_1-05,True
UNIT-001240,FA-07,75720.0,OP-SHIFT_1-05,True
UNIT-001240,FA-08,75780.0,OP-SHIFT_1-05,True
UNIT-001241,PT-05,75300.0,OP-SHIFT_1-06,True
UNIT-001241,FA-05,75660.0,OP-SHIFT_1-06,True
UNIT-001241,FA-06,75720.0,OP-SHIFT_1-06,True
UNIT-001241,FA-07,75780.0,OP-SHIFT_1-06,True
UNIT-001241,FA-08,75840.0,OP-SHIFT_1-06,True
UNIT-001242,PT-05,75360.0,OP-SHIFT_1-01,True
UNIT-001242,FA-05,75720.0,OP-SHIFT_1-01,True
UNIT-001242,FA-06,75780.0,OP-SHIFT_1-01,True
UNIT-001242,FA-07,75840.0,OP-SHIFT_1-01,True
UNIT-001242,FA-08,75900.0,OP-SHIFT_1-01,True
UNIT-001243,PT-05,75420.0,OP-SHIFT_1-02,True
UNIT-001243,FA-05,75780.0,OP-SHIFT_1-02,True
UNIT-001243,FA-06,75840.0,OP-SHIFT_1-02,True
UNIT-001243,FA-07,75900.0,OP-SHIFT_1-02,True
UNIT-001243,FA-08,75960.0,OP-SHIFT_1-02,True
UNIT-001244,PT-05,75480.0,OP-SHIFT_1-03,True
UNIT-001244,FA-05,75840.0,OP-SHIFT_1-03,True
UNIT-001244,FA-06,75900.0,OP-SHIFT_1-03,True
UNIT-001244,FA-07,75960.0,OP-SHIFT_1-03,True
UNIT-001244,FA-08,76020.0,OP-SHIFT_1-03,True
UNIT-001245,PT-05,75540.0,OP-SHIFT_1-04,True
UNIT-001245,FA-05,75900.0,OP-SHIFT_1-04,True
UNIT-001245,FA-06,75960.0,OP-SHIFT_1-04,True
UNIT-001245,FA-07,76020.0,OP-SHIFT_1-04,True
UNIT-001245,FA-08,76080.0,OP-SHIFT_1-04,True
UNIT-001246,PT-05,75600.0,OP-SHIFT_1-05,True
UNIT-001246,FA-05,75960.0,OP-SHIFT_1-05,True
UNIT-001246,FA-06,76020.0,OP-SHIFT_1-05,True
UNIT-001246,FA-07,76080.0,OP-SHIFT_1-05,True
UNIT-001246,FA-08,76140.0,OP-SHIFT_1-05,True
UNIT-001247,PT-05,75660.0,OP-SHIFT_1-06,True
UNIT-001247,FA-05,76020.0,OP-SHIFT_1-06,True
UNIT-001247,FA-06,76080.0,OP-SHIFT_1-06,True
UNIT-001247,FA-07,76140.0,OP-SHIFT_1-06,True
UNIT-001247,FA-08,76200.0,OP-SHIFT_1-06,True
UNIT-001248,PT-05,75720.0,OP-SHIFT_1-01,True
UNIT-001248,FA-05,76080.0,OP-SHIFT_1-01,True
UNIT-001248,FA-06,76140.0,OP-SHIFT_1-01,True
UNIT-001248,FA-07,76200.0,OP-SHIFT_1-01,True
UNIT-001248,FA-08,76260.0,OP-SHIFT_1-01,True
UNIT-001249,PT-05,75780.0,OP-SHIFT_1-02,True
UNIT-001249,FA-05,76140.0,OP-SHIFT_1-02,True
UNIT-001249,FA-06,76200.0,OP-SHIFT_1-02,True
UNIT-001249,FA-07,76260.0,OP-SHIFT_1-02,True
UNIT-001249,FA-08,76320.0,OP-SHIFT_1-02,True
UNIT-001250,PT-05,75840.0,OP-SHIFT_1-03,True
UNIT-001250,FA-05,76200.0,OP-SHIFT_1-03,True
UNIT-001250,FA-06,76260.0,OP-SHIFT_1-03,True
UNIT-001250,FA-07,76320.0,OP-SHIFT_1-03,True
UNIT-001250,FA-08,76380.0,OP-SHIFT_1-03,True
UNIT-001251,PT-05,75900.0,OP-SHIFT_1-04,True
UNIT-001251,FA-05,76260.0,OP-SHIFT_1-04,False
UNIT-001251,FA-06,76320.0,OP-SHIFT_1-04,True
UNIT-001251,FA-07,76380.0,OP-SHIFT_1-04,True
UNIT-001251,FA-08,76440.0,OP-SHIFT_1-04,True
UNIT-001252,PT-05,75960.0,OP-SHIFT_1-05,True
UNIT-001252,FA-05,76320.0,OP-SHIFT_1-05,True
UNIT-001252,FA-06,76380.0,OP-SHIFT_1-05,True
UNIT-001252,FA-07,76440.0,OP-SHIFT_1-05,True
UNIT-001252,FA-08,76500.0,OP-SHIFT_1-05,True
UNIT-001253,PT-05,76020.0,OP-SHIFT_1-06,True
UNIT-001253,FA-05,76380.0,OP-SHIFT_1-06,True
UNIT-001253,FA-06,76440.0,OP-SHIFT_1-06,True
UNIT-001253,FA-07,76500.0,OP-SHIFT_1-06,True
UNIT-001253,FA-08,76560.0,OP-SHIFT_1-06,True
UNIT-001254,PT-05,76080.0,OP-SHIFT_1-01,True
UNIT-001254,FA-05,76440.0,OP-SHIFT_1-01,True
UNIT-001254,FA-06,76500.0,OP-SHIFT_1-01,True
UNIT-001254,FA-07,76560.0,OP-SHIFT_1-01,True
UNIT-001254,FA-08,76620.0,OP-SHIFT_1-01,True
UNIT-001255,PT-05,76140.0,OP-SHIFT_1-02,True
UNIT-001255,FA-05,76500.0,OP-SHIFT_1-02,True
UNIT-001255,FA-06,76560.0,OP-SHIFT_1-02,True
UNIT-001255,FA-07,76620.0,OP-SHIFT_1-02,True
UNIT-001255,FA-08,76680.0,OP-SHIFT_1-02,True
UNIT-001256,PT-05,76200.0,OP-SHIFT_1-03,True
UNIT-001256,FA-05,76560.0,OP-SHIFT_1-03,True
UNIT-001256,FA-06,76620.0,OP-SHIFT_1-03,True
UNIT-001256,FA-07,76680.0,OP-SHIFT_1-03,True
UNIT-001256,FA-08,76740.0,OP-SHIFT_1-03,True
UNIT-001257,PT-05,76260.0,OP-SHIFT_1-04,True
UNIT-001257,FA-05,76620.0,OP-SHIFT_1-04,True
UNIT-001257,FA-06,76680.0,OP-SHIFT_1-04,True
UNIT-001257,FA-07,76740.0,OP-SHIFT_1-04,True
UNIT-001257,FA-08,76800.0,OP-SHIFT_1-04,True
UNIT-001258,PT-05,76320.0,OP-SHIFT_1-05,True
UNIT-001258,FA-05,76680.0,OP-SHIFT_1-05,True
UNIT-001258,FA-06,76740.0,OP-SHIFT_1-05,True
UNIT-001258,FA-07,76800.0,OP-SHIFT_1-05,True
UNIT-001258,FA-08,76860.0,OP-SHIFT_1-05,True
UNIT-001259,PT-05,76380.0,OP-SHIFT_1-06,True
UNIT-001259,FA-05,76740.0,OP-SHIFT_1-06,True
UNIT-001259,FA-06,76800.0,OP-SHIFT_1-06,True
UNIT-001259,FA-07,76860.0,OP-SHIFT_1-06,True
UNIT-001259,FA-08,76920.0,OP-SHIFT_1-06,True
UNIT-001260,PT-05,76440.0,OP-SHIFT_1-01,True
UNIT-001260,FA-05,76800.0,OP-SHIFT_1-01,True
UNIT-001260,FA-06,76860.0,OP-SHIFT_1-01,True
UNIT-001260,FA-07,76920.0,OP-SHIFT_1-01,True
UNIT-001260,FA-08,76980.0,OP-SHIFT_1-01,True
UNIT-001261,PT-05,76500.0,OP-SHIFT_1-02,True
UNIT-001261,FA-05,76860.0,OP-SHIFT_1-02,True
UNIT-001261,FA-06,76920.0,OP-SHIFT_1-02,True
UNIT-001261,FA-07,76980.0,OP-SHIFT_1-02,True
UNIT-001261,FA-08,77040.0,OP-SHIFT_1-02,True
UNIT-001262,PT-05,76560.0,OP-SHIFT_1-03,True
UNIT-001262,FA-05,76920.0,OP-SHIFT_1-03,True
UNIT-001262,FA-06,76980.0,OP-SHIFT_1-03,True
UNIT-001262,FA-07,77040.0,OP-SHIFT_1-03,True
UNIT-001262,FA-08,77100.0,OP-SHIFT_1-03,True
UNIT-001263,PT-05,76620.0,OP-SHIFT_1-04,True
UNIT-001263,FA-05,76980.0,OP-SHIFT_1-04,True
UNIT-001263,FA-06,77040.0,OP-SHIFT_1-04,True
UNIT-001263,FA-07,77100.0,OP-SHIFT_1-04,True
UNIT-001263,FA-08,77160.0,OP-SHIFT_1-04,True
UNIT-001264,PT-05,76680.0,OP-SHIFT_1-05,True
UNIT-001264,FA-05,77040.0,OP-SHIFT_1-05,True
UNIT-001264,FA-06,77100.0,OP-SHIFT_1-05,True
UNIT-001264,FA-07,77160.0,OP-SHIFT_1-05,True
UNIT-001264,FA-08,77220.0,OP-SHIFT_1-05,True
UNIT-001265,PT-05,76740.0,OP-SHIFT_1-06,True
UNIT-001265,FA-05,77100.0,OP-SHIFT_1-06,True
UNIT-001265,FA-06,77160.0,OP-SHIFT_1-06,True
UNIT-001265,FA-07,77220.0,OP-SHIFT_1-06,True
UNIT-001265,FA-08,77280.0,OP-SHIFT_1-06,True
UNIT-001266,PT-05,76800.0,OP-SHIFT_1-01,True
UNIT-001266,FA-05,77160.0,OP-SHIFT_1-01,True
UNIT-001266,FA-06,77220.0,OP-SHIFT_1-01,True
UNIT-001266,FA-07,77280.0,OP-SHIFT_1-01,True
UNIT-001266,FA-08,77340.0,OP-SHIFT_1-01,True
UNIT-001267,PT-05,76860.0,OP-SHIFT_1-02,True
UNIT-001267,FA-05,77220.0,OP-SHIFT_1-02,True
UNIT-001267,FA-06,77280.0,OP-SHIFT_1-02,True
UNIT-001267,FA-07,77340.0,OP-SHIFT_1-02,True
UNIT-001267,FA-08,77400.0,OP-SHIFT_1-02,True
UNIT-001268,PT-05,76920.0,OP-SHIFT_1-03,True
UNIT-001268,FA-05,77280.0,OP-SHIFT_1-03,True
UNIT-001268,FA-06,77340.0,OP-SHIFT_1-03,True
UNIT-001268,FA-07,77400.0,OP-SHIFT_1-03,True
UNIT-001268,FA-08,77460.0,OP-SHIFT_1-03,True
UNIT-001269,PT-05,76980.0,OP-SHIFT_1-04,True
UNIT-001269,FA-05,77340.0,OP-SHIFT_1-04,True
UNIT-001269,FA-06,77400.0,OP-SHIFT_1-04,True
UNIT-001269,FA-07,77460.0,OP-SHIFT_1-04,True
UNIT-001269,FA-08,77520.0,OP-SHIFT_1-04,True
UNIT-001270,PT-05,77040.0,OP-SHIFT_1-05,True
UNIT-001270,FA-05,77400.0,OP-SHIFT_1-05,True
UNIT-001270,FA-06,77460.0,OP-SHIFT_1-05,True
UNIT-001270,FA-07,77520.0,OP-SHIFT_1-05,True
UNIT-001270,FA-08,77580.0,OP-SHIFT_1-05,True
UNIT-001271,PT-05,77100.0,OP-SHIFT_1-06,True
UNIT-001271,FA-05,77460.0,OP-SHIFT_1-06,True
UNIT-001271,FA-06,77520.0,OP-SHIFT_1-06,True
UNIT-001271,FA-07,77580.0,OP-SHIFT_1-06,True
UNIT-001271,FA-08,77640.0,OP-SHIFT_1-06,True
UNIT-001272,PT-05,77160.0,OP-SHIFT_1-01,True
UNIT-001272,FA-05,77520.0,OP-SHIFT_1-01,True
UNIT-001272,FA-06,77580.0,OP-SHIFT_1-01,True
UNIT-001272,FA-07,77640.0,OP-SHIFT_1-01,True
UNIT-001272,FA-08,77700.0,OP-SHIFT_1-01,True
UNIT-001273,PT-05,77220.0,OP-SHIFT_1-02,True
UNIT-001273,FA-05,77580.0,OP-SHIFT_1-02,True
UNIT-001273,FA-06,77640.0,OP-SHIFT_1-02,True
UNIT-001273,FA-07,77700.0,OP-SHIFT_1-02,True
UNIT-001273,FA-08,77760.0,OP-SHIFT_1-02,True
UNIT-001274,PT-05,77280.0,OP-SHIFT_1-03,True
UNIT-001274,FA-05,77640.0,OP-SHIFT_1-03,True
UNIT-001274,FA-06,77700.0,OP-SHIFT_1-03,True
UNIT-001274,FA-07,77760.0,OP-SHIFT_1-03,True
UNIT-001274,FA-08,77820.0,OP-SHIFT_1-03,True
UNIT-001275,PT-05,77340.0,OP-SHIFT_1-04,True
UNIT-001275,FA-05,77700.0,OP-SHIFT_1-04,True
UNIT-001275,FA-06,77760.0,OP-SHIFT_1-04,True
UNIT-001275,FA-07,77820.0,OP-SHIFT_1-04,True
UNIT-001275,FA-08,77880.0,OP-SHIFT_1-04,True
UNIT-001276,PT-05,77400.0,OP-SHIFT_1-05,True
UNIT-001276,FA-05,77760.0,OP-SHIFT_1-05,True
UNIT-001276,FA-06,77820.0,OP-SHIFT_1-05,True
UNIT-001276,FA-07,77880.0,OP-SHIFT_1-05,True
UNIT-001276,FA-08,77940.0,OP-SHIFT_1-05,True
UNIT-001277,PT-05,77460.0,OP-SHIFT_1-06,True
UNIT-001277,FA-05,77820.0,OP-SHIFT_1-06,True
UNIT-001277,FA-06,77880.0,OP-SHIFT_1-06,True
UNIT-001277,FA-07,77940.0,OP-SHIFT_1-06,True
UNIT-001277,FA-08,78000.0,OP-SHIFT_1-06,True
UNIT-001278,PT-05,77520.0,OP-SHIFT_1-01,True
UNIT-001278,FA-05,77880.0,OP-SHIFT_1-01,True
UNIT-001278,FA-06,77940.0,OP-SHIFT_1-01,True
UNIT-001278,FA-07,78000.0,OP-SHIFT_1-01,True
UNIT-001278,FA-08,78060.0,OP-SHIFT_1-01,True
UNIT-001279,PT-05,77580.0,OP-SHIFT_1-02,True
UNIT-001279,FA-05,77940.0,OP-SHIFT_1-02,True
UNIT-001279,FA-06,78000.0,OP-SHIFT_1-02,True
UNIT-001279,FA-07,78060.0,OP-SHIFT_1-02,True
UNIT-001279,FA-08,78120.0,OP-SHIFT_1-02,True
UNIT-001280,PT-05,77640.0,OP-SHIFT_1-03,True
UNIT-001280,FA-05,78000.0,OP-SHIFT_1-03,True
UNIT-001280,FA-06,78060.0,OP-SHIFT_1-03,True
UNIT-001280,FA-07,78120.0,OP-SHIFT_1-03,True
UNIT-001280,FA-08,78180.0,OP-SHIFT_1-03,True
UNIT-001281,PT-05,77700.0,OP-SHIFT_1-04,True
UNIT-001281,FA-05,78060.0,OP-SHIFT_1-04,True
UNIT-001281,FA-06,78120.0,OP-SHIFT_1-04,True
UNIT-001281,FA-07,78180.0,OP-SHIFT_1-04,True
UNIT-001281,FA-08,78240.0,OP-SHIFT_1-04,True
UNIT-001282,PT-05,77760.0,OP-SHIFT_1-05,True
UNIT-001282,FA-05,78120.0,OP-SHIFT_1-05,True
UNIT-001282,FA-06,78180.0,OP-SHIFT_1-05,True
UNIT-001282,FA-07,78240.0,OP-SHIFT_1-05,True
UNIT-001282,FA-08,78300.0,OP-SHIFT_1-05,True
UNIT-001283,PT-05,77820.0,OP-SHIFT_1-06,True
UNIT-001283,FA-05,78180.0,OP-SHIFT_1-06,True
UNIT-001283,FA-06,78240.0,OP-SHIFT_1-06,True
UNIT-001283,FA-07,78300.0,OP-SHIFT_1-06,True
UNIT-001283,FA-08,78360.0,OP-SHIFT_1-06,True
UNIT-001284,PT-05,77880.0,OP-SHIFT_1-01,True
UNIT-001284,FA-05,78240.0,OP-SHIFT_1-01,True
UNIT-001284,FA-06,78300.0,OP-SHIFT_1-01,True
UNIT-001284,FA-07,78360.0,OP-SHIFT_1-01,True
UNIT-001284,FA-08,78420.0,OP-SHIFT_1-01,True
UNIT-001285,PT-05,77940.0,OP-SHIFT_1-02,True
UNIT-001285,FA-05,78300.0,OP-SHIFT_1-02,True
UNIT-001285,FA-06,78360.0,OP-SHIFT_1-02,True
UNIT-001285,FA-07,78420.0,OP-SHIFT_1-02,True
UNIT-001285,FA-08,78480.0,OP-SHIFT_1-02,True
UNIT-001286,PT-05,78000.0,OP-SHIFT_1-03,True
UNIT-001286,FA-05,78360.0,OP-SHIFT_1-03,True
UNIT-001286,FA-06,78420.0,OP-SHIFT_1-03,True
UNIT-001286,FA-07,78480.0,OP-SHIFT_1-03,True
UNIT-001286,FA-08,78540.0,OP-SHIFT_1-03,True
UNIT-001287,PT-05,78060.0,OP-SHIFT_1-04,True
UNIT-001287,FA-05,78420.0,OP-SHIFT_1-04,True
UNIT-001287,FA-06,78480.0,OP-SHIFT_1-04,True
UNIT-001287,FA-07,78540.0,OP-SHIFT_1-04,True
UNIT-001287,FA-08,78600.0,OP-SHIFT_1-04,True
UNIT-001288,PT-05,78120.0,OP-SHIFT_1-05,True
UNIT-001288,FA-05,78480.0,OP-SHIFT_1-05,True
UNIT-001288,FA-06,78540.0,OP-SHIFT_1-05,True
UNIT-001288,FA-07,78600.0,OP-SHIFT_1-05,True
UNIT-001288,FA-08,78660.0,OP-SHIFT_1-05,True
UNIT-001289,PT-05,78180.0,OP-SHIFT_1-06,True
UNIT-001289,FA-05,78540.0,OP-SHIFT_1-06,True
UNIT-001289,FA-06,78600.0,OP-SHIFT_1-06,True
UNIT-001289,FA-07,78660.0,OP-SHIFT_1-06,True
UNIT-001289,FA-08,78720.0,OP-SHIFT_1-06,True
UNIT-001290,PT-05,78240.0,OP-SHIFT_1-01,True
UNIT-001290,FA-05,78600.0,OP-SHIFT_1-01,True
UNIT-001290,FA-06,78660.0,OP-SHIFT_1-01,True
UNIT-001290,FA-07,78720.0,OP-SHIFT_1-01,True
UNIT-001290,FA-08,78780.0,OP-SHIFT_1-01,True
UNIT-001291,PT-05,78300.0,OP-SHIFT_1-02,True
UNIT-001291,FA-05,78660.0,OP-SHIFT_1-02,True
UNIT-001291,FA-06,78720.0,OP-SHIFT_1-02,True
UNIT-001291,FA-07,78780.0,OP-SHIFT_1-02,True
UNIT-001291,FA-08,78840.0,OP-SHIFT_1-02,True
UNIT-001292,PT-05,78360.0,OP-SHIFT_1-03,True
UNIT-001292,FA-05,78720.0,OP-SHIFT_1-03,True
UNIT-001292,FA-06,78780.0,OP-SHIFT_1-03,True
UNIT-001292,FA-07,78840.0,OP-SHIFT_1-03,True
UNIT-001292,FA-08,78900.0,OP-SHIFT_1-03,True
UNIT-001293,PT-05,78420.0,OP-SHIFT_1-04,True
UNIT-001293,FA-05,78780.0,OP-SHIFT_1-04,True
UNIT-001293,FA-06,78840.0,OP-SHIFT_1-04,True
UNIT-001293,FA-07,78900.0,OP-SHIFT_1-04,True
UNIT-001293,FA-08,78960.0,OP-SHIFT_1-04,True
UNIT-001294,PT-05,78480.0,OP-SHIFT_1-05,True
UNIT-001294,FA-05,78840.0,OP-SHIFT_1-05,True
UNIT-001294,FA-06,78900.0,OP-SHIFT_1-05,True
UNIT-001294,FA-07,78960.0,OP-SHIFT_1-05,True
UNIT-001294,FA-08,79020.0,OP-SHIFT_1-05,True
UNIT-001295,PT-05,78540.0,OP-SHIFT_1-06,True
UNIT-001295,FA-05,78900.0,OP-SHIFT_1-06,True
UNIT-001295,FA-06,78960.0,OP-SHIFT_1-06,True
UNIT-001295,FA-07,79020.0,OP-SHIFT_1-06,True
UNIT-001295,FA-08,79080.0,OP-SHIFT_1-06,True
UNIT-001296,PT-05,78600.0,OP-SHIFT_1-01,True
UNIT-001296,FA-05,78960.0,OP-SHIFT_1-01,True
UNIT-001296,FA-06,79020.0,OP-SHIFT_1-01,True
UNIT-001296,FA-07,79080.0,OP-SHIFT_1-01,True
UNIT-001296,FA-08,79140.0,OP-SHIFT_1-01,True
UNIT-001297,PT-05,78660.0,OP-SHIFT_1-02,True
UNIT-001297,FA-05,79020.0,OP-SHIFT_1-02,True
UNIT-001297,FA-06,79080.0,OP-SHIFT_1-02,True
UNIT-001297,FA-07,79140.0,OP-SHIFT_1-02,True
UNIT-001297,FA-08,79200.0,OP-SHIFT_1-02,True
UNIT-001298,PT-05,78720.0,OP-SHIFT_1-03,True
UNIT-001298,FA-05,79080.0,OP-SHIFT_1-03,True
UNIT-001298,FA-06,79140.0,OP-SHIFT_1-03,True
UNIT-001298,FA-07,79200.0,OP-SHIFT_1-03,True
UNIT-001298,FA-08,79260.0,OP-SHIFT_1-03,True
UNIT-001299,PT-05,78780.0,OP-SHIFT_1-04,True
UNIT-001299,FA-05,79140.0,OP-SHIFT_1-04,True
UNIT-001299,FA-06,79200.0,OP-SHIFT_1-04,True
UNIT-001299,FA-07,79260.0,OP-SHIFT_1-04,True
UNIT-001299,FA-08,79320.0,OP-SHIFT_1-04,True
UNIT-001300,PT-05,78840.0,OP-SHIFT_1-05,True
UNIT-001300,FA-05,79200.0,OP-SHIFT_1-05,True
UNIT-001300,FA-06,79260.0,OP-SHIFT_1-05,True
UNIT-001300,FA-07,79320.0,OP-SHIFT_1-05,True
UNIT-001300,FA-08,79380.0,OP-SHIFT_1-05,True
UNIT-001301,PT-05,78900.0,OP-SHIFT_1-06,True
UNIT-001301,FA-05,79260.0,OP-SHIFT_1-06,True
UNIT-001301,FA-06,79320.0,OP-SHIFT_1-06,True
UNIT-001301,FA-07,79380.0,OP-SHIFT_1-06,True
UNIT-001301,FA-08,79440.0,OP-SHIFT_1-06,True
UNIT-001302,PT-05,78960.0,OP-SHIFT_1-01,True
UNIT-001302,FA-05,79320.0,OP-SHIFT_1-01,True
UNIT-001302,FA-06,79380.0,OP-SHIFT_1-01,True
UNIT-001302,FA-07,79440.0,OP-SHIFT_1-01,True
UNIT-001302,FA-08,79500.0,OP-SHIFT_1-01,True
UNIT-001303,PT-05,79020.0,OP-SHIFT_1-02,True
UNIT-001303,FA-05,79380.0,OP-SHIFT_1-02,True
UNIT-001303,FA-06,79440.0,OP-SHIFT_1-02,True
UNIT-001303,FA-07,79500.0,OP-SHIFT_1-02,True
UNIT-001303,FA-08,79560.0,OP-SHIFT_1-02,True
UNIT-001304,PT-05,79080.0,OP-SHIFT_1-03,True
UNIT-001304,FA-05,79440.0,OP-SHIFT_1-03,True
UNIT-001304,FA-06,79500.0,OP-SHIFT_1-03,True
UNIT-001304,FA-07,79560.0,OP-SHIFT_1-03,True
UNIT-001304,FA-08,79620.0,OP-SHIFT_1-03,True
UNIT-001305,PT-05,79140.0,OP-SHIFT_1-04,True
UNIT-001305,FA-05,79500.0,OP-SHIFT_1-04,True
UNIT-001305,FA-06,79560.0,OP-SHIFT_1-04,True
UNIT-001305,FA-07,79620.0,OP-SHIFT_1-04,True
UNIT-001305,FA-08,79680.0,OP-SHIFT_1-04,True
UNIT-001306,PT-05,79200.0,OP-SHIFT_1-05,True
UNIT-001306,FA-05,79560.0,OP-SHIFT_1-05,True
UNIT-001306,FA-06,79620.0,OP-SHIFT_1-05,True
UNIT-001306,FA-07,79680.0,OP-SHIFT_1-05,True
UNIT-001306,FA-08,79740.0,OP-SHIFT_1-05,True
UNIT-001307,PT-05,79260.0,OP-SHIFT_1-06,True
UNIT-001307,FA-05,79620.0,OP-SHIFT_1-06,True
UNIT-001307,FA-06,79680.0,OP-SHIFT_1-06,True
UNIT-001307,FA-07,79740.0,OP-SHIFT_1-06,True
UNIT-001307,FA-08,79800.0,OP-SHIFT_1-06,True
UNIT-001308,PT-05,79320.0,OP-SHIFT_1-01,True
UNIT-001308,FA-05,79680.0,OP-SHIFT_1-01,True
UNIT-001308,FA-06,79740.0,OP-SHIFT_1-01,True
UNIT-001308,FA-07,79800.0,OP-SHIFT_1-01,True
UNIT-001308,FA-08,79860.0,OP-SHIFT_1-01,True
UNIT-001309,PT-05,79380.0,OP-SHIFT_1-02,True
UNIT-001309,FA-05,79740.0,OP-SHIFT_1-02,True
UNIT-001309,FA-06,79800.0,OP-SHIFT_1-02,True
UNIT-001309,FA-07,79860.0,OP-SHIFT_1-02,True
UNIT-001309,FA-08,79920.0,OP-SHIFT_1-02,True
UNIT-001310,PT-05,79440.0,OP-SHIFT_1-03,True
UNIT-001310,FA-05,79800.0,OP-SHIFT_1-03,True
UNIT-001310,FA-06,79860.0,OP-SHIFT_1-03,True
UNIT-001310,FA-07,79920.0,OP-SHIFT_1-03,True
UNIT-001310,FA-08,79980.0,OP-SHIFT_1-03,True
UNIT-001311,PT-05,79500.0,OP-SHIFT_1-04,True
UNIT-001311,FA-05,79860.0,OP-SHIFT_1-04,True
UNIT-001311,FA-06,79920.0,OP-SHIFT_1-04,True
UNIT-001311,FA-07,79980.0,OP-SHIFT_1-04,True
UNIT-001311,FA-08,80040.0,OP-SHIFT_1-04,True
UNIT-001312,PT-05,79560.0,OP-SHIFT_1-05,True
UNIT-001312,FA-05,79920.0,OP-SHIFT_1-05,True
UNIT-001312,FA-06,79980.0,OP-SHIFT_1-05,True
UNIT-001312,FA-07,80040.0,OP-SHIFT_1-05,True
UNIT-001312,FA-08,80100.0,OP-SHIFT_1-05,True
UNIT-001313,PT-05,79620.0,OP-SHIFT_1-06,True
UNIT-001313,FA-05,79980.0,OP-SHIFT_1-06,True
UNIT-001313,FA-06,80040.0,OP-SHIFT_1-06,True
UNIT-001313,FA-07,80100.0,OP-SHIFT_1-06,True
UNIT-001313,FA-08,80160.0,OP-SHIFT_1-06,True
UNIT-001314,PT-05,79680.0,OP-SHIFT_1-01,True
UNIT-001314,FA-05,80040.0,OP-SHIFT_1-01,True
UNIT-001314,FA-06,80100.0,OP-SHIFT_1-01,True
UNIT-001314,FA-07,80160.0,OP-SHIFT_1-01,True
UNIT-001314,FA-08,80220.0,OP-SHIFT_1-01,True
UNIT-001315,PT-05,79740.0,OP-SHIFT_1-02,True
UNIT-001315,FA-05,80100.0,OP-SHIFT_1-02,True
UNIT-001315,FA-06,80160.0,OP-SHIFT_1-02,True
UNIT-001315,FA-07,80220.0,OP-SHIFT_1-02,True
UNIT-001315,FA-08,80280.0,OP-SHIFT_1-02,True
UNIT-001316,PT-05,79800.0,OP-SHIFT_1-03,True
UNIT-001316,FA-05,80160.0,OP-SHIFT_1-03,True
UNIT-001316,FA-06,80220.0,OP-SHIFT_1-03,True
UNIT-001316,FA-07,80280.0,OP-SHIFT_1-03,True
UNIT-001316,FA-08,80340.0,OP-SHIFT_1-03,True
UNIT-001317,PT-05,79860.0,OP-SHIFT_1-04,True
UNIT-001317,FA-05,80220.0,OP-SHIFT_1-04,True
UNIT-001317,FA-06,80280.0,OP-SHIFT_1-04,True
UNIT-001317,FA-07,80340.0,OP-SHIFT_1-04,True
UNIT-001317,FA-08,80400.0,OP-SHIFT_1-04,True
UNIT-001318,PT-05,79920.0,OP-SHIFT_1-05,True
UNIT-001318,FA-05,80280.0,OP-SHIFT_1-05,True
UNIT-001318,FA-06,80340.0,OP-SHIFT_1-05,True
UNIT-001318,FA-07,80400.0,OP-SHIFT_1-05,True
UNIT-001318,FA-08,80460.0,OP-SHIFT_1-05,True
UNIT-001319,PT-05,79980.0,OP-SHIFT_1-06,True
UNIT-001319,FA-05,80340.0,OP-SHIFT_1-06,True
UNIT-001319,FA-06,80400.0,OP-SHIFT_1-06,True
UNIT-001319,FA-07,80460.0,OP-SHIFT_1-06,True
UNIT-001319,FA-08,80520.0,OP-SHIFT_1-06,True
UNIT-001320,PT-05,80040.0,OP-SHIFT_1-01,True
UNIT-001320,FA-05,80400.0,OP-SHIFT_1-01,True
UNIT-001320,FA-06,80460.0,OP-SHIFT_1-01,True
UNIT-001320,FA-07,80520.0,OP-SHIFT_1-01,True
UNIT-001320,FA-08,80580.0,OP-SHIFT_1-01,True
UNIT-001321,PT-05,80100.0,OP-SHIFT_1-02,True
UNIT-001321,FA-05,80460.0,OP-SHIFT_1-02,True
UNIT-001321,FA-06,80520.0,OP-SHIFT_1-02,True
UNIT-001321,FA-07,80580.0,OP-SHIFT_1-02,True
UNIT-001321,FA-08,80640.0,OP-SHIFT_1-02,True
UNIT-001322,PT-05,80160.0,OP-SHIFT_1-03,True
UNIT-001322,FA-05,80520.0,OP-SHIFT_1-03,True
UNIT-001322,FA-06,80580.0,OP-SHIFT_1-03,True
UNIT-001322,FA-07,80640.0,OP-SHIFT_1-03,True
UNIT-001322,FA-08,80700.0,OP-SHIFT_1-03,True
UNIT-001323,PT-05,80220.0,OP-SHIFT_1-04,True
UNIT-001323,FA-05,80580.0,OP-SHIFT_1-04,True
UNIT-001323,FA-06,80640.0,OP-SHIFT_1-04,True
UNIT-001323,FA-07,80700.0,OP-SHIFT_1-04,True
UNIT-001323,FA-08,80760.0,OP-SHIFT_1-04,True
UNIT-001324,PT-05,80280.0,OP-SHIFT_1-05,True
UNIT-001324,FA-05,80640.0,OP-SHIFT_1-05,True
UNIT-001324,FA-06,80700.0,OP-SHIFT_1-05,True
UNIT-001324,FA-07,80760.0,OP-SHIFT_1-05,True
UNIT-001324,FA-08,80820.0,OP-SHIFT_1-05,True
UNIT-001325,PT-05,80340.0,OP-SHIFT_1-06,True
UNIT-001325,FA-05,80700.0,OP-SHIFT_1-06,True
UNIT-001325,FA-06,80760.0,OP-SHIFT_1-06,True
UNIT-001325,FA-07,80820.0,OP-SHIFT_1-06,True
UNIT-001325,FA-08,80880.0,OP-SHIFT_1-06,True
UNIT-001326,PT-05,80400.0,OP-SHIFT_1-01,True
UNIT-001326,FA-05,80760.0,OP-SHIFT_1-01,True
UNIT-001326,FA-06,80820.0,OP-SHIFT_1-01,True
UNIT-001326,FA-07,80880.0,OP-SHIFT_1-01,True
UNIT-001326,FA-08,80940.0,OP-SHIFT_1-01,True
UNIT-001327,PT-05,80460.0,OP-SHIFT_1-02,True
UNIT-001327,FA-05,80820.0,OP-SHIFT_1-02,True
UNIT-001327,FA-06,80880.0,OP-SHIFT_1-02,True
UNIT-001327,FA-07,80940.0,OP-SHIFT_1-02,True
UNIT-001327,FA-08,81000.0,OP-SHIFT_1-02,True
UNIT-001328,PT-05,80520.0,OP-SHIFT_1-03,True
UNIT-001328,FA-05,80880.0,OP-SHIFT_1-03,True
UNIT-001328,FA-06,80940.0,OP-SHIFT_1-03,True
UNIT-001328,FA-07,81000.0,OP-SHIFT_1-03,True
UNIT-001328,FA-08,81060.0,OP-SHIFT_1-03,True
UNIT-001329,PT-05,80580.0,OP-SHIFT_1-04,True
UNIT-001329,FA-05,80940.0,OP-SHIFT_1-04,True
UNIT-001329,FA-06,81000.0,OP-SHIFT_1-04,True
UNIT-001329,FA-07,81060.0,OP-SHIFT_1-04,True
UNIT-001329,FA-08,81120.0,OP-SHIFT_1-04,True
UNIT-001330,PT-05,80640.0,OP-SHIFT_1-05,True
UNIT-001330,FA-05,81000.0,OP-SHIFT_1-05,True
UNIT-001330,FA-06,81060.0,OP-SHIFT_1-05,True
UNIT-001330,FA-07,81120.0,OP-SHIFT_1-05,True
UNIT-001330,FA-08,81180.0,OP-SHIFT_1-05,True
UNIT-001331,PT-05,80700.0,OP-SHIFT_1-06,True
UNIT-001331,FA-05,81060.0,OP-SHIFT_1-06,True
UNIT-001331,FA-06,81120.0,OP-SHIFT_1-06,True
UNIT-001331,FA-07,81180.0,OP-SHIFT_1-06,True
UNIT-001331,FA-08,81240.0,OP-SHIFT_1-06,True
UNIT-001332,PT-05,80760.0,OP-SHIFT_1-01,True
UNIT-001332,FA-05,81120.0,OP-SHIFT_1-01,True
UNIT-001332,FA-06,81180.0,OP-SHIFT_1-01,True
UNIT-001332,FA-07,81240.0,OP-SHIFT_1-01,True
UNIT-001332,FA-08,81300.0,OP-SHIFT_1-01,True
UNIT-001333,PT-05,80820.0,OP-SHIFT_1-02,True
UNIT-001333,FA-05,81180.0,OP-SHIFT_1-02,True
UNIT-001333,FA-06,81240.0,OP-SHIFT_1-02,True
UNIT-001333,FA-07,81300.0,OP-SHIFT_1-02,True
UNIT-001333,FA-08,81360.0,OP-SHIFT_1-02,True
UNIT-001334,PT-05,80880.0,OP-SHIFT_1-03,True
UNIT-001334,FA-05,81240.0,OP-SHIFT_1-03,True
UNIT-001334,FA-06,81300.0,OP-SHIFT_1-03,True
UNIT-001334,FA-07,81360.0,OP-SHIFT_1-03,True
UNIT-001334,FA-08,81420.0,OP-SHIFT_1-03,True
UNIT-001335,PT-05,80940.0,OP-SHIFT_1-04,True
UNIT-001335,FA-05,81300.0,OP-SHIFT_1-04,True
UNIT-001335,FA-06,81360.0,OP-SHIFT_1-04,True
UNIT-001335,FA-07,81420.0,OP-SHIFT_1-04,True
UNIT-001335,FA-08,81480.0,OP-SHIFT_1-04,True
UNIT-001336,PT-05,81000.0,OP-SHIFT_1-05,True
UNIT-001336,FA-05,81360.0,OP-SHIFT_1-05,True
UNIT-001336,FA-06,81420.0,OP-SHIFT_1-05,True
UNIT-001336,FA-07,81480.0,OP-SHIFT_1-05,True
UNIT-001336,FA-08,81540.0,OP-SHIFT_1-05,True
UNIT-001337,PT-05,81060.0,OP-SHIFT_1-06,True
UNIT-001337,FA-05,81420.0,OP-SHIFT_1-06,True
UNIT-001337,FA-06,81480.0,OP-SHIFT_1-06,True
UNIT-001337,FA-07,81540.0,OP-SHIFT_1-06,True
UNIT-001337,FA-08,81600.0,OP-SHIFT_1-06,True
UNIT-001338,PT-05,81120.0,OP-SHIFT_1-01,True
UNIT-001338,FA-05,81480.0,OP-SHIFT_1-01,True
UNIT-001338,FA-06,81540.0,OP-SHIFT_1-01,True
UNIT-001338,FA-07,81600.0,OP-SHIFT_1-01,True
UNIT-001338,FA-08,81660.0,OP-SHIFT_1-01,True
UNIT-001339,PT-05,81180.0,OP-SHIFT_1-02,True
UNIT-001339,FA-05,81540.0,OP-SHIFT_1-02,True
UNIT-001339,FA-06,81600.0,OP-SHIFT_1-02,True
UNIT-001339,FA-07,81660.0,OP-SHIFT_1-02,True
UNIT-001339,FA-08,81720.0,OP-SHIFT_1-02,True
UNIT-001340,PT-05,81240.0,OP-SHIFT_1-03,True
UNIT-001340,FA-05,81600.0,OP-SHIFT_1-03,True
UNIT-001340,FA-06,81660.0,OP-SHIFT_1-03,True
UNIT-001340,FA-07,81720.0,OP-SHIFT_1-03,True
UNIT-001340,FA-08,81780.0,OP-SHIFT_1-03,True
UNIT-001341,PT-05,81300.0,OP-SHIFT_1-04,True
UNIT-001341,FA-05,81660.0,OP-SHIFT_1-04,True
UNIT-001341,FA-06,81720.0,OP-SHIFT_1-04,True
UNIT-001341,FA-07,81780.0,OP-SHIFT_1-04,True
UNIT-001341,FA-08,81840.0,OP-SHIFT_1-04,True
UNIT-001342,PT-05,81360.0,OP-SHIFT_1-05,True
UNIT-001342,FA-05,81720.0,OP-SHIFT_1-05,True
UNIT-001342,FA-06,81780.0,OP-SHIFT_1-05,True
UNIT-001342,FA-07,81840.0,OP-SHIFT_1-05,True
UNIT-001342,FA-08,81900.0,OP-SHIFT_1-05,True
UNIT-001343,PT-05,81420.0,OP-SHIFT_1-06,True
UNIT-001343,FA-05,81780.0,OP-SHIFT_1-06,True
UNIT-001343,FA-06,81840.0,OP-SHIFT_1-06,True
UNIT-001343,FA-07,81900.0,OP-SHIFT_1-06,True
UNIT-001343,FA-08,81960.0,OP-SHIFT_1-06,True
UNIT-001344,PT-05,81480.0,OP-SHIFT_1-01,True
UNIT-001344,FA-05,81840.0,OP-SHIFT_1-01,True
UNIT-001344,FA-06,81900.0,OP-SHIFT_1-01,True
UNIT-001344,FA-07,81960.0,OP-SHIFT_1-01,True
UNIT-001344,FA-08,82020.0,OP-SHIFT_1-01,True
UNIT-001345,PT-05,81540.0,OP-SHIFT_1-02,True
UNIT-001345,FA-05,81900.0,OP-SHIFT_1-02,True
UNIT-001345,FA-06,81960.0,OP-SHIFT_1-02,True
UNIT-001345,FA-07,82020.0,OP-SHIFT_1-02,True
UNIT-001345,FA-08,82080.0,OP-SHIFT_1-02,True
UNIT-001346,PT-05,81600.0,OP-SHIFT_1-03,True
UNIT-001346,FA-05,81960.0,OP-SHIFT_1-03,True
UNIT-001346,FA-06,82020.0,OP-SHIFT_1-03,True
UNIT-001346,FA-07,82080.0,OP-SHIFT_1-03,True
UNIT-001346,FA-08,82140.0,OP-SHIFT_1-03,True
UNIT-001347,PT-05,81660.0,OP-SHIFT_1-04,True
UNIT-001347,FA-05,82020.0,OP-SHIFT_1-04,True
UNIT-001347,FA-06,82080.0,OP-SHIFT_1-04,True
UNIT-001347,FA-07,82140.0,OP-SHIFT_1-04,True
UNIT-001347,FA-08,82200.0,OP-SHIFT_1-04,True
UNIT-001348,PT-05,81720.0,OP-SHIFT_1-05,True
UNIT-001348,FA-05,82080.0,OP-SHIFT_1-05,True
UNIT-001348,FA-06,82140.0,OP-SHIFT_1-05,True
UNIT-001348,FA-07,82200.0,OP-SHIFT_1-05,True
UNIT-001348,FA-08,82260.0,OP-SHIFT_1-05,True
UNIT-001349,PT-05,81780.0,OP-SHIFT_1-06,True
UNIT-001349,FA-05,82140.0,OP-SHIFT_1-06,True
UNIT-001349,FA-06,82200.0,OP-SHIFT_1-06,True
UNIT-001349,FA-07,82260.0,OP-SHIFT_1-06,True
UNIT-001349,FA-08,82320.0,OP-SHIFT_1-06,True
UNIT-001350,PT-05,81840.0,OP-SHIFT_1-01,True
UNIT-001350,FA-05,82200.0,OP-SHIFT_1-01,True
UNIT-001350,FA-06,82260.0,OP-SHIFT_1-01,True
UNIT-001350,FA-07,82320.0,OP-SHIFT_1-01,True
UNIT-001350,FA-08,82380.0,OP-SHIFT_1-01,True
UNIT-001351,PT-05,81900.0,OP-SHIFT_1-02,True
UNIT-001351,FA-05,82260.0,OP-SHIFT_1-02,True
UNIT-001351,FA-06,82320.0,OP-SHIFT_1-02,True
UNIT-001351,FA-07,82380.0,OP-SHIFT_1-02,True
UNIT-001351,FA-08,82440.0,OP-SHIFT_1-02,True
UNIT-001352,PT-05,81960.0,OP-SHIFT_1-03,True
UNIT-001352,FA-05,82320.0,OP-SHIFT_1-03,True
UNIT-001352,FA-06,82380.0,OP-SHIFT_1-03,True
UNIT-001352,FA-07,82440.0,OP-SHIFT_1-03,True
UNIT-001352,FA-08,82500.0,OP-SHIFT_1-03,True
UNIT-001353,PT-05,82020.0,OP-SHIFT_1-04,True
UNIT-001353,FA-05,82380.0,OP-SHIFT_1-04,True
UNIT-001353,FA-06,82440.0,OP-SHIFT_1-04,True
UNIT-001353,FA-07,82500.0,OP-SHIFT_1-04,True
UNIT-001353,FA-08,82560.0,OP-SHIFT_1-04,True
UNIT-001354,PT-05,82080.0,OP-SHIFT_1-05,True
UNIT-001354,FA-05,82440.0,OP-SHIFT_1-05,True
UNIT-001354,FA-06,82500.0,OP-SHIFT_1-05,True
UNIT-001354,FA-07,82560.0,OP-SHIFT_1-05,True
UNIT-001354,FA-08,82620.0,OP-SHIFT_1-05,True
UNIT-001355,PT-05,82140.0,OP-SHIFT_1-06,True
UNIT-001355,FA-05,82500.0,OP-SHIFT_1-06,True
UNIT-001355,FA-06,82560.0,OP-SHIFT_1-06,True
UNIT-001355,FA-07,82620.0,OP-SHIFT_1-06,True
UNIT-001355,FA-08,82680.0,OP-SHIFT_1-06,True
UNIT-001356,PT-05,82200.0,OP-SHIFT_1-01,True
UNIT-001356,FA-05,82560.0,OP-SHIFT_1-01,True
UNIT-001356,FA-06,82620.0,OP-SHIFT_1-01,True
UNIT-001356,FA-07,82680.0,OP-SHIFT_1-01,True
UNIT-001356,FA-08,82740.0,OP-SHIFT_1-01,True
UNIT-001357,PT-05,82260.0,OP-SHIFT_1-02,True
UNIT-001357,FA-05,82620.0,OP-SHIFT_1-02,True
UNIT-001357,FA-06,82680.0,OP-SHIFT_1-02,True
UNIT-001357,FA-07,82740.0,OP-SHIFT_1-02,True
UNIT-001357,FA-08,82800.0,OP-SHIFT_1-02,True
UNIT-001358,PT-05,82320.0,OP-SHIFT_1-03,True
UNIT-001358,FA-05,82680.0,OP-SHIFT_1-03,True
UNIT-001358,FA-06,82740.0,OP-SHIFT_1-03,True
UNIT-001358,FA-07,82800.0,OP-SHIFT_1-03,True
UNIT-001358,FA-08,82860.0,OP-SHIFT_1-03,True
UNIT-001359,PT-05,82380.0,OP-SHIFT_1-04,True
UNIT-001359,FA-05,82740.0,OP-SHIFT_1-04,True
UNIT-001359,FA-06,82800.0,OP-SHIFT_1-04,True
UNIT-001359,FA-07,82860.0,OP-SHIFT_1-04,True
UNIT-001359,FA-08,82920.0,OP-SHIFT_1-04,True
UNIT-001360,PT-05,82440.0,OP-SHIFT_1-05,True
UNIT-001360,FA-05,82800.0,OP-SHIFT_1-05,True
UNIT-001360,FA-06,82860.0,OP-SHIFT_1-05,True
UNIT-001360,FA-07,82920.0,OP-SHIFT_1-05,True
UNIT-001360,FA-08,82980.0,OP-SHIFT_1-05,True
UNIT-001361,PT-05,82500.0,OP-SHIFT_1-06,True
UNIT-001361,FA-05,82860.0,OP-SHIFT_1-06,True
UNIT-001361,FA-06,82920.0,OP-SHIFT_1-06,True
UNIT-001361,FA-07,82980.0,OP-SHIFT_1-06,True
UNIT-001361,FA-08,83040.0,OP-SHIFT_1-06,True
UNIT-001362,PT-05,82560.0,OP-SHIFT_1-01,True
UNIT-001362,FA-05,82920.0,OP-SHIFT_1-01,True
UNIT-001362,FA-06,82980.0,OP-SHIFT_1-01,True
UNIT-001362,FA-07,83040.0,OP-SHIFT_1-01,True
UNIT-001362,FA-08,83100.0,OP-SHIFT_1-01,True
UNIT-001363,PT-05,82620.0,OP-SHIFT_1-02,True
UNIT-001363,FA-05,82980.0,OP-SHIFT_1-02,True
UNIT-001363,FA-06,83040.0,OP-SHIFT_1-02,True
UNIT-001363,FA-07,83100.0,OP-SHIFT_1-02,True
UNIT-001363,FA-08,83160.0,OP-SHIFT_1-02,True
UNIT-001364,PT-05,82680.0,OP-SHIFT_1-03,True
UNIT-001364,FA-05,83040.0,OP-SHIFT_1-03,True
UNIT-001364,FA-06,83100.0,OP-SHIFT_1-03,True
UNIT-001364,FA-07,83160.0,OP-SHIFT_1-03,True
UNIT-001364,FA-08,83220.0,OP-SHIFT_1-03,True
UNIT-001365,PT-05,82740.0,OP-SHIFT_1-04,True
UNIT-001365,FA-05,83100.0,OP-SHIFT_1-04,True
UNIT-001365,FA-06,83160.0,OP-SHIFT_1-04,True
UNIT-001365,FA-07,83220.0,OP-SHIFT_1-04,True
UNIT-001365,FA-08,83280.0,OP-SHIFT_1-04,True
UNIT-001366,PT-05,82800.0,OP-SHIFT_1-05,True
UNIT-001366,FA-05,83160.0,OP-SHIFT_1-05,True
UNIT-001366,FA-06,83220.0,OP-SHIFT_1-05,True
UNIT-001366,FA-07,83280.0,OP-SHIFT_1-05,True
UNIT-001366,FA-08,83340.0,OP-SHIFT_1-05,True
UNIT-001367,PT-05,82860.0,OP-SHIFT_1-06,True
UNIT-001367,FA-05,83220.0,OP-SHIFT_1-06,True
UNIT-001367,FA-06,83280.0,OP-SHIFT_1-06,True
UNIT-001367,FA-07,83340.0,OP-SHIFT_1-06,True
UNIT-001367,FA-08,83400.0,OP-SHIFT_1-06,True
UNIT-001368,PT-05,82920.0,OP-SHIFT_1-01,True
UNIT-001368,FA-05,83280.0,OP-SHIFT_1-01,True
UNIT-001368,FA-06,83340.0,OP-SHIFT_1-01,True
UNIT-001368,FA-07,83400.0,OP-SHIFT_1-01,True
UNIT-001368,FA-08,83460.0,OP-SHIFT_1-01,True
UNIT-001369,PT-05,82980.0,OP-SHIFT_1-02,True
UNIT-001369,FA-05,83340.0,OP-SHIFT_1-02,True
UNIT-001369,FA-06,83400.0,OP-SHIFT_1-02,True
UNIT-001369,FA-07,83460.0,OP-SHIFT_1-02,True
UNIT-001369,FA-08,83520.0,OP-SHIFT_1-02,True
UNIT-001370,PT-05,83040.0,OP-SHIFT_1-03,True
UNIT-001370,FA-05,83400.0,OP-SHIFT_1-03,True
UNIT-001370,FA-06,83460.0,OP-SHIFT_1-03,True
UNIT-001370,FA-07,83520.0,OP-SHIFT_1-03,True
UNIT-001370,FA-08,83580.0,OP-SHIFT_1-03,True
UNIT-001371,PT-05,83100.0,OP-SHIFT_1-04,True
UNIT-001371,FA-05,83460.0,OP-SHIFT_1-04,False
UNIT-001371,FA-06,83520.0,OP-SHIFT_1-04,True
UNIT-001371,FA-07,83580.0,OP-SHIFT_1-04,True
UNIT-001371,FA-08,83640.0,OP-SHIFT_1-04,True
UNIT-001372,PT-05,83160.0,OP-SHIFT_1-05,True
UNIT-001372,FA-05,83520.0,OP-SHIFT_1-05,True
UNIT-001372,FA-06,83580.0,OP-SHIFT_1-05,True
UNIT-001372,FA-07,83640.0,OP-SHIFT_1-05,True
UNIT-001372,FA-08,83700.0,OP-SHIFT_1-05,True
UNIT-001373,PT-05,83220.0,OP-SHIFT_1-06,True
UNIT-001373,FA-05,83580.0,OP-SHIFT_1-06,True
UNIT-001373,FA-06,83640.0,OP-SHIFT_1-06,True
UNIT-001373,FA-07,83700.0,OP-SHIFT_1-06,True
UNIT-001373,FA-08,83760.0,OP-SHIFT_1-06,True
UNIT-001374,PT-05,83280.0,OP-SHIFT_1-01,True
UNIT-001374,FA-05,83640.0,OP-SHIFT_1-01,True
UNIT-001374,FA-06,83700.0,OP-SHIFT_1-01,True
UNIT-001374,FA-07,83760.0,OP-SHIFT_1-01,True
UNIT-001374,FA-08,83820.0,OP-SHIFT_1-01,True
UNIT-001375,PT-05,83340.0,OP-SHIFT_1-02,True
UNIT-001375,FA-05,83700.0,OP-SHIFT_1-02,True
UNIT-001375,FA-06,83760.0,OP-SHIFT_1-02,True
UNIT-001375,FA-07,83820.0,OP-SHIFT_1-02,True
UNIT-001375,FA-08,83880.0,OP-SHIFT_1-02,True
UNIT-001376,PT-05,83400.0,OP-SHIFT_1-03,True
UNIT-001376,FA-05,83760.0,OP-SHIFT_1-03,True
UNIT-001376,FA-06,83820.0,OP-SHIFT_1-03,True
UNIT-001376,FA-07,83880.0,OP-SHIFT_1-03,True
UNIT-001376,FA-08,83940.0,OP-SHIFT_1-03,True
UNIT-001377,PT-05,83460.0,OP-SHIFT_1-04,True
UNIT-001377,FA-05,83820.0,OP-SHIFT_1-04,True
UNIT-001377,FA-06,83880.0,OP-SHIFT_1-04,True
UNIT-001377,FA-07,83940.0,OP-SHIFT_1-04,True
UNIT-001377,FA-08,84000.0,OP-SHIFT_1-04,True
UNIT-001378,PT-05,83520.0,OP-SHIFT_1-05,True
UNIT-001378,FA-05,83880.0,OP-SHIFT_1-05,True
UNIT-001378,FA-06,83940.0,OP-SHIFT_1-05,True
UNIT-001378,FA-07,84000.0,OP-SHIFT_1-05,True
UNIT-001378,FA-08,84060.0,OP-SHIFT_1-05,True
UNIT-001379,PT-05,83580.0,OP-SHIFT_1-06,True
UNIT-001379,FA-05,83940.0,OP-SHIFT_1-06,True
UNIT-001379,FA-06,84000.0,OP-SHIFT_1-06,True
UNIT-001379,FA-07,84060.0,OP-SHIFT_1-06,True
UNIT-001379,FA-08,84120.0,OP-SHIFT_1-06,True
UNIT-001380,PT-05,83640.0,OP-SHIFT_1-01,True
UNIT-001380,FA-05,84000.0,OP-SHIFT_1-01,True
UNIT-001380,FA-06,84060.0,OP-SHIFT_1-01,True
UNIT-001380,FA-07,84120.0,OP-SHIFT_1-01,True
UNIT-001380,FA-08,84180.0,OP-SHIFT_1-01,True
UNIT-001381,PT-05,83700.0,OP-SHIFT_1-02,True
UNIT-001381,FA-05,84060.0,OP-SHIFT_1-02,True
UNIT-001381,FA-06,84120.0,OP-SHIFT_1-02,True
UNIT-001381,FA-07,84180.0,OP-SHIFT_1-02,True
UNIT-001381,FA-08,84240.0,OP-SHIFT_1-02,True
UNIT-001382,PT-05,83760.0,OP-SHIFT_1-03,True
UNIT-001382,FA-05,84120.0,OP-SHIFT_1-03,True
UNIT-001382,FA-06,84180.0,OP-SHIFT_1-03,True
UNIT-001382,FA-07,84240.0,OP-SHIFT_1-03,True
UNIT-001382,FA-08,84300.0,OP-SHIFT_1-03,True
UNIT-001383,PT-05,83820.0,OP-SHIFT_1-04,True
UNIT-001383,FA-05,84180.0,OP-SHIFT_1-04,False
UNIT-001383,FA-06,84240.0,OP-SHIFT_1-04,True
UNIT-001383,FA-07,84300.0,OP-SHIFT_1-04,True
UNIT-001383,FA-08,84360.0,OP-SHIFT_1-04,True
UNIT-001384,PT-05,83880.0,OP-SHIFT_1-05,True
UNIT-001384,FA-05,84240.0,OP-SHIFT_1-05,True
UNIT-001384,FA-06,84300.0,OP-SHIFT_1-05,True
UNIT-001384,FA-07,84360.0,OP-SHIFT_1-05,True
UNIT-001384,FA-08,84420.0,OP-SHIFT_1-05,True
UNIT-001385,PT-05,83940.0,OP-SHIFT_1-06,True
UNIT-001385,FA-05,84300.0,OP-SHIFT_1-06,True
UNIT-001385,FA-06,84360.0,OP-SHIFT_1-06,True
UNIT-001385,FA-07,84420.0,OP-SHIFT_1-06,True
UNIT-001385,FA-08,84480.0,OP-SHIFT_1-06,True
UNIT-001386,PT-05,84000.0,OP-SHIFT_1-01,True
UNIT-001386,FA-05,84360.0,OP-SHIFT_1-01,True
UNIT-001386,FA-06,84420.0,OP-SHIFT_1-01,True
UNIT-001386,FA-07,84480.0,OP-SHIFT_1-01,True
UNIT-001386,FA-08,84540.0,OP-SHIFT_1-01,True
UNIT-001387,PT-05,84060.0,OP-SHIFT_1-02,True
UNIT-001387,FA-05,84420.0,OP-SHIFT_1-02,True
UNIT-001387,FA-06,84480.0,OP-SHIFT_1-02,True
UNIT-001387,FA-07,84540.0,OP-SHIFT_1-02,True
UNIT-001387,FA-08,84600.0,OP-SHIFT_1-02,True
UNIT-001388,PT-05,84120.0,OP-SHIFT_1-03,True
UNIT-001388,FA-05,84480.0,OP-SHIFT_1-03,True
UNIT-001388,FA-06,84540.0,OP-SHIFT_1-03,True
UNIT-001388,FA-07,84600.0,OP-SHIFT_1-03,True
UNIT-001388,FA-08,84660.0,OP-SHIFT_1-03,True
UNIT-001389,PT-05,84180.0,OP-SHIFT_1-04,True
UNIT-001389,FA-05,84540.0,OP-SHIFT_1-04,True
UNIT-001389,FA-06,84600.0,OP-SHIFT_1-04,True
UNIT-001389,FA-07,84660.0,OP-SHIFT_1-04,True
UNIT-001389,FA-08,84720.0,OP-SHIFT_1-04,True
UNIT-001390,PT-05,84240.0,OP-SHIFT_1-05,True
UNIT-001390,FA-05,84600.0,OP-SHIFT_1-05,True
UNIT-001390,FA-06,84660.0,OP-SHIFT_1-05,True
UNIT-001390,FA-07,84720.0,OP-SHIFT_1-05,True
UNIT-001390,FA-08,84780.0,OP-SHIFT_1-05,True
UNIT-001391,PT-05,84300.0,OP-SHIFT_1-06,True
UNIT-001391,FA-05,84660.0,OP-SHIFT_1-06,True
UNIT-001391,FA-06,84720.0,OP-SHIFT_1-06,True
UNIT-001391,FA-07,84780.0,OP-SHIFT_1-06,True
UNIT-001391,FA-08,84840.0,OP-SHIFT_1-06,True
UNIT-001392,PT-05,84360.0,OP-SHIFT_1-01,True
UNIT-001392,FA-05,84720.0,OP-SHIFT_1-01,True
UNIT-001392,FA-06,84780.0,OP-SHIFT_1-01,True
UNIT-001392,FA-07,84840.0,OP-SHIFT_1-01,True
UNIT-001392,FA-08,84900.0,OP-SHIFT_1-01,True
UNIT-001393,PT-05,84420.0,OP-SHIFT_1-02,True
UNIT-001393,FA-05,84780.0,OP-SHIFT_1-02,True
UNIT-001393,FA-06,84840.0,OP-SHIFT_1-02,True
UNIT-001393,FA-07,84900.0,OP-SHIFT_1-02,True
UNIT-001393,FA-08,84960.0,OP-SHIFT_1-02,True
UNIT-001394,PT-05,84480.0,OP-SHIFT_1-03,True
UNIT-001394,FA-05,84840.0,OP-SHIFT_1-03,True
UNIT-001394,FA-06,84900.0,OP-SHIFT_1-03,True
UNIT-001394,FA-07,84960.0,OP-SHIFT_1-03,True
UNIT-001394,FA-08,85020.0,OP-SHIFT_1-03,True
UNIT-001395,PT-05,84540.0,OP-SHIFT_1-04,True
UNIT-001395,FA-05,84900.0,OP-SHIFT_1-04,True
UNIT-001395,FA-06,84960.0,OP-SHIFT_1-04,True
UNIT-001395,FA-07,85020.0,OP-SHIFT_1-04,True
UNIT-001395,FA-08,85080.0,OP-SHIFT_1-04,True
UNIT-001396,PT-05,84600.0,OP-SHIFT_1-05,True
UNIT-001396,FA-05,84960.0,OP-SHIFT_1-05,True
UNIT-001396,FA-06,85020.0,OP-SHIFT_1-05,True
UNIT-001396,FA-07,85080.0,OP-SHIFT_1-05,True
UNIT-001396,FA-08,85140.0,OP-SHIFT_1-05,True
UNIT-001397,PT-05,84660.0,OP-SHIFT_1-06,True
UNIT-001397,FA-05,85020.0,OP-SHIFT_1-06,True
UNIT-001397,FA-06,85080.0,OP-SHIFT_1-06,True
UNIT-001397,FA-07,85140.0,OP-SHIFT_1-06,True
UNIT-001397,FA-08,85200.0,OP-SHIFT_1-06,True
UNIT-001398,PT-05,84720.0,OP-SHIFT_1-01,True
UNIT-001398,FA-05,85080.0,OP-SHIFT_1-01,True
UNIT-001398,FA-06,85140.0,OP-SHIFT_1-01,True
UNIT-001398,FA-07,85200.0,OP-SHIFT_1-01,True
UNIT-001398,FA-08,85260.0,OP-SHIFT_1-01,True
UNIT-001399,PT-05,84780.0,OP-SHIFT_1-02,True
UNIT-001399,FA-05,85140.0,OP-SHIFT_1-02,True
UNIT-001399,FA-06,85200.0,OP-SHIFT_1-02,True
UNIT-001399,FA-07,85260.0,OP-SHIFT_1-02,True
UNIT-001399,FA-08,85320.0,OP-SHIFT_1-02,True
UNIT-001400,PT-05,84840.0,OP-SHIFT_1-03,True
UNIT-001400,FA-05,85200.0,OP-SHIFT_1-03,True
UNIT-001400,FA-06,85260.0,OP-SHIFT_1-03,True
UNIT-001400,FA-07,85320.0,OP-SHIFT_1-03,True
UNIT-001400,FA-08,85380.0,OP-SHIFT_1-03,True
UNIT-001401,PT-05,84900.0,OP-SHIFT_1-04,True
UNIT-001401,FA-05,85260.0,OP-SHIFT_1-04,True
UNIT-001401,FA-06,85320.0,OP-SHIFT_1-04,True
UNIT-001401,FA-07,85380.0,OP-SHIFT_1-04,True
UNIT-001401,FA-08,85440.0,OP-SHIFT_1-04,True
UNIT-001402,PT-05,84960.0,OP-SHIFT_1-05,True
UNIT-001402,FA-05,85320.0,OP-SHIFT_1-05,True
UNIT-001402,FA-06,85380.0,OP-SHIFT_1-05,True
UNIT-001402,FA-07,85440.0,OP-SHIFT_1-05,True
UNIT-001402,FA-08,85500.0,OP-SHIFT_1-05,True
UNIT-001403,PT-05,85020.0,OP-SHIFT_1-06,True
UNIT-001403,FA-05,85380.0,OP-SHIFT_1-06,True
UNIT-001403,FA-06,85440.0,OP-SHIFT_1-06,True
UNIT-001403,FA-07,85500.0,OP-SHIFT_1-06,True
UNIT-001403,FA-08,85560.0,OP-SHIFT_1-06,True
UNIT-001404,PT-05,85080.0,OP-SHIFT_1-01,True
UNIT-001404,FA-05,85440.0,OP-SHIFT_1-01,True
UNIT-001404,FA-06,85500.0,OP-SHIFT_1-01,True
UNIT-001404,FA-07,85560.0,OP-SHIFT_1-01,True
UNIT-001404,FA-08,85620.0,OP-SHIFT_1-01,True
UNIT-001405,PT-05,85140.0,OP-SHIFT_1-02,True
UNIT-001405,FA-05,85500.0,OP-SHIFT_1-02,True
UNIT-001405,FA-06,85560.0,OP-SHIFT_1-02,True
UNIT-001405,FA-07,85620.0,OP-SHIFT_1-02,True
UNIT-001405,FA-08,85680.0,OP-SHIFT_1-02,True
UNIT-001406,PT-05,85200.0,OP-SHIFT_1-03,True
UNIT-001406,FA-05,85560.0,OP-SHIFT_1-03,True
UNIT-001406,FA-06,85620.0,OP-SHIFT_1-03,True
UNIT-001406,FA-07,85680.0,OP-SHIFT_1-03,True
UNIT-001406,FA-08,85740.0,OP-SHIFT_1-03,True
UNIT-001407,PT-05,85260.0,OP-SHIFT_1-04,True
UNIT-001407,FA-05,85620.0,OP-SHIFT_1-04,True
UNIT-001407,FA-06,85680.0,OP-SHIFT_1-04,True
UNIT-001407,FA-07,85740.0,OP-SHIFT_1-04,True
UNIT-001407,FA-08,85800.0,OP-SHIFT_1-04,True
UNIT-001408,PT-05,85320.0,OP-SHIFT_1-05,True
UNIT-001408,FA-05,85680.0,OP-SHIFT_1-05,True
UNIT-001408,FA-06,85740.0,OP-SHIFT_1-05,True
UNIT-001408,FA-07,85800.0,OP-SHIFT_1-05,True
UNIT-001408,FA-08,85860.0,OP-SHIFT_1-05,True
UNIT-001409,PT-05,85380.0,OP-SHIFT_1-06,True
UNIT-001409,FA-05,85740.0,OP-SHIFT_1-06,True
UNIT-001409,FA-06,85800.0,OP-SHIFT_1-06,True
UNIT-001409,FA-07,85860.0,OP-SHIFT_1-06,True
UNIT-001409,FA-08,85920.0,OP-SHIFT_1-06,True
UNIT-001410,PT-05,85440.0,OP-SHIFT_1-01,True
UNIT-001410,FA-05,85800.0,OP-SHIFT_1-01,True
UNIT-001410,FA-06,85860.0,OP-SHIFT_1-01,False
UNIT-001410,FA-07,85920.0,OP-SHIFT_1-01,True
UNIT-001410,FA-08,85980.0,OP-SHIFT_1-01,True
UNIT-001411,PT-05,85500.0,OP-SHIFT_1-02,True
UNIT-001411,FA-05,85860.0,OP-SHIFT_1-02,True
UNIT-001411,FA-06,85920.0,OP-SHIFT_1-02,True
UNIT-001411,FA-07,85980.0,OP-SHIFT_1-02,True
UNIT-001411,FA-08,86040.0,OP-SHIFT_1-02,True
UNIT-001412,PT-05,85560.0,OP-SHIFT_1-03,True
UNIT-001412,FA-05,85920.0,OP-SHIFT_1-03,True
UNIT-001412,FA-06,85980.0,OP-SHIFT_1-03,True
UNIT-001412,FA-07,86040.0,OP-SHIFT_1-03,True
UNIT-001412,FA-08,86100.0,OP-SHIFT_1-03,True
UNIT-001413,PT-05,85620.0,OP-SHIFT_1-04,True
UNIT-001413,FA-05,85980.0,OP-SHIFT_1-04,True
UNIT-001413,FA-06,86040.0,OP-SHIFT_1-04,True
UNIT-001413,FA-07,86100.0,OP-SHIFT_1-04,True
UNIT-001413,FA-08,86160.0,OP-SHIFT_1-04,True
UNIT-001414,PT-05,85680.0,OP-SHIFT_1-05,True
UNIT-001414,FA-05,86040.0,OP-SHIFT_1-05,True
UNIT-001414,FA-06,86100.0,OP-SHIFT_1-05,True
UNIT-001414,FA-07,86160.0,OP-SHIFT_1-05,True
UNIT-001414,FA-08,86220.0,OP-SHIFT_1-05,True
UNIT-001415,PT-05,85740.0,OP-SHIFT_1-06,True
UNIT-001415,FA-05,86100.0,OP-SHIFT_1-06,True
UNIT-001415,FA-06,86160.0,OP-SHIFT_1-06,True
UNIT-001415,FA-07,86220.0,OP-SHIFT_1-06,True
UNIT-001415,FA-08,86280.0,OP-SHIFT_1-06,True
UNIT-001416,PT-05,85800.0,OP-SHIFT_1-01,True
UNIT-001416,FA-05,86160.0,OP-SHIFT_1-01,True
UNIT-001416,FA-06,86220.0,OP-SHIFT_1-01,True
UNIT-001416,FA-07,86280.0,OP-SHIFT_1-01,True
UNIT-001416,FA-08,86340.0,OP-SHIFT_1-01,True
UNIT-001417,PT-05,85860.0,OP-SHIFT_1-02,True
UNIT-001417,FA-05,86220.0,OP-SHIFT_1-02,True
UNIT-001417,FA-06,86280.0,OP-SHIFT_1-02,True
UNIT-001417,FA-07,86340.0,OP-SHIFT_1-02,True
UNIT-001417,FA-08,86400.0,OP-SHIFT_1-02,True
UNIT-001418,PT-05,85920.0,OP-SHIFT_1-03,True
UNIT-001418,FA-05,86280.0,OP-SHIFT_1-03,True
UNIT-001418,FA-06,86340.0,OP-SHIFT_1-03,True
UNIT-001418,FA-07,86400.0,OP-SHIFT_1-03,True
UNIT-001418,FA-08,86460.0,OP-SHIFT_1-03,True
UNIT-001419,PT-05,85980.0,OP-SHIFT_1-04,True
UNIT-001419,FA-05,86340.0,OP-SHIFT_1-04,False
UNIT-001419,FA-06,86400.0,OP-SHIFT_1-04,True
UNIT-001419,FA-07,86460.0,OP-SHIFT_1-04,True
UNIT-001419,FA-08,86520.0,OP-SHIFT_1-04,True
UNIT-001420,PT-05,86040.0,OP-SHIFT_1-05,True
UNIT-001420,FA-05,86400.0,OP-SHIFT_1-05,True
UNIT-001420,FA-06,86460.0,OP-SHIFT_1-05,True
UNIT-001420,FA-07,86520.0,OP-SHIFT_1-05,True
UNIT-001420,FA-08,86580.0,OP-SHIFT_1-05,True
UNIT-001421,PT-05,86100.0,OP-SHIFT_1-06,True
UNIT-001421,FA-05,86460.0,OP-SHIFT_1-06,True
UNIT-001421,FA-06,86520.0,OP-SHIFT_1-06,True
UNIT-001421,FA-07,86580.0,OP-SHIFT_1-06,True
UNIT-001421,FA-08,86640.0,OP-SHIFT_1-06,True
UNIT-001422,PT-05,86160.0,OP-SHIFT_1-01,True
UNIT-001422,FA-05,86520.0,OP-SHIFT_1-01,True
UNIT-001422,FA-06,86580.0,OP-SHIFT_1-01,True
UNIT-001422,FA-07,86640.0,OP-SHIFT_1-01,True
UNIT-001422,FA-08,86700.0,OP-SHIFT_1-01,True
UNIT-001423,PT-05,86220.0,OP-SHIFT_1-02,True
UNIT-001423,FA-05,86580.0,OP-SHIFT_1-02,True
UNIT-001423,FA-06,86640.0,OP-SHIFT_1-02,True
UNIT-001423,FA-07,86700.0,OP-SHIFT_1-02,True
UNIT-001423,FA-08,86760.0,OP-SHIFT_1-02,True
UNIT-001424,PT-05,86280.0,OP-SHIFT_1-03,True
UNIT-001424,FA-05,86640.0,OP-SHIFT_1-03,True
UNIT-001424,FA-06,86700.0,OP-SHIFT_1-03,True
UNIT-001424,FA-07,86760.0,OP-SHIFT_1-03,True
UNIT-001424,FA-08,86820.0,OP-SHIFT_1-03,True
UNIT-001425,PT-05,86340.0,OP-SHIFT_1-04,True
UNIT-001425,FA-05,86700.0,OP-SHIFT_1-04,True
UNIT-001425,FA-06,86760.0,OP-SHIFT_1-04,True
UNIT-001425,FA-07,86820.0,OP-SHIFT_1-04,True
UNIT-001425,FA-08,86880.0,OP-SHIFT_1-04,True
UNIT-001426,PT-05,86400.0,OP-SHIFT_1-05,True
UNIT-001426,FA-05,86760.0,OP-SHIFT_1-05,True
UNIT-001426,FA-06,86820.0,OP-SHIFT_1-05,True
UNIT-001426,FA-07,86880.0,OP-SHIFT_1-05,True
UNIT-001426,FA-08,86940.0,OP-SHIFT_1-05,True
UNIT-001427,PT-05,86460.0,OP-SHIFT_1-06,True
UNIT-001427,FA-05,86820.0,OP-SHIFT_1-06,True
UNIT-001427,FA-06,86880.0,OP-SHIFT_1-06,True
UNIT-001427,FA-07,86940.0,OP-SHIFT_1-06,True
UNIT-001427,FA-08,87000.0,OP-SHIFT_1-06,True
UNIT-001428,PT-05,86520.0,OP-SHIFT_1-01,True
UNIT-001428,FA-05,86880.0,OP-SHIFT_1-01,True
UNIT-001428,FA-06,86940.0,OP-SHIFT_1-01,True
UNIT-001428,FA-07,87000.0,OP-SHIFT_1-01,True
UNIT-001428,FA-08,87060.0,OP-SHIFT_1-01,True
UNIT-001429,PT-05,86580.0,OP-SHIFT_1-02,True
UNIT-001429,FA-05,86940.0,OP-SHIFT_1-02,True
UNIT-001429,FA-06,87000.0,OP-SHIFT_1-02,True
UNIT-001429,FA-07,87060.0,OP-SHIFT_1-02,True
UNIT-001429,FA-08,87120.0,OP-SHIFT_1-02,True
UNIT-001430,PT-05,86640.0,OP-SHIFT_1-03,True
UNIT-001430,FA-05,87000.0,OP-SHIFT_1-03,True
UNIT-001430,FA-06,87060.0,OP-SHIFT_1-03,True
UNIT-001430,FA-07,87120.0,OP-SHIFT_1-03,True
UNIT-001430,FA-08,87180.0,OP-SHIFT_1-03,True
UNIT-001431,PT-05,86700.0,OP-SHIFT_1-04,True
UNIT-001431,FA-05,87060.0,OP-SHIFT_1-04,True
UNIT-001431,FA-06,87120.0,OP-SHIFT_1-04,True
UNIT-001431,FA-07,87180.0,OP-SHIFT_1-04,True
UNIT-001431,FA-08,87240.0,OP-SHIFT_1-04,True
UNIT-001432,PT-05,86760.0,OP-SHIFT_1-05,True
UNIT-001432,FA-05,87120.0,OP-SHIFT_1-05,True
UNIT-001432,FA-06,87180.0,OP-SHIFT_1-05,True
UNIT-001432,FA-07,87240.0,OP-SHIFT_1-05,True
UNIT-001432,FA-08,87300.0,OP-SHIFT_1-05,True
UNIT-001433,PT-05,86820.0,OP-SHIFT_1-06,True
UNIT-001433,FA-05,87180.0,OP-SHIFT_1-06,True
UNIT-001433,FA-06,87240.0,OP-SHIFT_1-06,True
UNIT-001433,FA-07,87300.0,OP-SHIFT_1-06,True
UNIT-001433,FA-08,87360.0,OP-SHIFT_1-06,True
UNIT-001434,PT-05,86880.0,OP-SHIFT_1-01,True
UNIT-001434,FA-05,87240.0,OP-SHIFT_1-01,True
UNIT-001434,FA-06,87300.0,OP-SHIFT_1-01,True
UNIT-001434,FA-07,87360.0,OP-SHIFT_1-01,True
UNIT-001434,FA-08,87420.0,OP-SHIFT_1-01,True
UNIT-001435,PT-05,86940.0,OP-SHIFT_1-02,True
UNIT-001435,FA-05,87300.0,OP-SHIFT_1-02,True
UNIT-001435,FA-06,87360.0,OP-SHIFT_1-02,True
UNIT-001435,FA-07,87420.0,OP-SHIFT_1-02,True
UNIT-001435,FA-08,87480.0,OP-SHIFT_1-02,True
UNIT-001436,PT-05,87000.0,OP-SHIFT_1-03,True
UNIT-001436,FA-05,87360.0,OP-SHIFT_1-03,True
UNIT-001436,FA-06,87420.0,OP-SHIFT_1-03,True
UNIT-001436,FA-07,87480.0,OP-SHIFT_1-03,True
UNIT-001436,FA-08,87540.0,OP-SHIFT_1-03,True
UNIT-001437,PT-05,87060.0,OP-SHIFT_1-04,True
UNIT-001437,FA-05,87420.0,OP-SHIFT_1-04,True
UNIT-001437,FA-06,87480.0,OP-SHIFT_1-04,True
UNIT-001437,FA-07,87540.0,OP-SHIFT_1-04,True
UNIT-001437,FA-08,87600.0,OP-SHIFT_1-04,True
UNIT-001438,PT-05,87120.0,OP-SHIFT_1-05,True
UNIT-001438,FA-05,87480.0,OP-SHIFT_1-05,False
UNIT-001438,FA-06,87540.0,OP-SHIFT_1-05,True
UNIT-001438,FA-07,87600.0,OP-SHIFT_1-05,True
UNIT-001438,FA-08,87660.0,OP-SHIFT_1-05,True
UNIT-001439,PT-05,87180.0,OP-SHIFT_1-06,True
UNIT-001439,FA-05,87540.0,OP-SHIFT_1-06,True
UNIT-001439,FA-06,87600.0,OP-SHIFT_1-06,True
UNIT-001439,FA-07,87660.0,OP-SHIFT_1-06,True
UNIT-001439,FA-08,87720.0,OP-SHIFT_1-06,True
UNIT-001440,PT-05,87240.0,OP-SHIFT_2-01,True
UNIT-001440,FA-05,87600.0,OP-SHIFT_2-01,True
UNIT-001440,FA-06,87660.0,OP-SHIFT_2-01,True
UNIT-001440,FA-07,87720.0,OP-SHIFT_2-01,True
UNIT-001440,FA-08,87780.0,OP-SHIFT_2-01,True
UNIT-001441,PT-05,87300.0,OP-SHIFT_2-02,True
UNIT-001441,FA-05,87660.0,OP-SHIFT_2-02,True
UNIT-001441,FA-06,87720.0,OP-SHIFT_2-02,True
UNIT-001441,FA-07,87780.0,OP-SHIFT_2-02,True
UNIT-001441,FA-08,87840.0,OP-SHIFT_2-02,True
UNIT-001442,PT-05,87360.0,OP-SHIFT_2-03,True
UNIT-001442,FA-05,87720.0,OP-SHIFT_2-03,True
UNIT-001442,FA-06,87780.0,OP-SHIFT_2-03,True
UNIT-001442,FA-07,87840.0,OP-SHIFT_2-03,True
UNIT-001442,FA-08,87900.0,OP-SHIFT_2-03,True
UNIT-001443,PT-05,87420.0,OP-SHIFT_2-04,True
UNIT-001443,FA-05,87780.0,OP-SHIFT_2-04,True
UNIT-001443,FA-06,87840.0,OP-SHIFT_2-04,True
UNIT-001443,FA-07,87900.0,OP-SHIFT_2-04,True
UNIT-001443,FA-08,87960.0,OP-SHIFT_2-04,True
UNIT-001444,PT-05,87480.0,OP-SHIFT_2-05,True
UNIT-001444,FA-05,87840.0,OP-SHIFT_2-05,True
UNIT-001444,FA-06,87900.0,OP-SHIFT_2-05,True
UNIT-001444,FA-07,87960.0,OP-SHIFT_2-05,True
UNIT-001444,FA-08,88020.0,OP-SHIFT_2-05,True
UNIT-001445,PT-05,87540.0,OP-SHIFT_2-06,True
UNIT-001445,FA-05,87900.0,OP-SHIFT_2-06,True
UNIT-001445,FA-06,87960.0,OP-SHIFT_2-06,True
UNIT-001445,FA-07,88020.0,OP-SHIFT_2-06,True
UNIT-001445,FA-08,88080.0,OP-SHIFT_2-06,True
UNIT-001446,PT-05,87600.0,OP-SHIFT_2-01,True
UNIT-001446,FA-05,87960.0,OP-SHIFT_2-01,True
UNIT-001446,FA-06,88020.0,OP-SHIFT_2-01,True
UNIT-001446,FA-07,88080.0,OP-SHIFT_2-01,True
UNIT-001446,FA-08,88140.0,OP-SHIFT_2-01,True
UNIT-001447,PT-05,87660.0,OP-SHIFT_2-02,True
UNIT-001447,FA-05,88020.0,OP-SHIFT_2-02,True
UNIT-001447,FA-06,88080.0,OP-SHIFT_2-02,True
UNIT-001447,FA-07,88140.0,OP-SHIFT_2-02,True
UNIT-001447,FA-08,88200.0,OP-SHIFT_2-02,True
UNIT-001448,PT-05,87720.0,OP-SHIFT_2-03,True
UNIT-001448,FA-05,88080.0,OP-SHIFT_2-03,True
UNIT-001448,FA-06,88140.0,OP-SHIFT_2-03,True
UNIT-001448,FA-07,88200.0,OP-SHIFT_2-03,True
UNIT-001448,FA-08,88260.0,OP-SHIFT_2-03,True
UNIT-001449,PT-05,87780.0,OP-SHIFT_2-04,True
UNIT-001449,FA-05,88140.0,OP-SHIFT_2-04,True
UNIT-001449,FA-06,88200.0,OP-SHIFT_2-04,True
UNIT-001449,FA-07,88260.0,OP-SHIFT_2-04,True
UNIT-001449,FA-08,88320.0,OP-SHIFT_2-04,True
UNIT-001450,PT-05,87840.0,OP-SHIFT_2-05,True
UNIT-001450,FA-05,88200.0,OP-SHIFT_2-05,True
UNIT-001450,FA-06,88260.0,OP-SHIFT_2-05,True
UNIT-001450,FA-07,88320.0,OP-SHIFT_2-05,True
UNIT-001450,FA-08,88380.0,OP-SHIFT_2-05,True
UNIT-001451,PT-05,87900.0,OP-SHIFT_2-06,True
UNIT-001451,FA-05,88260.0,OP-SHIFT_2-06,True
UNIT-001451,FA-06,88320.0,OP-SHIFT_2-06,True
UNIT-001451,FA-07,88380.0,OP-SHIFT_2-06,True
UNIT-001451,FA-08,88440.0,OP-SHIFT_2-06,True
UNIT-001452,PT-05,87960.0,OP-SHIFT_2-01,True
UNIT-001452,FA-05,88320.0,OP-SHIFT_2-01,True
UNIT-001452,FA-06,88380.0,OP-SHIFT_2-01,True
UNIT-001452,FA-07,88440.0,OP-SHIFT_2-01,True
UNIT-001452,FA-08,88500.0,OP-SHIFT_2-01,True
UNIT-001453,PT-05,88020.0,OP-SHIFT_2-02,True
UNIT-001453,FA-05,88380.0,OP-SHIFT_2-02,True
UNIT-001453,FA-06,88440.0,OP-SHIFT_2-02,True
UNIT-001453,FA-07,88500.0,OP-SHIFT_2-02,True
UNIT-001453,FA-08,88560.0,OP-SHIFT_2-02,True
UNIT-001454,PT-05,88080.0,OP-SHIFT_2-03,True
UNIT-001454,FA-05,88440.0,OP-SHIFT_2-03,True
UNIT-001454,FA-06,88500.0,OP-SHIFT_2-03,True
UNIT-001454,FA-07,88560.0,OP-SHIFT_2-03,True
UNIT-001454,FA-08,88620.0,OP-SHIFT_2-03,True
UNIT-001455,PT-05,88140.0,OP-SHIFT_2-04,True
UNIT-001455,FA-05,88500.0,OP-SHIFT_2-04,True
UNIT-001455,FA-06,88560.0,OP-SHIFT_2-04,True
UNIT-001455,FA-07,88620.0,OP-SHIFT_2-04,True
UNIT-001455,FA-08,88680.0,OP-SHIFT_2-04,True
UNIT-001456,PT-05,88200.0,OP-SHIFT_2-05,True
UNIT-001456,FA-05,88560.0,OP-SHIFT_2-05,True
UNIT-001456,FA-06,88620.0,OP-SHIFT_2-05,True
UNIT-001456,FA-07,88680.0,OP-SHIFT_2-05,True
UNIT-001456,FA-08,88740.0,OP-SHIFT_2-05,True
UNIT-001457,PT-05,88260.0,OP-SHIFT_2-06,True
UNIT-001457,FA-05,88620.0,OP-SHIFT_2-06,True
UNIT-001457,FA-06,88680.0,OP-SHIFT_2-06,True
UNIT-001457,FA-07,88740.0,OP-SHIFT_2-06,True
UNIT-001457,FA-08,88800.0,OP-SHIFT_2-06,True
UNIT-001458,PT-05,88320.0,OP-SHIFT_2-01,True
UNIT-001458,FA-05,88680.0,OP-SHIFT_2-01,True
UNIT-001458,FA-06,88740.0,OP-SHIFT_2-01,True
UNIT-001458,FA-07,88800.0,OP-SHIFT_2-01,True
UNIT-001458,FA-08,88860.0,OP-SHIFT_2-01,True
UNIT-001459,PT-05,88380.0,OP-SHIFT_2-02,True
UNIT-001459,FA-05,88740.0,OP-SHIFT_2-02,True
UNIT-001459,FA-06,88800.0,OP-SHIFT_2-02,True
UNIT-001459,FA-07,88860.0,OP-SHIFT_2-02,True
UNIT-001459,FA-08,88920.0,OP-SHIFT_2-02,True
UNIT-001460,PT-05,88440.0,OP-SHIFT_2-03,True
UNIT-001460,FA-05,88800.0,OP-SHIFT_2-03,True
UNIT-001460,FA-06,88860.0,OP-SHIFT_2-03,True
UNIT-001460,FA-07,88920.0,OP-SHIFT_2-03,True
UNIT-001460,FA-08,88980.0,OP-SHIFT_2-03,True
UNIT-001461,PT-05,88500.0,OP-SHIFT_2-04,True
UNIT-001461,FA-05,88860.0,OP-SHIFT_2-04,True
UNIT-001461,FA-06,88920.0,OP-SHIFT_2-04,True
UNIT-001461,FA-07,88980.0,OP-SHIFT_2-04,True
UNIT-001461,FA-08,89040.0,OP-SHIFT_2-04,True
UNIT-001462,PT-05,88560.0,OP-SHIFT_2-05,True
UNIT-001462,FA-05,88920.0,OP-SHIFT_2-05,True
UNIT-001462,FA-06,88980.0,OP-SHIFT_2-05,True
UNIT-001462,FA-07,89040.0,OP-SHIFT_2-05,True
UNIT-001462,FA-08,89100.0,OP-SHIFT_2-05,True
UNIT-001463,PT-05,88620.0,OP-SHIFT_2-06,True
UNIT-001463,FA-05,88980.0,OP-SHIFT_2-06,True
UNIT-001463,FA-06,89040.0,OP-SHIFT_2-06,True
UNIT-001463,FA-07,89100.0,OP-SHIFT_2-06,True
UNIT-001463,FA-08,89160.0,OP-SHIFT_2-06,True
UNIT-001464,PT-05,88680.0,OP-SHIFT_2-01,True
UNIT-001464,FA-05,89040.0,OP-SHIFT_2-01,True
UNIT-001464,FA-06,89100.0,OP-SHIFT_2-01,True
UNIT-001464,FA-07,89160.0,OP-SHIFT_2-01,True
UNIT-001464,FA-08,89220.0,OP-SHIFT_2-01,True
UNIT-001465,PT-05,88740.0,OP-SHIFT_2-02,True
UNIT-001465,FA-05,89100.0,OP-SHIFT_2-02,True
UNIT-001465,FA-06,89160.0,OP-SHIFT_2-02,True
UNIT-001465,FA-07,89220.0,OP-SHIFT_2-02,True
UNIT-001465,FA-08,89280.0,OP-SHIFT_2-02,True
UNIT-001466,PT-05,88800.0,OP-SHIFT_2-03,True
UNIT-001466,FA-05,89160.0,OP-SHIFT_2-03,True
UNIT-001466,FA-06,89220.0,OP-SHIFT_2-03,True
UNIT-001466,FA-07,89280.0,OP-SHIFT_2-03,True
UNIT-001466,FA-08,89340.0,OP-SHIFT_2-03,True
UNIT-001467,PT-05,88860.0,OP-SHIFT_2-04,True
UNIT-001467,FA-05,89220.0,OP-SHIFT_2-04,True
UNIT-001467,FA-06,89280.0,OP-SHIFT_2-04,True
UNIT-001467,FA-07,89340.0,OP-SHIFT_2-04,True
UNIT-001467,FA-08,89400.0,OP-SHIFT_2-04,True
UNIT-001468,PT-05,88920.0,OP-SHIFT_2-05,True
UNIT-001468,FA-05,89280.0,OP-SHIFT_2-05,True
UNIT-001468,FA-06,89340.0,OP-SHIFT_2-05,True
UNIT-001468,FA-07,89400.0,OP-SHIFT_2-05,True
UNIT-001468,FA-08,89460.0,OP-SHIFT_2-05,True
UNIT-001469,PT-05,88980.0,OP-SHIFT_2-06,True
UNIT-001469,FA-05,89340.0,OP-SHIFT_2-06,True
UNIT-001469,FA-06,89400.0,OP-SHIFT_2-06,True
UNIT-001469,FA-07,89460.0,OP-SHIFT_2-06,True
UNIT-001469,FA-08,89520.0,OP-SHIFT_2-06,True
UNIT-001470,PT-05,89040.0,OP-SHIFT_2-01,True
UNIT-001470,FA-05,89400.0,OP-SHIFT_2-01,True
UNIT-001470,FA-06,89460.0,OP-SHIFT_2-01,True
UNIT-001470,FA-07,89520.0,OP-SHIFT_2-01,True
UNIT-001470,FA-08,89580.0,OP-SHIFT_2-01,True
UNIT-001471,PT-05,89100.0,OP-SHIFT_2-02,True
UNIT-001471,FA-05,89460.0,OP-SHIFT_2-02,True
UNIT-001471,FA-06,89520.0,OP-SHIFT_2-02,True
UNIT-001471,FA-07,89580.0,OP-SHIFT_2-02,True
UNIT-001471,FA-08,89640.0,OP-SHIFT_2-02,True
UNIT-001472,PT-05,89160.0,OP-SHIFT_2-03,True
UNIT-001472,FA-05,89520.0,OP-SHIFT_2-03,True
UNIT-001472,FA-06,89580.0,OP-SHIFT_2-03,True
UNIT-001472,FA-07,89640.0,OP-SHIFT_2-03,True
UNIT-001472,FA-08,89700.0,OP-SHIFT_2-03,True
UNIT-001473,PT-05,89220.0,OP-SHIFT_2-04,True
UNIT-001473,FA-05,89580.0,OP-SHIFT_2-04,True
UNIT-001473,FA-06,89640.0,OP-SHIFT_2-04,True
UNIT-001473,FA-07,89700.0,OP-SHIFT_2-04,True
UNIT-001473,FA-08,89760.0,OP-SHIFT_2-04,True
UNIT-001474,PT-05,89280.0,OP-SHIFT_2-05,True
UNIT-001474,FA-05,89640.0,OP-SHIFT_2-05,True
UNIT-001474,FA-06,89700.0,OP-SHIFT_2-05,True
UNIT-001474,FA-07,89760.0,OP-SHIFT_2-05,True
UNIT-001474,FA-08,89820.0,OP-SHIFT_2-05,True
UNIT-001475,PT-05,89340.0,OP-SHIFT_2-06,True
UNIT-001475,FA-05,89700.0,OP-SHIFT_2-06,True
UNIT-001475,FA-06,89760.0,OP-SHIFT_2-06,True
UNIT-001475,FA-07,89820.0,OP-SHIFT_2-06,True
UNIT-001475,FA-08,89880.0,OP-SHIFT_2-06,True
UNIT-001476,PT-05,89400.0,OP-SHIFT_2-01,True
UNIT-001476,FA-05,89760.0,OP-SHIFT_2-01,True
UNIT-001476,FA-06,89820.0,OP-SHIFT_2-01,True
UNIT-001476,FA-07,89880.0,OP-SHIFT_2-01,True
UNIT-001476,FA-08,89940.0,OP-SHIFT_2-01,True
UNIT-001477,PT-05,89460.0,OP-SHIFT_2-02,True
UNIT-001477,FA-05,89820.0,OP-SHIFT_2-02,True
UNIT-001477,FA-06,89880.0,OP-SHIFT_2-02,True
UNIT-001477,FA-07,89940.0,OP-SHIFT_2-02,True
UNIT-001477,FA-08,90000.0,OP-SHIFT_2-02,True
UNIT-001478,PT-05,89520.0,OP-SHIFT_2-03,True
UNIT-001478,FA-05,89880.0,OP-SHIFT_2-03,True
UNIT-001478,FA-06,89940.0,OP-SHIFT_2-03,True
UNIT-001478,FA-07,90000.0,OP-SHIFT_2-03,True
UNIT-001478,FA-08,90060.0,OP-SHIFT_2-03,True
UNIT-001479,PT-05,89580.0,OP-SHIFT_2-04,True
UNIT-001479,FA-05,89940.0,OP-SHIFT_2-04,True
UNIT-001479,FA-06,90000.0,OP-SHIFT_2-04,True
UNIT-001479,FA-07,90060.0,OP-SHIFT_2-04,True
UNIT-001479,FA-08,90120.0,OP-SHIFT_2-04,True
UNIT-001480,PT-05,89640.0,OP-SHIFT_2-05,True
UNIT-001480,FA-05,90000.0,OP-SHIFT_2-05,True
UNIT-001480,FA-06,90060.0,OP-SHIFT_2-05,True
UNIT-001480,FA-07,90120.0,OP-SHIFT_2-05,True
UNIT-001480,FA-08,90180.0,OP-SHIFT_2-05,True
UNIT-001481,PT-05,89700.0,OP-SHIFT_2-06,True
UNIT-001481,FA-05,90060.0,OP-SHIFT_2-06,True
UNIT-001481,FA-06,90120.0,OP-SHIFT_2-06,True
UNIT-001481,FA-07,90180.0,OP-SHIFT_2-06,True
UNIT-001481,FA-08,90240.0,OP-SHIFT_2-06,True
UNIT-001482,PT-05,89760.0,OP-SHIFT_2-01,True
UNIT-001482,FA-05,90120.0,OP-SHIFT_2-01,True
UNIT-001482,FA-06,90180.0,OP-SHIFT_2-01,True
UNIT-001482,FA-07,90240.0,OP-SHIFT_2-01,True
UNIT-001482,FA-08,90300.0,OP-SHIFT_2-01,True
UNIT-001483,PT-05,89820.0,OP-SHIFT_2-02,True
UNIT-001483,FA-05,90180.0,OP-SHIFT_2-02,True
UNIT-001483,FA-06,90240.0,OP-SHIFT_2-02,True
UNIT-001483,FA-07,90300.0,OP-SHIFT_2-02,True
UNIT-001483,FA-08,90360.0,OP-SHIFT_2-02,True
UNIT-001484,PT-05,89880.0,OP-SHIFT_2-03,True
UNIT-001484,FA-05,90240.0,OP-SHIFT_2-03,True
UNIT-001484,FA-06,90300.0,OP-SHIFT_2-03,True
UNIT-001484,FA-07,90360.0,OP-SHIFT_2-03,True
UNIT-001484,FA-08,90420.0,OP-SHIFT_2-03,True
UNIT-001485,PT-05,89940.0,OP-SHIFT_2-04,True
UNIT-001485,FA-05,90300.0,OP-SHIFT_2-04,True
UNIT-001485,FA-06,90360.0,OP-SHIFT_2-04,True
UNIT-001485,FA-07,90420.0,OP-SHIFT_2-04,True
UNIT-001485,FA-08,90480.0,OP-SHIFT_2-04,True
UNIT-001486,PT-05,90000.0,OP-SHIFT_2-05,True
UNIT-001486,FA-05,90360.0,OP-SHIFT_2-05,True
UNIT-001486,FA-06,90420.0,OP-SHIFT_2-05,True
UNIT-001486,FA-07,90480.0,OP-SHIFT_2-05,True
UNIT-001486,FA-08,90540.0,OP-SHIFT_2-05,True
UNIT-001487,PT-05,90060.0,OP-SHIFT_2-06,True
UNIT-001487,FA-05,90420.0,OP-SHIFT_2-06,True
UNIT-001487,FA-06,90480.0,OP-SHIFT_2-06,True
UNIT-001487,FA-07,90540.0,OP-SHIFT_2-06,True
UNIT-001487,FA-08,90600.0,OP-SHIFT_2-06,True
UNIT-001488,PT-05,90120.0,OP-SHIFT_2-01,True
UNIT-001488,FA-05,90480.0,OP-SHIFT_2-01,True
UNIT-001488,FA-06,90540.0,OP-SHIFT_2-01,True
UNIT-001488,FA-07,90600.0,OP-SHIFT_2-01,True
UNIT-001488,FA-08,90660.0,OP-SHIFT_2-01,True
UNIT-001489,PT-05,90180.0,OP-SHIFT_2-02,True
UNIT-001489,FA-05,90540.0,OP-SHIFT_2-02,True
UNIT-001489,FA-06,90600.0,OP-SHIFT_2-02,True
UNIT-001489,FA-07,90660.0,OP-SHIFT_2-02,True
UNIT-001489,FA-08,90720.0,OP-SHIFT_2-02,True
UNIT-001490,PT-05,90240.0,OP-SHIFT_2-03,True
UNIT-001490,FA-05,90600.0,OP-SHIFT_2-03,True
UNIT-001490,FA-06,90660.0,OP-SHIFT_2-03,True
UNIT-001490,FA-07,90720.0,OP-SHIFT_2-03,True
UNIT-001490,FA-08,90780.0,OP-SHIFT_2-03,True
UNIT-001491,PT-05,90300.0,OP-SHIFT_2-04,True
UNIT-001491,FA-05,90660.0,OP-SHIFT_2-04,True
UNIT-001491,FA-06,90720.0,OP-SHIFT_2-04,True
UNIT-001491,FA-07,90780.0,OP-SHIFT_2-04,True
UNIT-001491,FA-08,90840.0,OP-SHIFT_2-04,True
UNIT-001492,PT-05,90360.0,OP-SHIFT_2-05,True
UNIT-001492,FA-05,90720.0,OP-SHIFT_2-05,True
UNIT-001492,FA-06,90780.0,OP-SHIFT_2-05,True
UNIT-001492,FA-07,90840.0,OP-SHIFT_2-05,True
UNIT-001492,FA-08,90900.0,OP-SHIFT_2-05,True
UNIT-001493,PT-05,90420.0,OP-SHIFT_2-06,True
UNIT-001493,FA-05,90780.0,OP-SHIFT_2-06,True
UNIT-001493,FA-06,90840.0,OP-SHIFT_2-06,True
UNIT-001493,FA-07,90900.0,OP-SHIFT_2-06,True
UNIT-001493,FA-08,90960.0,OP-SHIFT_2-06,True
UNIT-001494,PT-05,90480.0,OP-SHIFT_2-01,True
UNIT-001494,FA-05,90840.0,OP-SHIFT_2-01,True
UNIT-001494,FA-06,90900.0,OP-SHIFT_2-01,True
UNIT-001494,FA-07,90960.0,OP-SHIFT_2-01,True
UNIT-001494,FA-08,91020.0,OP-SHIFT_2-01,True
UNIT-001495,PT-05,90540.0,OP-SHIFT_2-02,True
UNIT-001495,FA-05,90900.0,OP-SHIFT_2-02,True
UNIT-001495,FA-06,90960.0,OP-SHIFT_2-02,True
UNIT-001495,FA-07,91020.0,OP-SHIFT_2-02,True
UNIT-001495,FA-08,91080.0,OP-SHIFT_2-02,True
UNIT-001496,PT-05,90600.0,OP-SHIFT_2-03,True
UNIT-001496,FA-05,90960.0,OP-SHIFT_2-03,True
UNIT-001496,FA-06,91020.0,OP-SHIFT_2-03,True
UNIT-001496,FA-07,91080.0,OP-SHIFT_2-03,True
UNIT-001496,FA-08,91140.0,OP-SHIFT_2-03,True
UNIT-001497,PT-05,90660.0,OP-SHIFT_2-04,True
UNIT-001497,FA-05,91020.0,OP-SHIFT_2-04,True
UNIT-001497,FA-06,91080.0,OP-SHIFT_2-04,True
UNIT-001497,FA-07,91140.0,OP-SHIFT_2-04,True
UNIT-001497,FA-08,91200.0,OP-SHIFT_2-04,True
UNIT-001498,PT-05,90720.0,OP-SHIFT_2-05,True
UNIT-001498,FA-05,91080.0,OP-SHIFT_2-05,True
UNIT-001498,FA-06,91140.0,OP-SHIFT_2-05,True
UNIT-001498,FA-07,91200.0,OP-SHIFT_2-05,True
UNIT-001498,FA-08,91260.0,OP-SHIFT_2-05,True
UNIT-001499,PT-05,90780.0,OP-SHIFT_2-06,True
UNIT-001499,FA-05,91140.0,OP-SHIFT_2-06,True
UNIT-001499,FA-06,91200.0,OP-SHIFT_2-06,True
UNIT-001499,FA-07,91260.0,OP-SHIFT_2-06,True
UNIT-001499,FA-08,91320.0,OP-SHIFT_2-06,True
UNIT-001500,PT-05,90840.0,OP-SHIFT_2-01,True
UNIT-001500,FA-05,91200.0,OP-SHIFT_2-01,True
UNIT-001500,FA-06,91260.0,OP-SHIFT_2-01,True
UNIT-001500,FA-07,91320.0,OP-SHIFT_2-01,True
UNIT-001500,FA-08,91380.0,OP-SHIFT_2-01,True
UNIT-001501,PT-05,90900.0,OP-SHIFT_2-02,True
UNIT-001501,FA-05,91260.0,OP-SHIFT_2-02,True
UNIT-001501,FA-06,91320.0,OP-SHIFT_2-02,True
UNIT-001501,FA-07,91380.0,OP-SHIFT_2-02,True
UNIT-001501,FA-08,91440.0,OP-SHIFT_2-02,True
UNIT-001502,PT-05,90960.0,OP-SHIFT_2-03,True
UNIT-001502,FA-05,91320.0,OP-SHIFT_2-03,True
UNIT-001502,FA-06,91380.0,OP-SHIFT_2-03,True
UNIT-001502,FA-07,91440.0,OP-SHIFT_2-03,True
UNIT-001502,FA-08,91500.0,OP-SHIFT_2-03,True
UNIT-001503,PT-05,91020.0,OP-SHIFT_2-04,True
UNIT-001503,FA-05,91380.0,OP-SHIFT_2-04,True
UNIT-001503,FA-06,91440.0,OP-SHIFT_2-04,True
UNIT-001503,FA-07,91500.0,OP-SHIFT_2-04,True
UNIT-001503,FA-08,91560.0,OP-SHIFT_2-04,True
UNIT-001504,PT-05,91080.0,OP-SHIFT_2-05,True
UNIT-001504,FA-05,91440.0,OP-SHIFT_2-05,True
UNIT-001504,FA-06,91500.0,OP-SHIFT_2-05,True
UNIT-001504,FA-07,91560.0,OP-SHIFT_2-05,True
UNIT-001504,FA-08,91620.0,OP-SHIFT_2-05,True
UNIT-001505,PT-05,91140.0,OP-SHIFT_2-06,True
UNIT-001505,FA-05,91500.0,OP-SHIFT_2-06,True
UNIT-001505,FA-06,91560.0,OP-SHIFT_2-06,True
UNIT-001505,FA-07,91620.0,OP-SHIFT_2-06,True
UNIT-001505,FA-08,91680.0,OP-SHIFT_2-06,True
UNIT-001506,PT-05,91200.0,OP-SHIFT_2-01,True
UNIT-001506,FA-05,91560.0,OP-SHIFT_2-01,True
UNIT-001506,FA-06,91620.0,OP-SHIFT_2-01,True
UNIT-001506,FA-07,91680.0,OP-SHIFT_2-01,True
UNIT-001506,FA-08,91740.0,OP-SHIFT_2-01,True
UNIT-001507,PT-05,91260.0,OP-SHIFT_2-02,True
UNIT-001507,FA-05,91620.0,OP-SHIFT_2-02,True
UNIT-001507,FA-06,91680.0,OP-SHIFT_2-02,True
UNIT-001507,FA-07,91740.0,OP-SHIFT_2-02,True
UNIT-001507,FA-08,91800.0,OP-SHIFT_2-02,True
UNIT-001508,PT-05,91320.0,OP-SHIFT_2-03,True
UNIT-001508,FA-05,91680.0,OP-SHIFT_2-03,True
UNIT-001508,FA-06,91740.0,OP-SHIFT_2-03,True
UNIT-001508,FA-07,91800.0,OP-SHIFT_2-03,True
UNIT-001508,FA-08,91860.0,OP-SHIFT_2-03,True
UNIT-001509,PT-05,91380.0,OP-SHIFT_2-04,True
UNIT-001509,FA-05,91740.0,OP-SHIFT_2-04,True
UNIT-001509,FA-06,91800.0,OP-SHIFT_2-04,True
UNIT-001509,FA-07,91860.0,OP-SHIFT_2-04,True
UNIT-001509,FA-08,91920.0,OP-SHIFT_2-04,True
UNIT-001510,PT-05,91440.0,OP-SHIFT_2-05,True
UNIT-001510,FA-05,91800.0,OP-SHIFT_2-05,True
UNIT-001510,FA-06,91860.0,OP-SHIFT_2-05,True
UNIT-001510,FA-07,91920.0,OP-SHIFT_2-05,True
UNIT-001510,FA-08,91980.0,OP-SHIFT_2-05,True
UNIT-001511,PT-05,91500.0,OP-SHIFT_2-06,True
UNIT-001511,FA-05,91860.0,OP-SHIFT_2-06,True
UNIT-001511,FA-06,91920.0,OP-SHIFT_2-06,True
UNIT-001511,FA-07,91980.0,OP-SHIFT_2-06,True
UNIT-001511,FA-08,92040.0,OP-SHIFT_2-06,True
UNIT-001512,PT-05,91560.0,OP-SHIFT_2-01,True
UNIT-001512,FA-05,91920.0,OP-SHIFT_2-01,True
UNIT-001512,FA-06,91980.0,OP-SHIFT_2-01,True
UNIT-001512,FA-07,92040.0,OP-SHIFT_2-01,True
UNIT-001512,FA-08,92100.0,OP-SHIFT_2-01,True
UNIT-001513,PT-05,91620.0,OP-SHIFT_2-02,True
UNIT-001513,FA-05,91980.0,OP-SHIFT_2-02,True
UNIT-001513,FA-06,92040.0,OP-SHIFT_2-02,True
UNIT-001513,FA-07,92100.0,OP-SHIFT_2-02,True
UNIT-001513,FA-08,92160.0,OP-SHIFT_2-02,True
UNIT-001514,PT-05,91680.0,OP-SHIFT_2-03,True
UNIT-001514,FA-05,92040.0,OP-SHIFT_2-03,True
UNIT-001514,FA-06,92100.0,OP-SHIFT_2-03,True
UNIT-001514,FA-07,92160.0,OP-SHIFT_2-03,True
UNIT-001514,FA-08,92220.0,OP-SHIFT_2-03,True
UNIT-001515,PT-05,91740.0,OP-SHIFT_2-04,True
UNIT-001515,FA-05,92100.0,OP-SHIFT_2-04,True
UNIT-001515,FA-06,92160.0,OP-SHIFT_2-04,True
UNIT-001515,FA-07,92220.0,OP-SHIFT_2-04,True
UNIT-001515,FA-08,92280.0,OP-SHIFT_2-04,True
UNIT-001516,PT-05,91800.0,OP-SHIFT_2-05,True
UNIT-001516,FA-05,92160.0,OP-SHIFT_2-05,True
UNIT-001516,FA-06,92220.0,OP-SHIFT_2-05,True
UNIT-001516,FA-07,92280.0,OP-SHIFT_2-05,True
UNIT-001516,FA-08,92340.0,OP-SHIFT_2-05,True
UNIT-001517,PT-05,91860.0,OP-SHIFT_2-06,True
UNIT-001517,FA-05,92220.0,OP-SHIFT_2-06,True
UNIT-001517,FA-06,92280.0,OP-SHIFT_2-06,True
UNIT-001517,FA-07,92340.0,OP-SHIFT_2-06,True
UNIT-001517,FA-08,92400.0,OP-SHIFT_2-06,True
UNIT-001518,PT-05,91920.0,OP-SHIFT_2-01,True
UNIT-001518,FA-05,92280.0,OP-SHIFT_2-01,True
UNIT-001518,FA-06,92340.0,OP-SHIFT_2-01,True
UNIT-001518,FA-07,92400.0,OP-SHIFT_2-01,True
UNIT-001518,FA-08,92460.0,OP-SHIFT_2-01,True
UNIT-001519,PT-05,91980.0,OP-SHIFT_2-02,True
UNIT-001519,FA-05,92340.0,OP-SHIFT_2-02,True
UNIT-001519,FA-06,92400.0,OP-SHIFT_2-02,True
UNIT-001519,FA-07,92460.0,OP-SHIFT_2-02,True
UNIT-001519,FA-08,92520.0,OP-SHIFT_2-02,True
UNIT-001520,PT-05,92040.0,OP-SHIFT_2-03,True
UNIT-001520,FA-05,92400.0,OP-SHIFT_2-03,True
UNIT-001520,FA-06,92460.0,OP-SHIFT_2-03,True
UNIT-001520,FA-07,92520.0,OP-SHIFT_2-03,True
UNIT-001520,FA-08,92580.0,OP-SHIFT_2-03,True
UNIT-001521,PT-05,92100.0,OP-SHIFT_2-04,True
UNIT-001521,FA-05,92460.0,OP-SHIFT_2-04,True
UNIT-001521,FA-06,92520.0,OP-SHIFT_2-04,True
UNIT-001521,FA-07,92580.0,OP-SHIFT_2-04,True
UNIT-001521,FA-08,92640.0,OP-SHIFT_2-04,True
UNIT-001522,PT-05,92160.0,OP-SHIFT_2-05,True
UNIT-001522,FA-05,92520.0,OP-SHIFT_2-05,False
UNIT-001522,FA-06,92580.0,OP-SHIFT_2-05,True
UNIT-001522,FA-07,92640.0,OP-SHIFT_2-05,True
UNIT-001522,FA-08,92700.0,OP-SHIFT_2-05,True
UNIT-001523,PT-05,92220.0,OP-SHIFT_2-06,True
UNIT-001523,FA-05,92580.0,OP-SHIFT_2-06,True
UNIT-001523,FA-06,92640.0,OP-SHIFT_2-06,True
UNIT-001523,FA-07,92700.0,OP-SHIFT_2-06,True
UNIT-001523,FA-08,92760.0,OP-SHIFT_2-06,True
UNIT-001524,PT-05,92280.0,OP-SHIFT_2-01,True
UNIT-001524,FA-05,92640.0,OP-SHIFT_2-01,True
UNIT-001524,FA-06,92700.0,OP-SHIFT_2-01,True
UNIT-001524,FA-07,92760.0,OP-SHIFT_2-01,True
UNIT-001524,FA-08,92820.0,OP-SHIFT_2-01,True
UNIT-001525,PT-05,92340.0,OP-SHIFT_2-02,True
UNIT-001525,FA-05,92700.0,OP-SHIFT_2-02,True
UNIT-001525,FA-06,92760.0,OP-SHIFT_2-02,True
UNIT-001525,FA-07,92820.0,OP-SHIFT_2-02,True
UNIT-001525,FA-08,92880.0,OP-SHIFT_2-02,True
UNIT-001526,PT-05,92400.0,OP-SHIFT_2-03,True
UNIT-001526,FA-05,92760.0,OP-SHIFT_2-03,True
UNIT-001526,FA-06,92820.0,OP-SHIFT_2-03,True
UNIT-001526,FA-07,92880.0,OP-SHIFT_2-03,True
UNIT-001526,FA-08,92940.0,OP-SHIFT_2-03,True
UNIT-001527,PT-05,92460.0,OP-SHIFT_2-04,True
UNIT-001527,FA-05,92820.0,OP-SHIFT_2-04,True
UNIT-001527,FA-06,92880.0,OP-SHIFT_2-04,True
UNIT-001527,FA-07,92940.0,OP-SHIFT_2-04,True
UNIT-001527,FA-08,93000.0,OP-SHIFT_2-04,True
UNIT-001528,PT-05,92520.0,OP-SHIFT_2-05,True
UNIT-001528,FA-05,92880.0,OP-SHIFT_2-05,True
UNIT-001528,FA-06,92940.0,OP-SHIFT_2-05,True
UNIT-001528,FA-07,93000.0,OP-SHIFT_2-05,True
UNIT-001528,FA-08,93060.0,OP-SHIFT_2-05,True
UNIT-001529,PT-05,92580.0,OP-SHIFT_2-06,True
UNIT-001529,FA-05,92940.0,OP-SHIFT_2-06,True
UNIT-001529,FA-06,93000.0,OP-SHIFT_2-06,True
UNIT-001529,FA-07,93060.0,OP-SHIFT_2-06,True
UNIT-001529,FA-08,93120.0,OP-SHIFT_2-06,True
UNIT-001530,PT-05,92640.0,OP-SHIFT_2-01,True
UNIT-001530,FA-05,93000.0,OP-SHIFT_2-01,True
UNIT-001530,FA-06,93060.0,OP-SHIFT_2-01,True
UNIT-001530,FA-07,93120.0,OP-SHIFT_2-01,True
UNIT-001530,FA-08,93180.0,OP-SHIFT_2-01,True
UNIT-001531,PT-05,92700.0,OP-SHIFT_2-02,True
UNIT-001531,FA-05,93060.0,OP-SHIFT_2-02,True
UNIT-001531,FA-06,93120.0,OP-SHIFT_2-02,True
UNIT-001531,FA-07,93180.0,OP-SHIFT_2-02,True
UNIT-001531,FA-08,93240.0,OP-SHIFT_2-02,True
UNIT-001532,PT-05,92760.0,OP-SHIFT_2-03,True
UNIT-001532,FA-05,93120.0,OP-SHIFT_2-03,True
UNIT-001532,FA-06,93180.0,OP-SHIFT_2-03,True
UNIT-001532,FA-07,93240.0,OP-SHIFT_2-03,True
UNIT-001532,FA-08,93300.0,OP-SHIFT_2-03,True
UNIT-001533,PT-05,92820.0,OP-SHIFT_2-04,True
UNIT-001533,FA-05,93180.0,OP-SHIFT_2-04,True
UNIT-001533,FA-06,93240.0,OP-SHIFT_2-04,True
UNIT-001533,FA-07,93300.0,OP-SHIFT_2-04,True
UNIT-001533,FA-08,93360.0,OP-SHIFT_2-04,True
UNIT-001534,PT-05,92880.0,OP-SHIFT_2-05,True
UNIT-001534,FA-05,93240.0,OP-SHIFT_2-05,True
UNIT-001534,FA-06,93300.0,OP-SHIFT_2-05,True
UNIT-001534,FA-07,93360.0,OP-SHIFT_2-05,True
UNIT-001534,FA-08,93420.0,OP-SHIFT_2-05,True
UNIT-001535,PT-05,92940.0,OP-SHIFT_2-06,True
UNIT-001535,FA-05,93300.0,OP-SHIFT_2-06,True
UNIT-001535,FA-06,93360.0,OP-SHIFT_2-06,True
UNIT-001535,FA-07,93420.0,OP-SHIFT_2-06,True
UNIT-001535,FA-08,93480.0,OP-SHIFT_2-06,True
UNIT-001536,PT-05,93000.0,OP-SHIFT_2-01,True
UNIT-001536,FA-05,93360.0,OP-SHIFT_2-01,True
UNIT-001536,FA-06,93420.0,OP-SHIFT_2-01,True
UNIT-001536,FA-07,93480.0,OP-SHIFT_2-01,True
UNIT-001536,FA-08,93540.0,OP-SHIFT_2-01,True
UNIT-001537,PT-05,93060.0,OP-SHIFT_2-02,True
UNIT-001537,FA-05,93420.0,OP-SHIFT_2-02,True
UNIT-001537,FA-06,93480.0,OP-SHIFT_2-02,True
UNIT-001537,FA-07,93540.0,OP-SHIFT_2-02,True
UNIT-001537,FA-08,93600.0,OP-SHIFT_2-02,True
UNIT-001538,PT-05,93120.0,OP-SHIFT_2-03,True
UNIT-001538,FA-05,93480.0,OP-SHIFT_2-03,True
UNIT-001538,FA-06,93540.0,OP-SHIFT_2-03,True
UNIT-001538,FA-07,93600.0,OP-SHIFT_2-03,True
UNIT-001538,FA-08,93660.0,OP-SHIFT_2-03,True
UNIT-001539,PT-05,93180.0,OP-SHIFT_2-04,True
UNIT-001539,FA-05,93540.0,OP-SHIFT_2-04,True
UNIT-001539,FA-06,93600.0,OP-SHIFT_2-04,True
UNIT-001539,FA-07,93660.0,OP-SHIFT_2-04,True
UNIT-001539,FA-08,93720.0,OP-SHIFT_2-04,True
UNIT-001540,PT-05,93240.0,OP-SHIFT_2-05,True
UNIT-001540,FA-05,93600.0,OP-SHIFT_2-05,True
UNIT-001540,FA-06,93660.0,OP-SHIFT_2-05,True
UNIT-001540,FA-07,93720.0,OP-SHIFT_2-05,True
UNIT-001540,FA-08,93780.0,OP-SHIFT_2-05,True
UNIT-001541,PT-05,93300.0,OP-SHIFT_2-06,True
UNIT-001541,FA-05,93660.0,OP-SHIFT_2-06,False
UNIT-001541,FA-06,93720.0,OP-SHIFT_2-06,True
UNIT-001541,FA-07,93780.0,OP-SHIFT_2-06,True
UNIT-001541,FA-08,93840.0,OP-SHIFT_2-06,True
UNIT-001542,PT-05,93360.0,OP-SHIFT_2-01,True
UNIT-001542,FA-05,93720.0,OP-SHIFT_2-01,True
UNIT-001542,FA-06,93780.0,OP-SHIFT_2-01,True
UNIT-001542,FA-07,93840.0,OP-SHIFT_2-01,True
UNIT-001542,FA-08,93900.0,OP-SHIFT_2-01,True
UNIT-001543,PT-05,93420.0,OP-SHIFT_2-02,True
UNIT-001543,FA-05,93780.0,OP-SHIFT_2-02,True
UNIT-001543,FA-06,93840.0,OP-SHIFT_2-02,True
UNIT-001543,FA-07,93900.0,OP-SHIFT_2-02,True
UNIT-001543,FA-08,93960.0,OP-SHIFT_2-02,True
UNIT-001544,PT-05,93480.0,OP-SHIFT_2-03,True
UNIT-001544,FA-05,93840.0,OP-SHIFT_2-03,True
UNIT-001544,FA-06,93900.0,OP-SHIFT_2-03,True
UNIT-001544,FA-07,93960.0,OP-SHIFT_2-03,True
UNIT-001544,FA-08,94020.0,OP-SHIFT_2-03,True
UNIT-001545,PT-05,93540.0,OP-SHIFT_2-04,True
UNIT-001545,FA-05,93900.0,OP-SHIFT_2-04,True
UNIT-001545,FA-06,93960.0,OP-SHIFT_2-04,True
UNIT-001545,FA-07,94020.0,OP-SHIFT_2-04,True
UNIT-001545,FA-08,94080.0,OP-SHIFT_2-04,True
UNIT-001546,PT-05,93600.0,OP-SHIFT_2-05,True
UNIT-001546,FA-05,93960.0,OP-SHIFT_2-05,True
UNIT-001546,FA-06,94020.0,OP-SHIFT_2-05,True
UNIT-001546,FA-07,94080.0,OP-SHIFT_2-05,True
UNIT-001546,FA-08,94140.0,OP-SHIFT_2-05,True
UNIT-001547,PT-05,93660.0,OP-SHIFT_2-06,True
UNIT-001547,FA-05,94020.0,OP-SHIFT_2-06,True
UNIT-001547,FA-06,94080.0,OP-SHIFT_2-06,True
UNIT-001547,FA-07,94140.0,OP-SHIFT_2-06,True
UNIT-001547,FA-08,94200.0,OP-SHIFT_2-06,True
UNIT-001548,PT-05,93720.0,OP-SHIFT_2-01,True
UNIT-001548,FA-05,94080.0,OP-SHIFT_2-01,True
UNIT-001548,FA-06,94140.0,OP-SHIFT_2-01,True
UNIT-001548,FA-07,94200.0,OP-SHIFT_2-01,True
UNIT-001548,FA-08,94260.0,OP-SHIFT_2-01,True
UNIT-001549,PT-05,93780.0,OP-SHIFT_2-02,True
UNIT-001549,FA-05,94140.0,OP-SHIFT_2-02,True
UNIT-001549,FA-06,94200.0,OP-SHIFT_2-02,True
UNIT-001549,FA-07,94260.0,OP-SHIFT_2-02,True
UNIT-001549,FA-08,94320.0,OP-SHIFT_2-02,True
UNIT-001550,PT-05,93840.0,OP-SHIFT_2-03,True
UNIT-001550,FA-05,94200.0,OP-SHIFT_2-03,True
UNIT-001550,FA-06,94260.0,OP-SHIFT_2-03,True
UNIT-001550,FA-07,94320.0,OP-SHIFT_2-03,True
UNIT-001550,FA-08,94380.0,OP-SHIFT_2-03,True
UNIT-001551,PT-05,93900.0,OP-SHIFT_2-04,True
UNIT-001551,FA-05,94260.0,OP-SHIFT_2-04,True
UNIT-001551,FA-06,94320.0,OP-SHIFT_2-04,True
UNIT-001551,FA-07,94380.0,OP-SHIFT_2-04,True
UNIT-001551,FA-08,94440.0,OP-SHIFT_2-04,True
UNIT-001552,PT-05,93960.0,OP-SHIFT_2-05,True
UNIT-001552,FA-05,94320.0,OP-SHIFT_2-05,True
UNIT-001552,FA-06,94380.0,OP-SHIFT_2-05,True
UNIT-001552,FA-07,94440.0,OP-SHIFT_2-05,True
UNIT-001552,FA-08,94500.0,OP-SHIFT_2-05,True
UNIT-001553,PT-05,94020.0,OP-SHIFT_2-06,True
UNIT-001553,FA-05,94380.0,OP-SHIFT_2-06,True
UNIT-001553,FA-06,94440.0,OP-SHIFT_2-06,True
UNIT-001553,FA-07,94500.0,OP-SHIFT_2-06,True
UNIT-001553,FA-08,94560.0,OP-SHIFT_2-06,True
UNIT-001554,PT-05,94080.0,OP-SHIFT_2-01,True
UNIT-001554,FA-05,94440.0,OP-SHIFT_2-01,True
UNIT-001554,FA-06,94500.0,OP-SHIFT_2-01,True
UNIT-001554,FA-07,94560.0,OP-SHIFT_2-01,True
UNIT-001554,FA-08,94620.0,OP-SHIFT_2-01,True
UNIT-001555,PT-05,94140.0,OP-SHIFT_2-02,True
UNIT-001555,FA-05,94500.0,OP-SHIFT_2-02,True
UNIT-001555,FA-06,94560.0,OP-SHIFT_2-02,True
UNIT-001555,FA-07,94620.0,OP-SHIFT_2-02,True
UNIT-001555,FA-08,94680.0,OP-SHIFT_2-02,True
UNIT-001556,PT-05,94200.0,OP-SHIFT_2-03,True
UNIT-001556,FA-05,94560.0,OP-SHIFT_2-03,True
UNIT-001556,FA-06,94620.0,OP-SHIFT_2-03,True
UNIT-001556,FA-07,94680.0,OP-SHIFT_2-03,True
UNIT-001556,FA-08,94740.0,OP-SHIFT_2-03,True
UNIT-001557,PT-05,94260.0,OP-SHIFT_2-04,True
UNIT-001557,FA-05,94620.0,OP-SHIFT_2-04,True
UNIT-001557,FA-06,94680.0,OP-SHIFT_2-04,True
UNIT-001557,FA-07,94740.0,OP-SHIFT_2-04,True
UNIT-001557,FA-08,94800.0,OP-SHIFT_2-04,True
UNIT-001558,PT-05,94320.0,OP-SHIFT_2-05,True
UNIT-001558,FA-05,94680.0,OP-SHIFT_2-05,True
UNIT-001558,FA-06,94740.0,OP-SHIFT_2-05,True
UNIT-001558,FA-07,94800.0,OP-SHIFT_2-05,True
UNIT-001558,FA-08,94860.0,OP-SHIFT_2-05,True
UNIT-001559,PT-05,94380.0,OP-SHIFT_2-06,True
UNIT-001559,FA-05,94740.0,OP-SHIFT_2-06,True
UNIT-001559,FA-06,94800.0,OP-SHIFT_2-06,True
UNIT-001559,FA-07,94860.0,OP-SHIFT_2-06,True
UNIT-001559,FA-08,94920.0,OP-SHIFT_2-06,True
UNIT-001560,PT-05,94440.0,OP-SHIFT_2-01,True
UNIT-001560,FA-05,94800.0,OP-SHIFT_2-01,True
UNIT-001560,FA-06,94860.0,OP-SHIFT_2-01,True
UNIT-001560,FA-07,94920.0,OP-SHIFT_2-01,True
UNIT-001560,FA-08,94980.0,OP-SHIFT_2-01,True
UNIT-001561,PT-05,94500.0,OP-SHIFT_2-02,True
UNIT-001561,FA-05,94860.0,OP-SHIFT_2-02,True
UNIT-001561,FA-06,94920.0,OP-SHIFT_2-02,True
UNIT-001561,FA-07,94980.0,OP-SHIFT_2-02,True
UNIT-001561,FA-08,95040.0,OP-SHIFT_2-02,True
UNIT-001562,PT-05,94560.0,OP-SHIFT_2-03,True
UNIT-001562,FA-05,94920.0,OP-SHIFT_2-03,True
UNIT-001562,FA-06,94980.0,OP-SHIFT_2-03,True
UNIT-001562,FA-07,95040.0,OP-SHIFT_2-03,True
UNIT-001562,FA-08,95100.0,OP-SHIFT_2-03,True
UNIT-001563,PT-05,94620.0,OP-SHIFT_2-04,True
UNIT-001563,FA-05,94980.0,OP-SHIFT_2-04,True
UNIT-001563,FA-06,95040.0,OP-SHIFT_2-04,True
UNIT-001563,FA-07,95100.0,OP-SHIFT_2-04,True
UNIT-001563,FA-08,95160.0,OP-SHIFT_2-04,True
UNIT-001564,PT-05,94680.0,OP-SHIFT_2-05,True
UNIT-001564,FA-05,95040.0,OP-SHIFT_2-05,True
UNIT-001564,FA-06,95100.0,OP-SHIFT_2-05,True
UNIT-001564,FA-07,95160.0,OP-SHIFT_2-05,True
UNIT-001564,FA-08,95220.0,OP-SHIFT_2-05,True
UNIT-001565,PT-05,94740.0,OP-SHIFT_2-06,True
UNIT-001565,FA-05,95100.0,OP-SHIFT_2-06,True
UNIT-001565,FA-06,95160.0,OP-SHIFT_2-06,True
UNIT-001565,FA-07,95220.0,OP-SHIFT_2-06,True
UNIT-001565,FA-08,95280.0,OP-SHIFT_2-06,True
UNIT-001566,PT-05,94800.0,OP-SHIFT_2-01,True
UNIT-001566,FA-05,95160.0,OP-SHIFT_2-01,True
UNIT-001566,FA-06,95220.0,OP-SHIFT_2-01,True
UNIT-001566,FA-07,95280.0,OP-SHIFT_2-01,True
UNIT-001566,FA-08,95340.0,OP-SHIFT_2-01,True
UNIT-001567,PT-05,94860.0,OP-SHIFT_2-02,True
UNIT-001567,FA-05,95220.0,OP-SHIFT_2-02,True
UNIT-001567,FA-06,95280.0,OP-SHIFT_2-02,True
UNIT-001567,FA-07,95340.0,OP-SHIFT_2-02,True
UNIT-001567,FA-08,95400.0,OP-SHIFT_2-02,True
UNIT-001568,PT-05,94920.0,OP-SHIFT_2-03,True
UNIT-001568,FA-05,95280.0,OP-SHIFT_2-03,True
UNIT-001568,FA-06,95340.0,OP-SHIFT_2-03,True
UNIT-001568,FA-07,95400.0,OP-SHIFT_2-03,True
UNIT-001568,FA-08,95460.0,OP-SHIFT_2-03,True
UNIT-001569,PT-05,94980.0,OP-SHIFT_2-04,True
UNIT-001569,FA-05,95340.0,OP-SHIFT_2-04,True
UNIT-001569,FA-06,95400.0,OP-SHIFT_2-04,True
UNIT-001569,FA-07,95460.0,OP-SHIFT_2-04,True
UNIT-001569,FA-08,95520.0,OP-SHIFT_2-04,True
UNIT-001570,PT-05,95040.0,OP-SHIFT_2-05,True
UNIT-001570,FA-05,95400.0,OP-SHIFT_2-05,True
UNIT-001570,FA-06,95460.0,OP-SHIFT_2-05,True
UNIT-001570,FA-07,95520.0,OP-SHIFT_2-05,True
UNIT-001570,FA-08,95580.0,OP-SHIFT_2-05,True
UNIT-001571,PT-05,95100.0,OP-SHIFT_2-06,True
UNIT-001571,FA-05,95460.0,OP-SHIFT_2-06,True
UNIT-001571,FA-06,95520.0,OP-SHIFT_2-06,True
UNIT-001571,FA-07,95580.0,OP-SHIFT_2-06,True
UNIT-001571,FA-08,95640.0,OP-SHIFT_2-06,True
UNIT-001572,PT-05,95160.0,OP-SHIFT_2-01,True
UNIT-001572,FA-05,95520.0,OP-SHIFT_2-01,True
UNIT-001572,FA-06,95580.0,OP-SHIFT_2-01,True
UNIT-001572,FA-07,95640.0,OP-SHIFT_2-01,True
UNIT-001572,FA-08,95700.0,OP-SHIFT_2-01,True
UNIT-001573,PT-05,95220.0,OP-SHIFT_2-02,True
UNIT-001573,FA-05,95580.0,OP-SHIFT_2-02,True
UNIT-001573,FA-06,95640.0,OP-SHIFT_2-02,True
UNIT-001573,FA-07,95700.0,OP-SHIFT_2-02,True
UNIT-001573,FA-08,95760.0,OP-SHIFT_2-02,True
UNIT-001574,PT-05,95280.0,OP-SHIFT_2-03,True
UNIT-001574,FA-05,95640.0,OP-SHIFT_2-03,True
UNIT-001574,FA-06,95700.0,OP-SHIFT_2-03,True
UNIT-001574,FA-07,95760.0,OP-SHIFT_2-03,True
UNIT-001574,FA-08,95820.0,OP-SHIFT_2-03,True
UNIT-001575,PT-05,95340.0,OP-SHIFT_2-04,True
UNIT-001575,FA-05,95700.0,OP-SHIFT_2-04,True
UNIT-001575,FA-06,95760.0,OP-SHIFT_2-04,True
UNIT-001575,FA-07,95820.0,OP-SHIFT_2-04,True
UNIT-001575,FA-08,95880.0,OP-SHIFT_2-04,True
UNIT-001576,PT-05,95400.0,OP-SHIFT_2-05,True
UNIT-001576,FA-05,95760.0,OP-SHIFT_2-05,True
UNIT-001576,FA-06,95820.0,OP-SHIFT_2-05,True
UNIT-001576,FA-07,95880.0,OP-SHIFT_2-05,True
UNIT-001576,FA-08,95940.0,OP-SHIFT_2-05,True
UNIT-001577,PT-05,95460.0,OP-SHIFT_2-06,True
UNIT-001577,FA-05,95820.0,OP-SHIFT_2-06,True
UNIT-001577,FA-06,95880.0,OP-SHIFT_2-06,True
UNIT-001577,FA-07,95940.0,OP-SHIFT_2-06,True
UNIT-001577,FA-08,96000.0,OP-SHIFT_2-06,True
UNIT-001578,PT-05,95520.0,OP-SHIFT_2-01,False
UNIT-001578,FA-05,95880.0,OP-SHIFT_2-01,True
UNIT-001578,FA-06,95940.0,OP-SHIFT_2-01,True
UNIT-001578,FA-07,96000.0,OP-SHIFT_2-01,True
UNIT-001578,FA-08,96060.0,OP-SHIFT_2-01,True
UNIT-001579,PT-05,95580.0,OP-SHIFT_2-02,True
UNIT-001579,FA-05,95940.0,OP-SHIFT_2-02,True
UNIT-001579,FA-06,96000.0,OP-SHIFT_2-02,True
UNIT-001579,FA-07,96060.0,OP-SHIFT_2-02,True
UNIT-001579,FA-08,96120.0,OP-SHIFT_2-02,True
UNIT-001580,PT-05,95640.0,OP-SHIFT_2-03,True
UNIT-001580,FA-05,96000.0,OP-SHIFT_2-03,True
UNIT-001580,FA-06,96060.0,OP-SHIFT_2-03,True
UNIT-001580,FA-07,96120.0,OP-SHIFT_2-03,True
UNIT-001580,FA-08,96180.0,OP-SHIFT_2-03,True
UNIT-001581,PT-05,95700.0,OP-SHIFT_2-04,True
UNIT-001581,FA-05,96060.0,OP-SHIFT_2-04,True
UNIT-001581,FA-06,96120.0,OP-SHIFT_2-04,True
UNIT-001581,FA-07,96180.0,OP-SHIFT_2-04,True
UNIT-001581,FA-08,96240.0,OP-SHIFT_2-04,True
UNIT-001582,PT-05,95760.0,OP-SHIFT_2-05,True
UNIT-001582,FA-05,96120.0,OP-SHIFT_2-05,True
UNIT-001582,FA-06,96180.0,OP-SHIFT_2-05,True
UNIT-001582,FA-07,96240.0,OP-SHIFT_2-05,True
UNIT-001582,FA-08,96300.0,OP-SHIFT_2-05,True
UNIT-001583,PT-05,95820.0,OP-SHIFT_2-06,True
UNIT-001583,FA-05,96180.0,OP-SHIFT_2-06,True
UNIT-001583,FA-06,96240.0,OP-SHIFT_2-06,True
UNIT-001583,FA-07,96300.0,OP-SHIFT_2-06,True
UNIT-001583,FA-08,96360.0,OP-SHIFT_2-06,True
UNIT-001584,PT-05,95880.0,OP-SHIFT_2-01,True
UNIT-001584,FA-05,96240.0,OP-SHIFT_2-01,True
UNIT-001584,FA-06,96300.0,OP-SHIFT_2-01,True
UNIT-001584,FA-07,96360.0,OP-SHIFT_2-01,True
UNIT-001584,FA-08,96420.0,OP-SHIFT_2-01,True
UNIT-001585,PT-05,95940.0,OP-SHIFT_2-02,False
UNIT-001585,FA-05,96300.0,OP-SHIFT_2-02,True
UNIT-001585,FA-06,96360.0,OP-SHIFT_2-02,True
UNIT-001585,FA-07,96420.0,OP-SHIFT_2-02,True
UNIT-001585,FA-08,96480.0,OP-SHIFT_2-02,True
UNIT-001586,PT-05,96000.0,OP-SHIFT_2-03,True
UNIT-001586,FA-05,96360.0,OP-SHIFT_2-03,True
UNIT-001586,FA-06,96420.0,OP-SHIFT_2-03,True
UNIT-001586,FA-07,96480.0,OP-SHIFT_2-03,True
UNIT-001586,FA-08,96540.0,OP-SHIFT_2-03,True
UNIT-001587,PT-05,96060.0,OP-SHIFT_2-04,True
UNIT-001587,FA-05,96420.0,OP-SHIFT_2-04,True
UNIT-001587,FA-06,96480.0,OP-SHIFT_2-04,True
UNIT-001587,FA-07,96540.0,OP-SHIFT_2-04,True
UNIT-001587,FA-08,96600.0,OP-SHIFT_2-04,True
UNIT-001588,PT-05,96120.0,OP-SHIFT_2-05,True
UNIT-001588,FA-05,96480.0,OP-SHIFT_2-05,True
UNIT-001588,FA-06,96540.0,OP-SHIFT_2-05,True
UNIT-001588,FA-07,96600.0,OP-SHIFT_2-05,True
UNIT-001588,FA-08,96660.0,OP-SHIFT_2-05,True
UNIT-001589,PT-05,96180.0,OP-SHIFT_2-06,True
UNIT-001589,FA-05,96540.0,OP-SHIFT_2-06,True
UNIT-001589,FA-06,96600.0,OP-SHIFT_2-06,True
UNIT-001589,FA-07,96660.0,OP-SHIFT_2-06,True
UNIT-001589,FA-08,96720.0,OP-SHIFT_2-06,True
UNIT-001590,PT-05,96240.0,OP-SHIFT_2-01,True
UNIT-001590,FA-05,96600.0,OP-SHIFT_2-01,True
UNIT-001590,FA-06,96660.0,OP-SHIFT_2-01,True
UNIT-001590,FA-07,96720.0,OP-SHIFT_2-01,True
UNIT-001590,FA-08,96780.0,OP-SHIFT_2-01,True
UNIT-001591,PT-05,96300.0,OP-SHIFT_2-02,True
UNIT-001591,FA-05,96660.0,OP-SHIFT_2-02,True
UNIT-001591,FA-06,96720.0,OP-SHIFT_2-02,False
UNIT-001591,FA-07,96780.0,OP-SHIFT_2-02,True
UNIT-001591,FA-08,96840.0,OP-SHIFT_2-02,True
UNIT-001592,PT-05,96360.0,OP-SHIFT_2-03,True
UNIT-001592,FA-05,96720.0,OP-SHIFT_2-03,True
UNIT-001592,FA-06,96780.0,OP-SHIFT_2-03,True
UNIT-001592,FA-07,96840.0,OP-SHIFT_2-03,True
UNIT-001592,FA-08,96900.0,OP-SHIFT_2-03,True
UNIT-001593,PT-05,96420.0,OP-SHIFT_2-04,True
UNIT-001593,FA-05,96780.0,OP-SHIFT_2-04,True
UNIT-001593,FA-06,96840.0,OP-SHIFT_2-04,True
UNIT-001593,FA-07,96900.0,OP-SHIFT_2-04,True
UNIT-001593,FA-08,96960.0,OP-SHIFT_2-04,True
UNIT-001594,PT-05,96480.0,OP-SHIFT_2-05,True
UNIT-001594,FA-05,96840.0,OP-SHIFT_2-05,True
UNIT-001594,FA-06,96900.0,OP-SHIFT_2-05,True
UNIT-001594,FA-07,96960.0,OP-SHIFT_2-05,True
UNIT-001594,FA-08,97020.0,OP-SHIFT_2-05,True
UNIT-001595,PT-05,96540.0,OP-SHIFT_2-06,True
UNIT-001595,FA-05,96900.0,OP-SHIFT_2-06,True
UNIT-001595,FA-06,96960.0,OP-SHIFT_2-06,True
UNIT-001595,FA-07,97020.0,OP-SHIFT_2-06,True
UNIT-001595,FA-08,97080.0,OP-SHIFT_2-06,True
UNIT-001596,PT-05,96600.0,OP-SHIFT_2-01,True
UNIT-001596,FA-05,96960.0,OP-SHIFT_2-01,True
UNIT-001596,FA-06,97020.0,OP-SHIFT_2-01,True
UNIT-001596,FA-07,97080.0,OP-SHIFT_2-01,True
UNIT-001596,FA-08,97140.0,OP-SHIFT_2-01,True
UNIT-001597,PT-05,96660.0,OP-SHIFT_2-02,True
UNIT-001597,FA-05,97020.0,OP-SHIFT_2-02,True
UNIT-001597,FA-06,97080.0,OP-SHIFT_2-02,True
UNIT-001597,FA-07,97140.0,OP-SHIFT_2-02,True
UNIT-001597,FA-08,97200.0,OP-SHIFT_2-02,True
UNIT-001598,PT-05,96720.0,OP-SHIFT_2-03,True
UNIT-001598,FA-05,97080.0,OP-SHIFT_2-03,True
UNIT-001598,FA-06,97140.0,OP-SHIFT_2-03,True
UNIT-001598,FA-07,97200.0,OP-SHIFT_2-03,True
UNIT-001598,FA-08,97260.0,OP-SHIFT_2-03,True
UNIT-001599,PT-05,96780.0,OP-SHIFT_2-04,True
UNIT-001599,FA-05,97140.0,OP-SHIFT_2-04,True
UNIT-001599,FA-06,97200.0,OP-SHIFT_2-04,True
UNIT-001599,FA-07,97260.0,OP-SHIFT_2-04,True
UNIT-001599,FA-08,97320.0,OP-SHIFT_2-04,True
UNIT-001600,PT-05,96840.0,OP-SHIFT_2-05,True
UNIT-001600,FA-05,97200.0,OP-SHIFT_2-05,True
UNIT-001600,FA-06,97260.0,OP-SHIFT_2-05,True
UNIT-001600,FA-07,97320.0,OP-SHIFT_2-05,True
UNIT-001600,FA-08,97380.0,OP-SHIFT_2-05,True
UNIT-001601,PT-05,96900.0,OP-SHIFT_2-06,True
UNIT-001601,FA-05,97260.0,OP-SHIFT_2-06,True
UNIT-001601,FA-06,97320.0,OP-SHIFT_2-06,True
UNIT-001601,FA-07,97380.0,OP-SHIFT_2-06,True
UNIT-001601,FA-08,97440.0,OP-SHIFT_2-06,True
UNIT-001602,PT-05,96960.0,OP-SHIFT_2-01,True
UNIT-001602,FA-05,97320.0,OP-SHIFT_2-01,True
UNIT-001602,FA-06,97380.0,OP-SHIFT_2-01,True
UNIT-001602,FA-07,97440.0,OP-SHIFT_2-01,True
UNIT-001602,FA-08,97500.0,OP-SHIFT_2-01,True
UNIT-001603,PT-05,97020.0,OP-SHIFT_2-02,True
UNIT-001603,FA-05,97380.0,OP-SHIFT_2-02,True
UNIT-001603,FA-06,97440.0,OP-SHIFT_2-02,True
UNIT-001603,FA-07,97500.0,OP-SHIFT_2-02,True
UNIT-001603,FA-08,97560.0,OP-SHIFT_2-02,True
UNIT-001604,PT-05,97080.0,OP-SHIFT_2-03,True
UNIT-001604,FA-05,97440.0,OP-SHIFT_2-03,True
UNIT-001604,FA-06,97500.0,OP-SHIFT_2-03,True
UNIT-001604,FA-07,97560.0,OP-SHIFT_2-03,True
UNIT-001604,FA-08,97620.0,OP-SHIFT_2-03,True
UNIT-001605,PT-05,97140.0,OP-SHIFT_2-04,True
UNIT-001605,FA-05,97500.0,OP-SHIFT_2-04,True
UNIT-001605,FA-06,97560.0,OP-SHIFT_2-04,True
UNIT-001605,FA-07,97620.0,OP-SHIFT_2-04,True
UNIT-001605,FA-08,97680.0,OP-SHIFT_2-04,True
UNIT-001606,PT-05,97200.0,OP-SHIFT_2-05,True
UNIT-001606,FA-05,97560.0,OP-SHIFT_2-05,True
UNIT-001606,FA-06,97620.0,OP-SHIFT_2-05,True
UNIT-001606,FA-07,97680.0,OP-SHIFT_2-05,True
UNIT-001606,FA-08,97740.0,OP-SHIFT_2-05,True
UNIT-001607,PT-05,97260.0,OP-SHIFT_2-06,True
UNIT-001607,FA-05,97620.0,OP-SHIFT_2-06,True
UNIT-001607,FA-06,97680.0,OP-SHIFT_2-06,True
UNIT-001607,FA-07,97740.0,OP-SHIFT_2-06,True
UNIT-001607,FA-08,97800.0,OP-SHIFT_2-06,True
UNIT-001608,PT-05,97320.0,OP-SHIFT_2-01,True
UNIT-001608,FA-05,97680.0,OP-SHIFT_2-01,True
UNIT-001608,FA-06,97740.0,OP-SHIFT_2-01,True
UNIT-001608,FA-07,97800.0,OP-SHIFT_2-01,True
UNIT-001608,FA-08,97860.0,OP-SHIFT_2-01,True
UNIT-001609,PT-05,97380.0,OP-SHIFT_2-02,True
UNIT-001609,FA-05,97740.0,OP-SHIFT_2-02,True
UNIT-001609,FA-06,97800.0,OP-SHIFT_2-02,True
UNIT-001609,FA-07,97860.0,OP-SHIFT_2-02,True
UNIT-001609,FA-08,97920.0,OP-SHIFT_2-02,True
UNIT-001610,PT-05,97440.0,OP-SHIFT_2-03,True
UNIT-001610,FA-05,97800.0,OP-SHIFT_2-03,True
UNIT-001610,FA-06,97860.0,OP-SHIFT_2-03,True
UNIT-001610,FA-07,97920.0,OP-SHIFT_2-03,True
UNIT-001610,FA-08,97980.0,OP-SHIFT_2-03,True
UNIT-001611,PT-05,97500.0,OP-SHIFT_2-04,True
UNIT-001611,FA-05,97860.0,OP-SHIFT_2-04,True
UNIT-001611,FA-06,97920.0,OP-SHIFT_2-04,True
UNIT-001611,FA-07,97980.0,OP-SHIFT_2-04,True
UNIT-001611,FA-08,98040.0,OP-SHIFT_2-04,True
UNIT-001612,PT-05,97560.0,OP-SHIFT_2-05,True
UNIT-001612,FA-05,97920.0,OP-SHIFT_2-05,True
UNIT-001612,FA-06,97980.0,OP-SHIFT_2-05,True
UNIT-001612,FA-07,98040.0,OP-SHIFT_2-05,True
UNIT-001612,FA-08,98100.0,OP-SHIFT_2-05,True
UNIT-001613,PT-05,97620.0,OP-SHIFT_2-06,True
UNIT-001613,FA-05,97980.0,OP-SHIFT_2-06,True
UNIT-001613,FA-06,98040.0,OP-SHIFT_2-06,True
UNIT-001613,FA-07,98100.0,OP-SHIFT_2-06,True
UNIT-001613,FA-08,98160.0,OP-SHIFT_2-06,True
UNIT-001614,PT-05,97680.0,OP-SHIFT_2-01,True
UNIT-001614,FA-05,98040.0,OP-SHIFT_2-01,True
UNIT-001614,FA-06,98100.0,OP-SHIFT_2-01,True
UNIT-001614,FA-07,98160.0,OP-SHIFT_2-01,True
UNIT-001614,FA-08,98220.0,OP-SHIFT_2-01,True
UNIT-001615,PT-05,97740.0,OP-SHIFT_2-02,True
UNIT-001615,FA-05,98100.0,OP-SHIFT_2-02,True
UNIT-001615,FA-06,98160.0,OP-SHIFT_2-02,True
UNIT-001615,FA-07,98220.0,OP-SHIFT_2-02,True
UNIT-001615,FA-08,98280.0,OP-SHIFT_2-02,True
UNIT-001616,PT-05,97800.0,OP-SHIFT_2-03,True
UNIT-001616,FA-05,98160.0,OP-SHIFT_2-03,True
UNIT-001616,FA-06,98220.0,OP-SHIFT_2-03,True
UNIT-001616,FA-07,98280.0,OP-SHIFT_2-03,True
UNIT-001616,FA-08,98340.0,OP-SHIFT_2-03,True
UNIT-001617,PT-05,97860.0,OP-SHIFT_2-04,True
UNIT-001617,FA-05,98220.0,OP-SHIFT_2-04,True
UNIT-001617,FA-06,98280.0,OP-SHIFT_2-04,True
UNIT-001617,FA-07,98340.0,OP-SHIFT_2-04,True
UNIT-001617,FA-08,98400.0,OP-SHIFT_2-04,True
UNIT-001618,PT-05,97920.0,OP-SHIFT_2-05,True
UNIT-001618,FA-05,98280.0,OP-SHIFT_2-05,True
UNIT-001618,FA-06,98340.0,OP-SHIFT_2-05,True
UNIT-001618,FA-07,98400.0,OP-SHIFT_2-05,True
UNIT-001618,FA-08,98460.0,OP-SHIFT_2-05,True
UNIT-001619,PT-05,97980.0,OP-SHIFT_2-06,True
UNIT-001619,FA-05,98340.0,OP-SHIFT_2-06,True
UNIT-001619,FA-06,98400.0,OP-SHIFT_2-06,True
UNIT-001619,FA-07,98460.0,OP-SHIFT_2-06,True
UNIT-001619,FA-08,98520.0,OP-SHIFT_2-06,True
UNIT-001620,PT-05,98040.0,OP-SHIFT_2-01,True
UNIT-001620,FA-05,98400.0,OP-SHIFT_2-01,True
UNIT-001620,FA-06,98460.0,OP-SHIFT_2-01,True
UNIT-001620,FA-07,98520.0,OP-SHIFT_2-01,True
UNIT-001620,FA-08,98580.0,OP-SHIFT_2-01,True
UNIT-001621,PT-05,98100.0,OP-SHIFT_2-02,True
UNIT-001621,FA-05,98460.0,OP-SHIFT_2-02,True
UNIT-001621,FA-06,98520.0,OP-SHIFT_2-02,True
UNIT-001621,FA-07,98580.0,OP-SHIFT_2-02,True
UNIT-001621,FA-08,98640.0,OP-SHIFT_2-02,True
UNIT-001622,PT-05,98160.0,OP-SHIFT_2-03,True
UNIT-001622,FA-05,98520.0,OP-SHIFT_2-03,True
UNIT-001622,FA-06,98580.0,OP-SHIFT_2-03,True
UNIT-001622,FA-07,98640.0,OP-SHIFT_2-03,True
UNIT-001622,FA-08,98700.0,OP-SHIFT_2-03,True
UNIT-001623,PT-05,98220.0,OP-SHIFT_2-04,True
UNIT-001623,FA-05,98580.0,OP-SHIFT_2-04,True
UNIT-001623,FA-06,98640.0,OP-SHIFT_2-04,True
UNIT-001623,FA-07,98700.0,OP-SHIFT_2-04,True
UNIT-001623,FA-08,98760.0,OP-SHIFT_2-04,True
UNIT-001624,PT-05,98280.0,OP-SHIFT_2-05,True
UNIT-001624,FA-05,98640.0,OP-SHIFT_2-05,True
UNIT-001624,FA-06,98700.0,OP-SHIFT_2-05,True
UNIT-001624,FA-07,98760.0,OP-SHIFT_2-05,True
UNIT-001624,FA-08,98820.0,OP-SHIFT_2-05,True
UNIT-001625,PT-05,98340.0,OP-SHIFT_2-06,True
UNIT-001625,FA-05,98700.0,OP-SHIFT_2-06,True
UNIT-001625,FA-06,98760.0,OP-SHIFT_2-06,True
UNIT-001625,FA-07,98820.0,OP-SHIFT_2-06,True
UNIT-001625,FA-08,98880.0,OP-SHIFT_2-06,True
UNIT-001626,PT-05,98400.0,OP-SHIFT_2-01,True
UNIT-001626,FA-05,98760.0,OP-SHIFT_2-01,True
UNIT-001626,FA-06,98820.0,OP-SHIFT_2-01,True
UNIT-001626,FA-07,98880.0,OP-SHIFT_2-01,True
UNIT-001626,FA-08,98940.0,OP-SHIFT_2-01,True
UNIT-001627,PT-05,98460.0,OP-SHIFT_2-02,True
UNIT-001627,FA-05,98820.0,OP-SHIFT_2-02,True
UNIT-001627,FA-06,98880.0,OP-SHIFT_2-02,True
UNIT-001627,FA-07,98940.0,OP-SHIFT_2-02,True
UNIT-001627,FA-08,99000.0,OP-SHIFT_2-02,True
UNIT-001628,PT-05,98520.0,OP-SHIFT_2-03,True
UNIT-001628,FA-05,98880.0,OP-SHIFT_2-03,True
UNIT-001628,FA-06,98940.0,OP-SHIFT_2-03,True
UNIT-001628,FA-07,99000.0,OP-SHIFT_2-03,True
UNIT-001628,FA-08,99060.0,OP-SHIFT_2-03,True
UNIT-001629,PT-05,98580.0,OP-SHIFT_2-04,True
UNIT-001629,FA-05,98940.0,OP-SHIFT_2-04,True
UNIT-001629,FA-06,99000.0,OP-SHIFT_2-04,True
UNIT-001629,FA-07,99060.0,OP-SHIFT_2-04,True
UNIT-001629,FA-08,99120.0,OP-SHIFT_2-04,True
UNIT-001630,PT-05,98640.0,OP-SHIFT_2-05,True
UNIT-001630,FA-05,99000.0,OP-SHIFT_2-05,True
UNIT-001630,FA-06,99060.0,OP-SHIFT_2-05,True
UNIT-001630,FA-07,99120.0,OP-SHIFT_2-05,True
UNIT-001630,FA-08,99180.0,OP-SHIFT_2-05,True
UNIT-001631,PT-05,98700.0,OP-SHIFT_2-06,True
UNIT-001631,FA-05,99060.0,OP-SHIFT_2-06,True
UNIT-001631,FA-06,99120.0,OP-SHIFT_2-06,True
UNIT-001631,FA-07,99180.0,OP-SHIFT_2-06,True
UNIT-001631,FA-08,99240.0,OP-SHIFT_2-06,True
UNIT-001632,PT-05,98760.0,OP-SHIFT_2-01,True
UNIT-001632,FA-05,99120.0,OP-SHIFT_2-01,True
UNIT-001632,FA-06,99180.0,OP-SHIFT_2-01,True
UNIT-001632,FA-07,99240.0,OP-SHIFT_2-01,True
UNIT-001632,FA-08,99300.0,OP-SHIFT_2-01,True
UNIT-001633,PT-05,98820.0,OP-SHIFT_2-02,True
UNIT-001633,FA-05,99180.0,OP-SHIFT_2-02,True
UNIT-001633,FA-06,99240.0,OP-SHIFT_2-02,True
UNIT-001633,FA-07,99300.0,OP-SHIFT_2-02,True
UNIT-001633,FA-08,99360.0,OP-SHIFT_2-02,True
UNIT-001634,PT-05,98880.0,OP-SHIFT_2-03,True
UNIT-001634,FA-05,99240.0,OP-SHIFT_2-03,True
UNIT-001634,FA-06,99300.0,OP-SHIFT_2-03,True
UNIT-001634,FA-07,99360.0,OP-SHIFT_2-03,True
UNIT-001634,FA-08,99420.0,OP-SHIFT_2-03,True
UNIT-001635,PT-05,98940.0,OP-SHIFT_2-04,True
UNIT-001635,FA-05,99300.0,OP-SHIFT_2-04,True
UNIT-001635,FA-06,99360.0,OP-SHIFT_2-04,True
UNIT-001635,FA-07,99420.0,OP-SHIFT_2-04,True
UNIT-001635,FA-08,99480.0,OP-SHIFT_2-04,True
UNIT-001636,PT-05,99000.0,OP-SHIFT_2-05,True
UNIT-001636,FA-05,99360.0,OP-SHIFT_2-05,True
UNIT-001636,FA-06,99420.0,OP-SHIFT_2-05,True
UNIT-001636,FA-07,99480.0,OP-SHIFT_2-05,True
UNIT-001636,FA-08,99540.0,OP-SHIFT_2-05,True
UNIT-001637,PT-05,99060.0,OP-SHIFT_2-06,True
UNIT-001637,FA-05,99420.0,OP-SHIFT_2-06,True
UNIT-001637,FA-06,99480.0,OP-SHIFT_2-06,True
UNIT-001637,FA-07,99540.0,OP-SHIFT_2-06,True
UNIT-001637,FA-08,99600.0,OP-SHIFT_2-06,True
UNIT-001638,PT-05,99120.0,OP-SHIFT_2-01,True
UNIT-001638,FA-05,99480.0,OP-SHIFT_2-01,True
UNIT-001638,FA-06,99540.0,OP-SHIFT_2-01,True
UNIT-001638,FA-07,99600.0,OP-SHIFT_2-01,True
UNIT-001638,FA-08,99660.0,OP-SHIFT_2-01,True
UNIT-001639,PT-05,99180.0,OP-SHIFT_2-02,True
UNIT-001639,FA-05,99540.0,OP-SHIFT_2-02,True
UNIT-001639,FA-06,99600.0,OP-SHIFT_2-02,True
UNIT-001639,FA-07,99660.0,OP-SHIFT_2-02,True
UNIT-001639,FA-08,99720.0,OP-SHIFT_2-02,True
UNIT-001640,PT-05,99240.0,OP-SHIFT_2-03,True
UNIT-001640,FA-05,99600.0,OP-SHIFT_2-03,True
UNIT-001640,FA-06,99660.0,OP-SHIFT_2-03,True
UNIT-001640,FA-07,99720.0,OP-SHIFT_2-03,True
UNIT-001640,FA-08,99780.0,OP-SHIFT_2-03,True
UNIT-001641,PT-05,99300.0,OP-SHIFT_2-04,True
UNIT-001641,FA-05,99660.0,OP-SHIFT_2-04,True
UNIT-001641,FA-06,99720.0,OP-SHIFT_2-04,True
UNIT-001641,FA-07,99780.0,OP-SHIFT_2-04,True
UNIT-001641,FA-08,99840.0,OP-SHIFT_2-04,True
UNIT-001642,PT-05,99360.0,OP-SHIFT_2-05,True
UNIT-001642,FA-05,99720.0,OP-SHIFT_2-05,True
UNIT-001642,FA-06,99780.0,OP-SHIFT_2-05,True
UNIT-001642,FA-07,99840.0,OP-SHIFT_2-05,True
UNIT-001642,FA-08,99900.0,OP-SHIFT_2-05,True
UNIT-001643,PT-05,99420.0,OP-SHIFT_2-06,True
UNIT-001643,FA-05,99780.0,OP-SHIFT_2-06,True
UNIT-001643,FA-06,99840.0,OP-SHIFT_2-06,True
UNIT-001643,FA-07,99900.0,OP-SHIFT_2-06,True
UNIT-001643,FA-08,99960.0,OP-SHIFT_2-06,True
UNIT-001644,PT-05,99480.0,OP-SHIFT_2-01,True
UNIT-001644,FA-05,99840.0,OP-SHIFT_2-01,True
UNIT-001644,FA-06,99900.0,OP-SHIFT_2-01,True
UNIT-001644,FA-07,99960.0,OP-SHIFT_2-01,True
UNIT-001644,FA-08,100020.0,OP-SHIFT_2-01,True
UNIT-001645,PT-05,99540.0,OP-SHIFT_2-02,True
UNIT-001645,FA-05,99900.0,OP-SHIFT_2-02,True
UNIT-001645,FA-06,99960.0,OP-SHIFT_2-02,True
UNIT-001645,FA-07,100020.0,OP-SHIFT_2-02,True
UNIT-001645,FA-08,100080.0,OP-SHIFT_2-02,True
UNIT-001646,PT-05,99600.0,OP-SHIFT_2-03,True
UNIT-001646,FA-05,99960.0,OP-SHIFT_2-03,True
UNIT-001646,FA-06,100020.0,OP-SHIFT_2-03,True
UNIT-001646,FA-07,100080.0,OP-SHIFT_2-03,True
UNIT-001646,FA-08,100140.0,OP-SHIFT_2-03,True
UNIT-001647,PT-05,99660.0,OP-SHIFT_2-04,True
UNIT-001647,FA-05,100020.0,OP-SHIFT_2-04,True
UNIT-001647,FA-06,100080.0,OP-SHIFT_2-04,True
UNIT-001647,FA-07,100140.0,OP-SHIFT_2-04,True
UNIT-001647,FA-08,100200.0,OP-SHIFT_2-04,True
UNIT-001648,PT-05,99720.0,OP-SHIFT_2-05,True
UNIT-001648,FA-05,100080.0,OP-SHIFT_2-05,True
UNIT-001648,FA-06,100140.0,OP-SHIFT_2-05,True
UNIT-001648,FA-07,100200.0,OP-SHIFT_2-05,True
UNIT-001648,FA-08,100260.0,OP-SHIFT_2-05,True
UNIT-001649,PT-05,99780.0,OP-SHIFT_2-06,True
UNIT-001649,FA-05,100140.0,OP-SHIFT_2-06,True
UNIT-001649,FA-06,100200.0,OP-SHIFT_2-06,True
UNIT-001649,FA-07,100260.0,OP-SHIFT_2-06,True
UNIT-001649,FA-08,100320.0,OP-SHIFT_2-06,True
UNIT-001650,PT-05,99840.0,OP-SHIFT_2-01,True
UNIT-001650,FA-05,100200.0,OP-SHIFT_2-01,True
UNIT-001650,FA-06,100260.0,OP-SHIFT_2-01,True
UNIT-001650,FA-07,100320.0,OP-SHIFT_2-01,True
UNIT-001650,FA-08,100380.0,OP-SHIFT_2-01,True
UNIT-001651,PT-05,99900.0,OP-SHIFT_2-02,True
UNIT-001651,FA-05,100260.0,OP-SHIFT_2-02,True
UNIT-001651,FA-06,100320.0,OP-SHIFT_2-02,True
UNIT-001651,FA-07,100380.0,OP-SHIFT_2-02,True
UNIT-001651,FA-08,100440.0,OP-SHIFT_2-02,True
UNIT-001652,PT-05,99960.0,OP-SHIFT_2-03,True
UNIT-001652,FA-05,100320.0,OP-SHIFT_2-03,True
UNIT-001652,FA-06,100380.0,OP-SHIFT_2-03,True
UNIT-001652,FA-07,100440.0,OP-SHIFT_2-03,True
UNIT-001652,FA-08,100500.0,OP-SHIFT_2-03,True
UNIT-001653,PT-05,100020.0,OP-SHIFT_2-04,True
UNIT-001653,FA-05,100380.0,OP-SHIFT_2-04,True
UNIT-001653,FA-06,100440.0,OP-SHIFT_2-04,True
UNIT-001653,FA-07,100500.0,OP-SHIFT_2-04,True
UNIT-001653,FA-08,100560.0,OP-SHIFT_2-04,True
UNIT-001654,PT-05,100080.0,OP-SHIFT_2-05,True
UNIT-001654,FA-05,100440.0,OP-SHIFT_2-05,True
UNIT-001654,FA-06,100500.0,OP-SHIFT_2-05,True
UNIT-001654,FA-07,100560.0,OP-SHIFT_2-05,True
UNIT-001654,FA-08,100620.0,OP-SHIFT_2-05,True
UNIT-001655,PT-05,100140.0,OP-SHIFT_2-06,True
UNIT-001655,FA-05,100500.0,OP-SHIFT_2-06,True
UNIT-001655,FA-06,100560.0,OP-SHIFT_2-06,True
UNIT-001655,FA-07,100620.0,OP-SHIFT_2-06,True
UNIT-001655,FA-08,100680.0,OP-SHIFT_2-06,True
UNIT-001656,PT-05,100200.0,OP-SHIFT_2-01,True
UNIT-001656,FA-05,100560.0,OP-SHIFT_2-01,True
UNIT-001656,FA-06,100620.0,OP-SHIFT_2-01,True
UNIT-001656,FA-07,100680.0,OP-SHIFT_2-01,True
UNIT-001656,FA-08,100740.0,OP-SHIFT_2-01,True
UNIT-001657,PT-05,100260.0,OP-SHIFT_2-02,True
UNIT-001657,FA-05,100620.0,OP-SHIFT_2-02,True
UNIT-001657,FA-06,100680.0,OP-SHIFT_2-02,True
UNIT-001657,FA-07,100740.0,OP-SHIFT_2-02,True
UNIT-001657,FA-08,100800.0,OP-SHIFT_2-02,True
UNIT-001658,PT-05,100320.0,OP-SHIFT_2-03,True
UNIT-001658,FA-05,100680.0,OP-SHIFT_2-03,True
UNIT-001658,FA-06,100740.0,OP-SHIFT_2-03,True
UNIT-001658,FA-07,100800.0,OP-SHIFT_2-03,True
UNIT-001658,FA-08,100860.0,OP-SHIFT_2-03,True
UNIT-001659,PT-05,100380.0,OP-SHIFT_2-04,True
UNIT-001659,FA-05,100740.0,OP-SHIFT_2-04,True
UNIT-001659,FA-06,100800.0,OP-SHIFT_2-04,True
UNIT-001659,FA-07,100860.0,OP-SHIFT_2-04,True
UNIT-001659,FA-08,100920.0,OP-SHIFT_2-04,True
UNIT-001660,PT-05,100440.0,OP-SHIFT_2-05,True
UNIT-001660,FA-05,100800.0,OP-SHIFT_2-05,True
UNIT-001660,FA-06,100860.0,OP-SHIFT_2-05,True
UNIT-001660,FA-07,100920.0,OP-SHIFT_2-05,True
UNIT-001660,FA-08,100980.0,OP-SHIFT_2-05,True
UNIT-001661,PT-05,100500.0,OP-SHIFT_2-06,True
UNIT-001661,FA-05,100860.0,OP-SHIFT_2-06,True
UNIT-001661,FA-06,100920.0,OP-SHIFT_2-06,True
UNIT-001661,FA-07,100980.0,OP-SHIFT_2-06,True
UNIT-001661,FA-08,101040.0,OP-SHIFT_2-06,True
UNIT-001662,PT-05,100560.0,OP-SHIFT_2-01,True
UNIT-001662,FA-05,100920.0,OP-SHIFT_2-01,True
UNIT-001662,FA-06,100980.0,OP-SHIFT_2-01,True
UNIT-001662,FA-07,101040.0,OP-SHIFT_2-01,True
UNIT-001662,FA-08,101100.0,OP-SHIFT_2-01,True
UNIT-001663,PT-05,100620.0,OP-SHIFT_2-02,True
UNIT-001663,FA-05,100980.0,OP-SHIFT_2-02,True
UNIT-001663,FA-06,101040.0,OP-SHIFT_2-02,True
UNIT-001663,FA-07,101100.0,OP-SHIFT_2-02,True
UNIT-001663,FA-08,101160.0,OP-SHIFT_2-02,True
UNIT-001664,PT-05,100680.0,OP-SHIFT_2-03,True
UNIT-001664,FA-05,101040.0,OP-SHIFT_2-03,True
UNIT-001664,FA-06,101100.0,OP-SHIFT_2-03,True
UNIT-001664,FA-07,101160.0,OP-SHIFT_2-03,True
UNIT-001664,FA-08,101220.0,OP-SHIFT_2-03,True
UNIT-001665,PT-05,100740.0,OP-SHIFT_2-04,True
UNIT-001665,FA-05,101100.0,OP-SHIFT_2-04,True
UNIT-001665,FA-06,101160.0,OP-SHIFT_2-04,True
UNIT-001665,FA-07,101220.0,OP-SHIFT_2-04,True
UNIT-001665,FA-08,101280.0,OP-SHIFT_2-04,True
UNIT-001666,PT-05,100800.0,OP-SHIFT_2-05,True
UNIT-001666,FA-05,101160.0,OP-SHIFT_2-05,True
UNIT-001666,FA-06,101220.0,OP-SHIFT_2-05,True
UNIT-001666,FA-07,101280.0,OP-SHIFT_2-05,True
UNIT-001666,FA-08,101340.0,OP-SHIFT_2-05,True
UNIT-001667,PT-05,100860.0,OP-SHIFT_2-06,True
UNIT-001667,FA-05,101220.0,OP-SHIFT_2-06,True
UNIT-001667,FA-06,101280.0,OP-SHIFT_2-06,True
UNIT-001667,FA-07,101340.0,OP-SHIFT_2-06,True
UNIT-001667,FA-08,101400.0,OP-SHIFT_2-06,True
UNIT-001668,PT-05,100920.0,OP-SHIFT_2-01,True
UNIT-001668,FA-05,101280.0,OP-SHIFT_2-01,True
UNIT-001668,FA-06,101340.0,OP-SHIFT_2-01,True
UNIT-001668,FA-07,101400.0,OP-SHIFT_2-01,True
UNIT-001668,FA-08,101460.0,OP-SHIFT_2-01,True
UNIT-001669,PT-05,100980.0,OP-SHIFT_2-02,True
UNIT-001669,FA-05,101340.0,OP-SHIFT_2-02,True
UNIT-001669,FA-06,101400.0,OP-SHIFT_2-02,True
UNIT-001669,FA-07,101460.0,OP-SHIFT_2-02,True
UNIT-001669,FA-08,101520.0,OP-SHIFT_2-02,False
UNIT-001670,PT-05,101040.0,OP-SHIFT_2-03,True
UNIT-001670,FA-05,101400.0,OP-SHIFT_2-03,True
UNIT-001670,FA-06,101460.0,OP-SHIFT_2-03,True
UNIT-001670,FA-07,101520.0,OP-SHIFT_2-03,True
UNIT-001670,FA-08,101580.0,OP-SHIFT_2-03,True
UNIT-001671,PT-05,101100.0,OP-SHIFT_2-04,True
UNIT-001671,FA-05,101460.0,OP-SHIFT_2-04,True
UNIT-001671,FA-06,101520.0,OP-SHIFT_2-04,True
UNIT-001671,FA-07,101580.0,OP-SHIFT_2-04,True
UNIT-001671,FA-08,101640.0,OP-SHIFT_2-04,True
UNIT-001672,PT-05,101160.0,OP-SHIFT_2-05,True
UNIT-001672,FA-05,101520.0,OP-SHIFT_2-05,True
UNIT-001672,FA-06,101580.0,OP-SHIFT_2-05,True
UNIT-001672,FA-07,101640.0,OP-SHIFT_2-05,True
UNIT-001672,FA-08,101700.0,OP-SHIFT_2-05,True
UNIT-001673,PT-05,101220.0,OP-SHIFT_2-06,True
UNIT-001673,FA-05,101580.0,OP-SHIFT_2-06,True
UNIT-001673,FA-06,101640.0,OP-SHIFT_2-06,True
UNIT-001673,FA-07,101700.0,OP-SHIFT_2-06,True
UNIT-001673,FA-08,101760.0,OP-SHIFT_2-06,True
UNIT-001674,PT-05,101280.0,OP-SHIFT_2-01,True
UNIT-001674,FA-05,101640.0,OP-SHIFT_2-01,True
UNIT-001674,FA-06,101700.0,OP-SHIFT_2-01,True
UNIT-001674,FA-07,101760.0,OP-SHIFT_2-01,True
UNIT-001674,FA-08,101820.0,OP-SHIFT_2-01,True
UNIT-001675,PT-05,101340.0,OP-SHIFT_2-02,True
UNIT-001675,FA-05,101700.0,OP-SHIFT_2-02,True
UNIT-001675,FA-06,101760.0,OP-SHIFT_2-02,True
UNIT-001675,FA-07,101820.0,OP-SHIFT_2-02,True
UNIT-001675,FA-08,101880.0,OP-SHIFT_2-02,True
UNIT-001676,PT-05,101400.0,OP-SHIFT_2-03,True
UNIT-001676,FA-05,101760.0,OP-SHIFT_2-03,True
UNIT-001676,FA-06,101820.0,OP-SHIFT_2-03,True
UNIT-001676,FA-07,101880.0,OP-SHIFT_2-03,True
UNIT-001676,FA-08,101940.0,OP-SHIFT_2-03,True
UNIT-001677,PT-05,101460.0,OP-SHIFT_2-04,True
UNIT-001677,FA-05,101820.0,OP-SHIFT_2-04,True
UNIT-001677,FA-06,101880.0,OP-SHIFT_2-04,True
UNIT-001677,FA-07,101940.0,OP-SHIFT_2-04,True
UNIT-001677,FA-08,102000.0,OP-SHIFT_2-04,True
UNIT-001678,PT-05,101520.0,OP-SHIFT_2-05,True
UNIT-001678,FA-05,101880.0,OP-SHIFT_2-05,True
UNIT-001678,FA-06,101940.0,OP-SHIFT_2-05,True
UNIT-001678,FA-07,102000.0,OP-SHIFT_2-05,True
UNIT-001678,FA-08,102060.0,OP-SHIFT_2-05,True
UNIT-001679,PT-05,101580.0,OP-SHIFT_2-06,True
UNIT-001679,FA-05,101940.0,OP-SHIFT_2-06,True
UNIT-001679,FA-06,102000.0,OP-SHIFT_2-06,True
UNIT-001679,FA-07,102060.0,OP-SHIFT_2-06,True
UNIT-001679,FA-08,102120.0,OP-SHIFT_2-06,True
UNIT-001680,PT-05,101640.0,OP-SHIFT_2-01,True
UNIT-001680,FA-05,102000.0,OP-SHIFT_2-01,False
UNIT-001680,FA-06,102060.0,OP-SHIFT_2-01,True
UNIT-001680,FA-07,102120.0,OP-SHIFT_2-01,True
UNIT-001680,FA-08,102180.0,OP-SHIFT_2-01,True
UNIT-001681,PT-05,101700.0,OP-SHIFT_2-02,True
UNIT-001681,FA-05,102060.0,OP-SHIFT_2-02,True
UNIT-001681,FA-06,102120.0,OP-SHIFT_2-02,True
UNIT-001681,FA-07,102180.0,OP-SHIFT_2-02,True
UNIT-001681,FA-08,102240.0,OP-SHIFT_2-02,True
UNIT-001682,PT-05,101760.0,OP-SHIFT_2-03,True
UNIT-001682,FA-05,102120.0,OP-SHIFT_2-03,True
UNIT-001682,FA-06,102180.0,OP-SHIFT_2-03,True
UNIT-001682,FA-07,102240.0,OP-SHIFT_2-03,True
UNIT-001682,FA-08,102300.0,OP-SHIFT_2-03,True
UNIT-001683,PT-05,101820.0,OP-SHIFT_2-04,True
UNIT-001683,FA-05,102180.0,OP-SHIFT_2-04,True
UNIT-001683,FA-06,102240.0,OP-SHIFT_2-04,True
UNIT-001683,FA-07,102300.0,OP-SHIFT_2-04,True
UNIT-001683,FA-08,102360.0,OP-SHIFT_2-04,True
UNIT-001684,PT-05,101880.0,OP-SHIFT_2-05,True
UNIT-001684,FA-05,102240.0,OP-SHIFT_2-05,True
UNIT-001684,FA-06,102300.0,OP-SHIFT_2-05,True
UNIT-001684,FA-07,102360.0,OP-SHIFT_2-05,True
UNIT-001684,FA-08,102420.0,OP-SHIFT_2-05,True
UNIT-001685,PT-05,101940.0,OP-SHIFT_2-06,True
UNIT-001685,FA-05,102300.0,OP-SHIFT_2-06,True
UNIT-001685,FA-06,102360.0,OP-SHIFT_2-06,True
UNIT-001685,FA-07,102420.0,OP-SHIFT_2-06,True
UNIT-001685,FA-08,102480.0,OP-SHIFT_2-06,True
UNIT-001686,PT-05,102000.0,OP-SHIFT_2-01,True
UNIT-001686,FA-05,102360.0,OP-SHIFT_2-01,True
UNIT-001686,FA-06,102420.0,OP-SHIFT_2-01,True
UNIT-001686,FA-07,102480.0,OP-SHIFT_2-01,True
UNIT-001686,FA-08,102540.0,OP-SHIFT_2-01,True
UNIT-001687,PT-05,102060.0,OP-SHIFT_2-02,True
UNIT-001687,FA-05,102420.0,OP-SHIFT_2-02,True
UNIT-001687,FA-06,102480.0,OP-SHIFT_2-02,True
UNIT-001687,FA-07,102540.0,OP-SHIFT_2-02,True
UNIT-001687,FA-08,102600.0,OP-SHIFT_2-02,True
UNIT-001688,PT-05,102120.0,OP-SHIFT_2-03,True
UNIT-001688,FA-05,102480.0,OP-SHIFT_2-03,True
UNIT-001688,FA-06,102540.0,OP-SHIFT_2-03,True
UNIT-001688,FA-07,102600.0,OP-SHIFT_2-03,True
UNIT-001688,FA-08,102660.0,OP-SHIFT_2-03,True
UNIT-001689,PT-05,102180.0,OP-SHIFT_2-04,True
UNIT-001689,FA-05,102540.0,OP-SHIFT_2-04,True
UNIT-001689,FA-06,102600.0,OP-SHIFT_2-04,True
UNIT-001689,FA-07,102660.0,OP-SHIFT_2-04,True
UNIT-001689,FA-08,102720.0,OP-SHIFT_2-04,True
UNIT-001690,PT-05,102240.0,OP-SHIFT_2-05,True
UNIT-001690,FA-05,102600.0,OP-SHIFT_2-05,True
UNIT-001690,FA-06,102660.0,OP-SHIFT_2-05,True
UNIT-001690,FA-07,102720.0,OP-SHIFT_2-05,True
UNIT-001690,FA-08,102780.0,OP-SHIFT_2-05,True
UNIT-001691,PT-05,102300.0,OP-SHIFT_2-06,True
UNIT-001691,FA-05,102660.0,OP-SHIFT_2-06,True
UNIT-001691,FA-06,102720.0,OP-SHIFT_2-06,True
UNIT-001691,FA-07,102780.0,OP-SHIFT_2-06,True
UNIT-001691,FA-08,102840.0,OP-SHIFT_2-06,True
UNIT-001692,PT-05,102360.0,OP-SHIFT_2-01,True
UNIT-001692,FA-05,102720.0,OP-SHIFT_2-01,True
UNIT-001692,FA-06,102780.0,OP-SHIFT_2-01,True
UNIT-001692,FA-07,102840.0,OP-SHIFT_2-01,True
UNIT-001692,FA-08,102900.0,OP-SHIFT_2-01,True
UNIT-001693,PT-05,102420.0,OP-SHIFT_2-02,True
UNIT-001693,FA-05,102780.0,OP-SHIFT_2-02,True
UNIT-001693,FA-06,102840.0,OP-SHIFT_2-02,True
UNIT-001693,FA-07,102900.0,OP-SHIFT_2-02,True
UNIT-001693,FA-08,102960.0,OP-SHIFT_2-02,True
UNIT-001694,PT-05,102480.0,OP-SHIFT_2-03,True
UNIT-001694,FA-05,102840.0,OP-SHIFT_2-03,True
UNIT-001694,FA-06,102900.0,OP-SHIFT_2-03,True
UNIT-001694,FA-07,102960.0,OP-SHIFT_2-03,True
UNIT-001694,FA-08,103020.0,OP-SHIFT_2-03,True
UNIT-001695,PT-05,102540.0,OP-SHIFT_2-04,True
UNIT-001695,FA-05,102900.0,OP-SHIFT_2-04,True
UNIT-001695,FA-06,102960.0,OP-SHIFT_2-04,True
UNIT-001695,FA-07,103020.0,OP-SHIFT_2-04,True
UNIT-001695,FA-08,103080.0,OP-SHIFT_2-04,True
UNIT-001696,PT-05,102600.0,OP-SHIFT_2-05,True
UNIT-001696,FA-05,102960.0,OP-SHIFT_2-05,True
UNIT-001696,FA-06,103020.0,OP-SHIFT_2-05,True
UNIT-001696,FA-07,103080.0,OP-SHIFT_2-05,True
UNIT-001696,FA-08,103140.0,OP-SHIFT_2-05,True
UNIT-001697,PT-05,102660.0,OP-SHIFT_2-06,True
UNIT-001697,FA-05,103020.0,OP-SHIFT_2-06,True
UNIT-001697,FA-06,103080.0,OP-SHIFT_2-06,True
UNIT-001697,FA-07,103140.0,OP-SHIFT_2-06,True
UNIT-001697,FA-08,103200.0,OP-SHIFT_2-06,True
UNIT-001698,PT-05,102720.0,OP-SHIFT_2-01,True
UNIT-001698,FA-05,103080.0,OP-SHIFT_2-01,True
UNIT-001698,FA-06,103140.0,OP-SHIFT_2-01,True
UNIT-001698,FA-07,103200.0,OP-SHIFT_2-01,True
UNIT-001698,FA-08,103260.0,OP-SHIFT_2-01,True
UNIT-001699,PT-05,102780.0,OP-SHIFT_2-02,True
UNIT-001699,FA-05,103140.0,OP-SHIFT_2-02,True
UNIT-001699,FA-06,103200.0,OP-SHIFT_2-02,True
UNIT-001699,FA-07,103260.0,OP-SHIFT_2-02,True
UNIT-001699,FA-08,103320.0,OP-SHIFT_2-02,True
UNIT-001700,PT-05,102840.0,OP-SHIFT_2-03,True
UNIT-001700,FA-05,103200.0,OP-SHIFT_2-03,True
UNIT-001700,FA-06,103260.0,OP-SHIFT_2-03,True
UNIT-001700,FA-07,103320.0,OP-SHIFT_2-03,True
UNIT-001700,FA-08,103380.0,OP-SHIFT_2-03,True
UNIT-001701,PT-05,102900.0,OP-SHIFT_2-04,True
UNIT-001701,FA-05,103260.0,OP-SHIFT_2-04,True
UNIT-001701,FA-06,103320.0,OP-SHIFT_2-04,True
UNIT-001701,FA-07,103380.0,OP-SHIFT_2-04,True
UNIT-001701,FA-08,103440.0,OP-SHIFT_2-04,True
UNIT-001702,PT-05,102960.0,OP-SHIFT_2-05,True
UNIT-001702,FA-05,103320.0,OP-SHIFT_2-05,True
UNIT-001702,FA-06,103380.0,OP-SHIFT_2-05,True
UNIT-001702,FA-07,103440.0,OP-SHIFT_2-05,True
UNIT-001702,FA-08,103500.0,OP-SHIFT_2-05,True
UNIT-001703,PT-05,103020.0,OP-SHIFT_2-06,True
UNIT-001703,FA-05,103380.0,OP-SHIFT_2-06,True
UNIT-001703,FA-06,103440.0,OP-SHIFT_2-06,False
UNIT-001703,FA-07,103500.0,OP-SHIFT_2-06,True
UNIT-001703,FA-08,103560.0,OP-SHIFT_2-06,True
UNIT-001704,PT-05,103080.0,OP-SHIFT_2-01,True
UNIT-001704,FA-05,103440.0,OP-SHIFT_2-01,True
UNIT-001704,FA-06,103500.0,OP-SHIFT_2-01,True
UNIT-001704,FA-07,103560.0,OP-SHIFT_2-01,True
UNIT-001704,FA-08,103620.0,OP-SHIFT_2-01,True
UNIT-001705,PT-05,103140.0,OP-SHIFT_2-02,True
UNIT-001705,FA-05,103500.0,OP-SHIFT_2-02,True
UNIT-001705,FA-06,103560.0,OP-SHIFT_2-02,True
UNIT-001705,FA-07,103620.0,OP-SHIFT_2-02,True
UNIT-001705,FA-08,103680.0,OP-SHIFT_2-02,True
UNIT-001706,PT-05,103200.0,OP-SHIFT_2-03,True
UNIT-001706,FA-05,103560.0,OP-SHIFT_2-03,True
UNIT-001706,FA-06,103620.0,OP-SHIFT_2-03,True
UNIT-001706,FA-07,103680.0,OP-SHIFT_2-03,True
UNIT-001706,FA-08,103740.0,OP-SHIFT_2-03,True
UNIT-001707,PT-05,103260.0,OP-SHIFT_2-04,True
UNIT-001707,FA-05,103620.0,OP-SHIFT_2-04,True
UNIT-001707,FA-06,103680.0,OP-SHIFT_2-04,True
UNIT-001707,FA-07,103740.0,OP-SHIFT_2-04,True
UNIT-001707,FA-08,103800.0,OP-SHIFT_2-04,True
UNIT-001708,PT-05,103320.0,OP-SHIFT_2-05,True
UNIT-001708,FA-05,103680.0,OP-SHIFT_2-05,True
UNIT-001708,FA-06,103740.0,OP-SHIFT_2-05,True
UNIT-001708,FA-07,103800.0,OP-SHIFT_2-05,True
UNIT-001708,FA-08,103860.0,OP-SHIFT_2-05,True
UNIT-001709,PT-05,103380.0,OP-SHIFT_2-06,True
UNIT-001709,FA-05,103740.0,OP-SHIFT_2-06,True
UNIT-001709,FA-06,103800.0,OP-SHIFT_2-06,True
UNIT-001709,FA-07,103860.0,OP-SHIFT_2-06,True
UNIT-001709,FA-08,103920.0,OP-SHIFT_2-06,True
UNIT-001710,PT-05,103440.0,OP-SHIFT_2-01,True
UNIT-001710,FA-05,103800.0,OP-SHIFT_2-01,True
UNIT-001710,FA-06,103860.0,OP-SHIFT_2-01,True
UNIT-001710,FA-07,103920.0,OP-SHIFT_2-01,True
UNIT-001710,FA-08,103980.0,OP-SHIFT_2-01,True
UNIT-001711,PT-05,103500.0,OP-SHIFT_2-02,True
UNIT-001711,FA-05,103860.0,OP-SHIFT_2-02,True
UNIT-001711,FA-06,103920.0,OP-SHIFT_2-02,True
UNIT-001711,FA-07,103980.0,OP-SHIFT_2-02,True
UNIT-001711,FA-08,104040.0,OP-SHIFT_2-02,True
UNIT-001712,PT-05,103560.0,OP-SHIFT_2-03,True
UNIT-001712,FA-05,103920.0,OP-SHIFT_2-03,True
UNIT-001712,FA-06,103980.0,OP-SHIFT_2-03,True
UNIT-001712,FA-07,104040.0,OP-SHIFT_2-03,True
UNIT-001712,FA-08,104100.0,OP-SHIFT_2-03,True
UNIT-001713,PT-05,103620.0,OP-SHIFT_2-04,True
UNIT-001713,FA-05,103980.0,OP-SHIFT_2-04,True
UNIT-001713,FA-06,104040.0,OP-SHIFT_2-04,True
UNIT-001713,FA-07,104100.0,OP-SHIFT_2-04,True
UNIT-001713,FA-08,104160.0,OP-SHIFT_2-04,True
UNIT-001714,PT-05,103680.0,OP-SHIFT_2-05,True
UNIT-001714,FA-05,104040.0,OP-SHIFT_2-05,True
UNIT-001714,FA-06,104100.0,OP-SHIFT_2-05,True
UNIT-001714,FA-07,104160.0,OP-SHIFT_2-05,True
UNIT-001714,FA-08,104220.0,OP-SHIFT_2-05,True
UNIT-001715,PT-05,103740.0,OP-SHIFT_2-06,True
UNIT-001715,FA-05,104100.0,OP-SHIFT_2-06,True
UNIT-001715,FA-06,104160.0,OP-SHIFT_2-06,True
UNIT-001715,FA-07,104220.0,OP-SHIFT_2-06,True
UNIT-001715,FA-08,104280.0,OP-SHIFT_2-06,True
UNIT-001716,PT-05,103800.0,OP-SHIFT_2-01,True
UNIT-001716,FA-05,104160.0,OP-SHIFT_2-01,True
UNIT-001716,FA-06,104220.0,OP-SHIFT_2-01,True
UNIT-001716,FA-07,104280.0,OP-SHIFT_2-01,True
UNIT-001716,FA-08,104340.0,OP-SHIFT_2-01,True
UNIT-001717,PT-05,103860.0,OP-SHIFT_2-02,True
UNIT-001717,FA-05,104220.0,OP-SHIFT_2-02,True
UNIT-001717,FA-06,104280.0,OP-SHIFT_2-02,True
UNIT-001717,FA-07,104340.0,OP-SHIFT_2-02,True
UNIT-001717,FA-08,104400.0,OP-SHIFT_2-02,True
UNIT-001718,PT-05,103920.0,OP-SHIFT_2-03,True
UNIT-001718,FA-05,104280.0,OP-SHIFT_2-03,True
UNIT-001718,FA-06,104340.0,OP-SHIFT_2-03,True
UNIT-001718,FA-07,104400.0,OP-SHIFT_2-03,True
UNIT-001718,FA-08,104460.0,OP-SHIFT_2-03,True
UNIT-001719,PT-05,103980.0,OP-SHIFT_2-04,True
UNIT-001719,FA-05,104340.0,OP-SHIFT_2-04,True
UNIT-001719,FA-06,104400.0,OP-SHIFT_2-04,True
UNIT-001719,FA-07,104460.0,OP-SHIFT_2-04,True
UNIT-001719,FA-08,104520.0,OP-SHIFT_2-04,True
UNIT-001720,PT-05,104040.0,OP-SHIFT_2-05,True
UNIT-001720,FA-05,104400.0,OP-SHIFT_2-05,True
UNIT-001720,FA-06,104460.0,OP-SHIFT_2-05,True
UNIT-001720,FA-07,104520.0,OP-SHIFT_2-05,True
UNIT-001720,FA-08,104580.0,OP-SHIFT_2-05,True
UNIT-001721,PT-05,104100.0,OP-SHIFT_2-06,True
UNIT-001721,FA-05,104460.0,OP-SHIFT_2-06,True
UNIT-001721,FA-06,104520.0,OP-SHIFT_2-06,True
UNIT-001721,FA-07,104580.0,OP-SHIFT_2-06,True
UNIT-001721,FA-08,104640.0,OP-SHIFT_2-06,True
UNIT-001722,PT-05,104160.0,OP-SHIFT_2-01,True
UNIT-001722,FA-05,104520.0,OP-SHIFT_2-01,True
UNIT-001722,FA-06,104580.0,OP-SHIFT_2-01,True
UNIT-001722,FA-07,104640.0,OP-SHIFT_2-01,True
UNIT-001722,FA-08,104700.0,OP-SHIFT_2-01,True
UNIT-001723,PT-05,104220.0,OP-SHIFT_2-02,True
UNIT-001723,FA-05,104580.0,OP-SHIFT_2-02,True
UNIT-001723,FA-06,104640.0,OP-SHIFT_2-02,True
UNIT-001723,FA-07,104700.0,OP-SHIFT_2-02,True
UNIT-001723,FA-08,104760.0,OP-SHIFT_2-02,True
UNIT-001724,PT-05,104280.0,OP-SHIFT_2-03,True
UNIT-001724,FA-05,104640.0,OP-SHIFT_2-03,True
UNIT-001724,FA-06,104700.0,OP-SHIFT_2-03,True
UNIT-001724,FA-07,104760.0,OP-SHIFT_2-03,True
UNIT-001724,FA-08,104820.0,OP-SHIFT_2-03,True
UNIT-001725,PT-05,104340.0,OP-SHIFT_2-04,True
UNIT-001725,FA-05,104700.0,OP-SHIFT_2-04,True
UNIT-001725,FA-06,104760.0,OP-SHIFT_2-04,True
UNIT-001725,FA-07,104820.0,OP-SHIFT_2-04,True
UNIT-001725,FA-08,104880.0,OP-SHIFT_2-04,True
UNIT-001726,PT-05,104400.0,OP-SHIFT_2-05,True
UNIT-001726,FA-05,104760.0,OP-SHIFT_2-05,True
UNIT-001726,FA-06,104820.0,OP-SHIFT_2-05,True
UNIT-001726,FA-07,104880.0,OP-SHIFT_2-05,True
UNIT-001726,FA-08,104940.0,OP-SHIFT_2-05,True
UNIT-001727,PT-05,104460.0,OP-SHIFT_2-06,True
UNIT-001727,FA-05,104820.0,OP-SHIFT_2-06,True
UNIT-001727,FA-06,104880.0,OP-SHIFT_2-06,True
UNIT-001727,FA-07,104940.0,OP-SHIFT_2-06,True
UNIT-001727,FA-08,105000.0,OP-SHIFT_2-06,True
UNIT-001728,PT-05,104520.0,OP-SHIFT_2-01,True
UNIT-001728,FA-05,104880.0,OP-SHIFT_2-01,True
UNIT-001728,FA-06,104940.0,OP-SHIFT_2-01,True
UNIT-001728,FA-07,105000.0,OP-SHIFT_2-01,True
UNIT-001728,FA-08,105060.0,OP-SHIFT_2-01,True
UNIT-001729,PT-05,104580.0,OP-SHIFT_2-02,True
UNIT-001729,FA-05,104940.0,OP-SHIFT_2-02,True
UNIT-001729,FA-06,105000.0,OP-SHIFT_2-02,True
UNIT-001729,FA-07,105060.0,OP-SHIFT_2-02,True
UNIT-001729,FA-08,105120.0,OP-SHIFT_2-02,True
UNIT-001730,PT-05,104640.0,OP-SHIFT_2-03,True
UNIT-001730,FA-05,105000.0,OP-SHIFT_2-03,True
UNIT-001730,FA-06,105060.0,OP-SHIFT_2-03,True
UNIT-001730,FA-07,105120.0,OP-SHIFT_2-03,True
UNIT-001730,FA-08,105180.0,OP-SHIFT_2-03,True
UNIT-001731,PT-05,104700.0,OP-SHIFT_2-04,True
UNIT-001731,FA-05,105060.0,OP-SHIFT_2-04,True
UNIT-001731,FA-06,105120.0,OP-SHIFT_2-04,True
UNIT-001731,FA-07,105180.0,OP-SHIFT_2-04,True
UNIT-001731,FA-08,105240.0,OP-SHIFT_2-04,True
UNIT-001732,PT-05,104760.0,OP-SHIFT_2-05,True
UNIT-001732,FA-05,105120.0,OP-SHIFT_2-05,True
UNIT-001732,FA-06,105180.0,OP-SHIFT_2-05,True
UNIT-001732,FA-07,105240.0,OP-SHIFT_2-05,True
UNIT-001732,FA-08,105300.0,OP-SHIFT_2-05,True
UNIT-001733,PT-05,104820.0,OP-SHIFT_2-06,True
UNIT-001733,FA-05,105180.0,OP-SHIFT_2-06,True
UNIT-001733,FA-06,105240.0,OP-SHIFT_2-06,True
UNIT-001733,FA-07,105300.0,OP-SHIFT_2-06,True
UNIT-001733,FA-08,105360.0,OP-SHIFT_2-06,True
UNIT-001734,PT-05,104880.0,OP-SHIFT_2-01,True
UNIT-001734,FA-05,105240.0,OP-SHIFT_2-01,True
UNIT-001734,FA-06,105300.0,OP-SHIFT_2-01,True
UNIT-001734,FA-07,105360.0,OP-SHIFT_2-01,True
UNIT-001734,FA-08,105420.0,OP-SHIFT_2-01,True
UNIT-001735,PT-05,104940.0,OP-SHIFT_2-02,True
UNIT-001735,FA-05,105300.0,OP-SHIFT_2-02,True
UNIT-001735,FA-06,105360.0,OP-SHIFT_2-02,True
UNIT-001735,FA-07,105420.0,OP-SHIFT_2-02,True
UNIT-001735,FA-08,105480.0,OP-SHIFT_2-02,True
UNIT-001736,PT-05,105000.0,OP-SHIFT_2-03,True
UNIT-001736,FA-05,105360.0,OP-SHIFT_2-03,True
UNIT-001736,FA-06,105420.0,OP-SHIFT_2-03,True
UNIT-001736,FA-07,105480.0,OP-SHIFT_2-03,True
UNIT-001736,FA-08,105540.0,OP-SHIFT_2-03,True
UNIT-001737,PT-05,105060.0,OP-SHIFT_2-04,True
UNIT-001737,FA-05,105420.0,OP-SHIFT_2-04,True
UNIT-001737,FA-06,105480.0,OP-SHIFT_2-04,True
UNIT-001737,FA-07,105540.0,OP-SHIFT_2-04,True
UNIT-001737,FA-08,105600.0,OP-SHIFT_2-04,True
UNIT-001738,PT-05,105120.0,OP-SHIFT_2-05,True
UNIT-001738,FA-05,105480.0,OP-SHIFT_2-05,True
UNIT-001738,FA-06,105540.0,OP-SHIFT_2-05,True
UNIT-001738,FA-07,105600.0,OP-SHIFT_2-05,True
UNIT-001738,FA-08,105660.0,OP-SHIFT_2-05,True
UNIT-001739,PT-05,105180.0,OP-SHIFT_2-06,True
UNIT-001739,FA-05,105540.0,OP-SHIFT_2-06,True
UNIT-001739,FA-06,105600.0,OP-SHIFT_2-06,True
UNIT-001739,FA-07,105660.0,OP-SHIFT_2-06,True
UNIT-001739,FA-08,105720.0,OP-SHIFT_2-06,True
UNIT-001740,PT-05,105240.0,OP-SHIFT_2-01,True
UNIT-001740,FA-05,105600.0,OP-SHIFT_2-01,True
UNIT-001740,FA-06,105660.0,OP-SHIFT_2-01,True
UNIT-001740,FA-07,105720.0,OP-SHIFT_2-01,True
UNIT-001740,FA-08,105780.0,OP-SHIFT_2-01,True
UNIT-001741,PT-05,105300.0,OP-SHIFT_2-02,True
UNIT-001741,FA-05,105660.0,OP-SHIFT_2-02,True
UNIT-001741,FA-06,105720.0,OP-SHIFT_2-02,True
UNIT-001741,FA-07,105780.0,OP-SHIFT_2-02,True
UNIT-001741,FA-08,105840.0,OP-SHIFT_2-02,True
UNIT-001742,PT-05,105360.0,OP-SHIFT_2-03,True
UNIT-001742,FA-05,105720.0,OP-SHIFT_2-03,True
UNIT-001742,FA-06,105780.0,OP-SHIFT_2-03,True
UNIT-001742,FA-07,105840.0,OP-SHIFT_2-03,True
UNIT-001742,FA-08,105900.0,OP-SHIFT_2-03,True
UNIT-001743,PT-05,105420.0,OP-SHIFT_2-04,True
UNIT-001743,FA-05,105780.0,OP-SHIFT_2-04,True
UNIT-001743,FA-06,105840.0,OP-SHIFT_2-04,True
UNIT-001743,FA-07,105900.0,OP-SHIFT_2-04,True
UNIT-001743,FA-08,105960.0,OP-SHIFT_2-04,True
UNIT-001744,PT-05,105480.0,OP-SHIFT_2-05,True
UNIT-001744,FA-05,105840.0,OP-SHIFT_2-05,True
UNIT-001744,FA-06,105900.0,OP-SHIFT_2-05,True
UNIT-001744,FA-07,105960.0,OP-SHIFT_2-05,True
UNIT-001744,FA-08,106020.0,OP-SHIFT_2-05,True
UNIT-001745,PT-05,105540.0,OP-SHIFT_2-06,True
UNIT-001745,FA-05,105900.0,OP-SHIFT_2-06,True
UNIT-001745,FA-06,105960.0,OP-SHIFT_2-06,True
UNIT-001745,FA-07,106020.0,OP-SHIFT_2-06,True
UNIT-001745,FA-08,106080.0,OP-SHIFT_2-06,True
UNIT-001746,PT-05,105600.0,OP-SHIFT_2-01,True
UNIT-001746,FA-05,105960.0,OP-SHIFT_2-01,True
UNIT-001746,FA-06,106020.0,OP-SHIFT_2-01,True
UNIT-001746,FA-07,106080.0,OP-SHIFT_2-01,True
UNIT-001746,FA-08,106140.0,OP-SHIFT_2-01,True
UNIT-001747,PT-05,105660.0,OP-SHIFT_2-02,True
UNIT-001747,FA-05,106020.0,OP-SHIFT_2-02,True
UNIT-001747,FA-06,106080.0,OP-SHIFT_2-02,True
UNIT-001747,FA-07,106140.0,OP-SHIFT_2-02,True
UNIT-001747,FA-08,106200.0,OP-SHIFT_2-02,True
UNIT-001748,PT-05,105720.0,OP-SHIFT_2-03,True
UNIT-001748,FA-05,106080.0,OP-SHIFT_2-03,True
UNIT-001748,FA-06,106140.0,OP-SHIFT_2-03,True
UNIT-001748,FA-07,106200.0,OP-SHIFT_2-03,True
UNIT-001748,FA-08,106260.0,OP-SHIFT_2-03,True
UNIT-001749,PT-05,105780.0,OP-SHIFT_2-04,True
UNIT-001749,FA-05,106140.0,OP-SHIFT_2-04,True
UNIT-001749,FA-06,106200.0,OP-SHIFT_2-04,True
UNIT-001749,FA-07,106260.0,OP-SHIFT_2-04,True
UNIT-001749,FA-08,106320.0,OP-SHIFT_2-04,True
UNIT-001750,PT-05,105840.0,OP-SHIFT_2-05,True
UNIT-001750,FA-05,106200.0,OP-SHIFT_2-05,True
UNIT-001750,FA-06,106260.0,OP-SHIFT_2-05,True
UNIT-001750,FA-07,106320.0,OP-SHIFT_2-05,True
UNIT-001750,FA-08,106380.0,OP-SHIFT_2-05,True
UNIT-001751,PT-05,105900.0,OP-SHIFT_2-06,True
UNIT-001751,FA-05,106260.0,OP-SHIFT_2-06,True
UNIT-001751,FA-06,106320.0,OP-SHIFT_2-06,True
UNIT-001751,FA-07,106380.0,OP-SHIFT_2-06,True
UNIT-001751,FA-08,106440.0,OP-SHIFT_2-06,True
UNIT-001752,PT-05,105960.0,OP-SHIFT_2-01,True
UNIT-001752,FA-05,106320.0,OP-SHIFT_2-01,True
UNIT-001752,FA-06,106380.0,OP-SHIFT_2-01,True
UNIT-001752,FA-07,106440.0,OP-SHIFT_2-01,True
UNIT-001752,FA-08,106500.0,OP-SHIFT_2-01,True
UNIT-001753,PT-05,106020.0,OP-SHIFT_2-02,True
UNIT-001753,FA-05,106380.0,OP-SHIFT_2-02,True
UNIT-001753,FA-06,106440.0,OP-SHIFT_2-02,True
UNIT-001753,FA-07,106500.0,OP-SHIFT_2-02,True
UNIT-001753,FA-08,106560.0,OP-SHIFT_2-02,True
UNIT-001754,PT-05,106080.0,OP-SHIFT_2-03,True
UNIT-001754,FA-05,106440.0,OP-SHIFT_2-03,True
UNIT-001754,FA-06,106500.0,OP-SHIFT_2-03,True
UNIT-001754,FA-07,106560.0,OP-SHIFT_2-03,True
UNIT-001754,FA-08,106620.0,OP-SHIFT_2-03,True
UNIT-001755,PT-05,106140.0,OP-SHIFT_2-04,True
UNIT-001755,FA-05,106500.0,OP-SHIFT_2-04,True
UNIT-001755,FA-06,106560.0,OP-SHIFT_2-04,True
UNIT-001755,FA-07,106620.0,OP-SHIFT_2-04,True
UNIT-001755,FA-08,106680.0,OP-SHIFT_2-04,True
UNIT-001756,PT-05,106200.0,OP-SHIFT_2-05,True
UNIT-001756,FA-05,106560.0,OP-SHIFT_2-05,True
UNIT-001756,FA-06,106620.0,OP-SHIFT_2-05,True
UNIT-001756,FA-07,106680.0,OP-SHIFT_2-05,True
UNIT-001756,FA-08,106740.0,OP-SHIFT_2-05,True
UNIT-001757,PT-05,106260.0,OP-SHIFT_2-06,True
UNIT-001757,FA-05,106620.0,OP-SHIFT_2-06,True
UNIT-001757,FA-06,106680.0,OP-SHIFT_2-06,True
UNIT-001757,FA-07,106740.0,OP-SHIFT_2-06,True
UNIT-001757,FA-08,106800.0,OP-SHIFT_2-06,True
UNIT-001758,PT-05,106320.0,OP-SHIFT_2-01,True
UNIT-001758,FA-05,106680.0,OP-SHIFT_2-01,True
UNIT-001758,FA-06,106740.0,OP-SHIFT_2-01,True
UNIT-001758,FA-07,106800.0,OP-SHIFT_2-01,True
UNIT-001758,FA-08,106860.0,OP-SHIFT_2-01,True
UNIT-001759,PT-05,106380.0,OP-SHIFT_2-02,True
UNIT-001759,FA-05,106740.0,OP-SHIFT_2-02,True
UNIT-001759,FA-06,106800.0,OP-SHIFT_2-02,True
UNIT-001759,FA-07,106860.0,OP-SHIFT_2-02,True
UNIT-001759,FA-08,106920.0,OP-SHIFT_2-02,True
UNIT-001760,PT-05,106440.0,OP-SHIFT_2-03,True
UNIT-001760,FA-05,106800.0,OP-SHIFT_2-03,True
UNIT-001760,FA-06,106860.0,OP-SHIFT_2-03,True
UNIT-001760,FA-07,106920.0,OP-SHIFT_2-03,True
UNIT-001760,FA-08,106980.0,OP-SHIFT_2-03,True
UNIT-001761,PT-05,106500.0,OP-SHIFT_2-04,True
UNIT-001761,FA-05,106860.0,OP-SHIFT_2-04,True
UNIT-001761,FA-06,106920.0,OP-SHIFT_2-04,True
UNIT-001761,FA-07,106980.0,OP-SHIFT_2-04,True
UNIT-001761,FA-08,107040.0,OP-SHIFT_2-04,True
UNIT-001762,PT-05,106560.0,OP-SHIFT_2-05,True
UNIT-001762,FA-05,106920.0,OP-SHIFT_2-05,True
UNIT-001762,FA-06,106980.0,OP-SHIFT_2-05,True
UNIT-001762,FA-07,107040.0,OP-SHIFT_2-05,True
UNIT-001762,FA-08,107100.0,OP-SHIFT_2-05,True
UNIT-001763,PT-05,106620.0,OP-SHIFT_2-06,True
UNIT-001763,FA-05,106980.0,OP-SHIFT_2-06,True
UNIT-001763,FA-06,107040.0,OP-SHIFT_2-06,True
UNIT-001763,FA-07,107100.0,OP-SHIFT_2-06,True
UNIT-001763,FA-08,107160.0,OP-SHIFT_2-06,True
UNIT-001764,PT-05,106680.0,OP-SHIFT_2-01,True
UNIT-001764,FA-05,107040.0,OP-SHIFT_2-01,True
UNIT-001764,FA-06,107100.0,OP-SHIFT_2-01,True
UNIT-001764,FA-07,107160.0,OP-SHIFT_2-01,True
UNIT-001764,FA-08,107220.0,OP-SHIFT_2-01,True
UNIT-001765,PT-05,106740.0,OP-SHIFT_2-02,True
UNIT-001765,FA-05,107100.0,OP-SHIFT_2-02,True
UNIT-001765,FA-06,107160.0,OP-SHIFT_2-02,True
UNIT-001765,FA-07,107220.0,OP-SHIFT_2-02,True
UNIT-001765,FA-08,107280.0,OP-SHIFT_2-02,True
UNIT-001766,PT-05,106800.0,OP-SHIFT_2-03,True
UNIT-001766,FA-05,107160.0,OP-SHIFT_2-03,True
UNIT-001766,FA-06,107220.0,OP-SHIFT_2-03,True
UNIT-001766,FA-07,107280.0,OP-SHIFT_2-03,True
UNIT-001766,FA-08,107340.0,OP-SHIFT_2-03,True
UNIT-001767,PT-05,106860.0,OP-SHIFT_2-04,True
UNIT-001767,FA-05,107220.0,OP-SHIFT_2-04,True
UNIT-001767,FA-06,107280.0,OP-SHIFT_2-04,True
UNIT-001767,FA-07,107340.0,OP-SHIFT_2-04,True
UNIT-001767,FA-08,107400.0,OP-SHIFT_2-04,True
UNIT-001768,PT-05,106920.0,OP-SHIFT_2-05,True
UNIT-001768,FA-05,107280.0,OP-SHIFT_2-05,True
UNIT-001768,FA-06,107340.0,OP-SHIFT_2-05,True
UNIT-001768,FA-07,107400.0,OP-SHIFT_2-05,True
UNIT-001768,FA-08,107460.0,OP-SHIFT_2-05,True
UNIT-001769,PT-05,106980.0,OP-SHIFT_2-06,True
UNIT-001769,FA-05,107340.0,OP-SHIFT_2-06,True
UNIT-001769,FA-06,107400.0,OP-SHIFT_2-06,True
UNIT-001769,FA-07,107460.0,OP-SHIFT_2-06,True
UNIT-001769,FA-08,107520.0,OP-SHIFT_2-06,True
UNIT-001770,PT-05,107040.0,OP-SHIFT_2-01,True
UNIT-001770,FA-05,107400.0,OP-SHIFT_2-01,True
UNIT-001770,FA-06,107460.0,OP-SHIFT_2-01,True
UNIT-001770,FA-07,107520.0,OP-SHIFT_2-01,True
UNIT-001770,FA-08,107580.0,OP-SHIFT_2-01,True
UNIT-001771,PT-05,107100.0,OP-SHIFT_2-02,True
UNIT-001771,FA-05,107460.0,OP-SHIFT_2-02,True
UNIT-001771,FA-06,107520.0,OP-SHIFT_2-02,True
UNIT-001771,FA-07,107580.0,OP-SHIFT_2-02,True
UNIT-001771,FA-08,107640.0,OP-SHIFT_2-02,True
UNIT-001772,PT-05,107160.0,OP-SHIFT_2-03,True
UNIT-001772,FA-05,107520.0,OP-SHIFT_2-03,True
UNIT-001772,FA-06,107580.0,OP-SHIFT_2-03,True
UNIT-001772,FA-07,107640.0,OP-SHIFT_2-03,True
UNIT-001772,FA-08,107700.0,OP-SHIFT_2-03,True
UNIT-001773,PT-05,107220.0,OP-SHIFT_2-04,True
UNIT-001773,FA-05,107580.0,OP-SHIFT_2-04,True
UNIT-001773,FA-06,107640.0,OP-SHIFT_2-04,True
UNIT-001773,FA-07,107700.0,OP-SHIFT_2-04,True
UNIT-001773,FA-08,107760.0,OP-SHIFT_2-04,True
UNIT-001774,PT-05,107280.0,OP-SHIFT_2-05,True
UNIT-001774,FA-05,107640.0,OP-SHIFT_2-05,True
UNIT-001774,FA-06,107700.0,OP-SHIFT_2-05,True
UNIT-001774,FA-07,107760.0,OP-SHIFT_2-05,True
UNIT-001774,FA-08,107820.0,OP-SHIFT_2-05,True
UNIT-001775,PT-05,107340.0,OP-SHIFT_2-06,True
UNIT-001775,FA-05,107700.0,OP-SHIFT_2-06,True
UNIT-001775,FA-06,107760.0,OP-SHIFT_2-06,True
UNIT-001775,FA-07,107820.0,OP-SHIFT_2-06,True
UNIT-001775,FA-08,107880.0,OP-SHIFT_2-06,True
UNIT-001776,PT-05,107400.0,OP-SHIFT_2-01,True
UNIT-001776,FA-05,107760.0,OP-SHIFT_2-01,True
UNIT-001776,FA-06,107820.0,OP-SHIFT_2-01,True
UNIT-001776,FA-07,107880.0,OP-SHIFT_2-01,True
UNIT-001776,FA-08,107940.0,OP-SHIFT_2-01,True
UNIT-001777,PT-05,107460.0,OP-SHIFT_2-02,True
UNIT-001777,FA-05,107820.0,OP-SHIFT_2-02,True
UNIT-001777,FA-06,107880.0,OP-SHIFT_2-02,True
UNIT-001777,FA-07,107940.0,OP-SHIFT_2-02,True
UNIT-001777,FA-08,108000.0,OP-SHIFT_2-02,True
UNIT-001778,PT-05,107520.0,OP-SHIFT_2-03,True
UNIT-001778,FA-05,107880.0,OP-SHIFT_2-03,True
UNIT-001778,FA-06,107940.0,OP-SHIFT_2-03,True
UNIT-001778,FA-07,108000.0,OP-SHIFT_2-03,True
UNIT-001778,FA-08,108060.0,OP-SHIFT_2-03,True
UNIT-001779,PT-05,107580.0,OP-SHIFT_2-04,True
UNIT-001779,FA-05,107940.0,OP-SHIFT_2-04,True
UNIT-001779,FA-06,108000.0,OP-SHIFT_2-04,True
UNIT-001779,FA-07,108060.0,OP-SHIFT_2-04,True
UNIT-001779,FA-08,108120.0,OP-SHIFT_2-04,True
UNIT-001780,PT-05,107640.0,OP-SHIFT_2-05,True
UNIT-001780,FA-05,108000.0,OP-SHIFT_2-05,True
UNIT-001780,FA-06,108060.0,OP-SHIFT_2-05,True
UNIT-001780,FA-07,108120.0,OP-SHIFT_2-05,True
UNIT-001780,FA-08,108180.0,OP-SHIFT_2-05,True
UNIT-001781,PT-05,107700.0,OP-SHIFT_2-06,True
UNIT-001781,FA-05,108060.0,OP-SHIFT_2-06,True
UNIT-001781,FA-06,108120.0,OP-SHIFT_2-06,True
UNIT-001781,FA-07,108180.0,OP-SHIFT_2-06,True
UNIT-001781,FA-08,108240.0,OP-SHIFT_2-06,True
UNIT-001782,PT-05,107760.0,OP-SHIFT_2-01,True
UNIT-001782,FA-05,108120.0,OP-SHIFT_2-01,True
UNIT-001782,FA-06,108180.0,OP-SHIFT_2-01,True
UNIT-001782,FA-07,108240.0,OP-SHIFT_2-01,True
UNIT-001782,FA-08,108300.0,OP-SHIFT_2-01,True
UNIT-001783,PT-05,107820.0,OP-SHIFT_2-02,True
UNIT-001783,FA-05,108180.0,OP-SHIFT_2-02,True
UNIT-001783,FA-06,108240.0,OP-SHIFT_2-02,True
UNIT-001783,FA-07,108300.0,OP-SHIFT_2-02,True
UNIT-001783,FA-08,108360.0,OP-SHIFT_2-02,True
UNIT-001784,PT-05,107880.0,OP-SHIFT_2-03,True
UNIT-001784,FA-05,108240.0,OP-SHIFT_2-03,True
UNIT-001784,FA-06,108300.0,OP-SHIFT_2-03,True
UNIT-001784,FA-07,108360.0,OP-SHIFT_2-03,True
UNIT-001784,FA-08,108420.0,OP-SHIFT_2-03,True
UNIT-001785,PT-05,107940.0,OP-SHIFT_2-04,True
UNIT-001785,FA-05,108300.0,OP-SHIFT_2-04,True
UNIT-001785,FA-06,108360.0,OP-SHIFT_2-04,True
UNIT-001785,FA-07,108420.0,OP-SHIFT_2-04,True
UNIT-001785,FA-08,108480.0,OP-SHIFT_2-04,True
UNIT-001786,PT-05,108000.0,OP-SHIFT_2-05,True
UNIT-001786,FA-05,108360.0,OP-SHIFT_2-05,True
UNIT-001786,FA-06,108420.0,OP-SHIFT_2-05,True
UNIT-001786,FA-07,108480.0,OP-SHIFT_2-05,True
UNIT-001786,FA-08,108540.0,OP-SHIFT_2-05,True
UNIT-001787,PT-05,108060.0,OP-SHIFT_2-06,True
UNIT-001787,FA-05,108420.0,OP-SHIFT_2-06,True
UNIT-001787,FA-06,108480.0,OP-SHIFT_2-06,True
UNIT-001787,FA-07,108540.0,OP-SHIFT_2-06,True
UNIT-001787,FA-08,108600.0,OP-SHIFT_2-06,True
UNIT-001788,PT-05,108120.0,OP-SHIFT_2-01,True
UNIT-001788,FA-05,108480.0,OP-SHIFT_2-01,True
UNIT-001788,FA-06,108540.0,OP-SHIFT_2-01,True
UNIT-001788,FA-07,108600.0,OP-SHIFT_2-01,True
UNIT-001788,FA-08,108660.0,OP-SHIFT_2-01,True
UNIT-001789,PT-05,108180.0,OP-SHIFT_2-02,True
UNIT-001789,FA-05,108540.0,OP-SHIFT_2-02,True
UNIT-001789,FA-06,108600.0,OP-SHIFT_2-02,True
UNIT-001789,FA-07,108660.0,OP-SHIFT_2-02,True
UNIT-001789,FA-08,108720.0,OP-SHIFT_2-02,True
UNIT-001790,PT-05,108240.0,OP-SHIFT_2-03,True
UNIT-001790,FA-05,108600.0,OP-SHIFT_2-03,True
UNIT-001790,FA-06,108660.0,OP-SHIFT_2-03,True
UNIT-001790,FA-07,108720.0,OP-SHIFT_2-03,True
UNIT-001790,FA-08,108780.0,OP-SHIFT_2-03,True
UNIT-001791,PT-05,108300.0,OP-SHIFT_2-04,True
UNIT-001791,FA-05,108660.0,OP-SHIFT_2-04,True
UNIT-001791,FA-06,108720.0,OP-SHIFT_2-04,True
UNIT-001791,FA-07,108780.0,OP-SHIFT_2-04,True
UNIT-001791,FA-08,108840.0,OP-SHIFT_2-04,True
UNIT-001792,PT-05,108360.0,OP-SHIFT_2-05,True
UNIT-001792,FA-05,108720.0,OP-SHIFT_2-05,True
UNIT-001792,FA-06,108780.0,OP-SHIFT_2-05,True
UNIT-001792,FA-07,108840.0,OP-SHIFT_2-05,True
UNIT-001792,FA-08,108900.0,OP-SHIFT_2-05,True
UNIT-001793,PT-05,108420.0,OP-SHIFT_2-06,True
UNIT-001793,FA-05,108780.0,OP-SHIFT_2-06,True
UNIT-001793,FA-06,108840.0,OP-SHIFT_2-06,True
UNIT-001793,FA-07,108900.0,OP-SHIFT_2-06,True
UNIT-001793,FA-08,108960.0,OP-SHIFT_2-06,True
UNIT-001794,PT-05,108480.0,OP-SHIFT_2-01,True
UNIT-001794,FA-05,108840.0,OP-SHIFT_2-01,True
UNIT-001794,FA-06,108900.0,OP-SHIFT_2-01,True
UNIT-001794,FA-07,108960.0,OP-SHIFT_2-01,True
UNIT-001794,FA-08,109020.0,OP-SHIFT_2-01,True
UNIT-001795,PT-05,108540.0,OP-SHIFT_2-02,True
UNIT-001795,FA-05,108900.0,OP-SHIFT_2-02,True
UNIT-001795,FA-06,108960.0,OP-SHIFT_2-02,True
UNIT-001795,FA-07,109020.0,OP-SHIFT_2-02,True
UNIT-001795,FA-08,109080.0,OP-SHIFT_2-02,True
UNIT-001796,PT-05,108600.0,OP-SHIFT_2-03,True
UNIT-001796,FA-05,108960.0,OP-SHIFT_2-03,True
UNIT-001796,FA-06,109020.0,OP-SHIFT_2-03,True
UNIT-001796,FA-07,109080.0,OP-SHIFT_2-03,True
UNIT-001796,FA-08,109140.0,OP-SHIFT_2-03,True
UNIT-001797,PT-05,108660.0,OP-SHIFT_2-04,True
UNIT-001797,FA-05,109020.0,OP-SHIFT_2-04,True
UNIT-001797,FA-06,109080.0,OP-SHIFT_2-04,True
UNIT-001797,FA-07,109140.0,OP-SHIFT_2-04,True
UNIT-001797,FA-08,109200.0,OP-SHIFT_2-04,True
UNIT-001798,PT-05,108720.0,OP-SHIFT_2-05,True
UNIT-001798,FA-05,109080.0,OP-SHIFT_2-05,True
UNIT-001798,FA-06,109140.0,OP-SHIFT_2-05,True
UNIT-001798,FA-07,109200.0,OP-SHIFT_2-05,True
UNIT-001798,FA-08,109260.0,OP-SHIFT_2-05,True
UNIT-001799,PT-05,108780.0,OP-SHIFT_2-06,True
UNIT-001799,FA-05,109140.0,OP-SHIFT_2-06,True
UNIT-001799,FA-06,109200.0,OP-SHIFT_2-06,True
UNIT-001799,FA-07,109260.0,OP-SHIFT_2-06,True
UNIT-001799,FA-08,109320.0,OP-SHIFT_2-06,True
UNIT-001800,PT-05,108840.0,OP-SHIFT_2-01,True
UNIT-001800,FA-05,109200.0,OP-SHIFT_2-01,True
UNIT-001800,FA-06,109260.0,OP-SHIFT_2-01,True
UNIT-001800,FA-07,109320.0,OP-SHIFT_2-01,True
UNIT-001800,FA-08,109380.0,OP-SHIFT_2-01,True
UNIT-001801,PT-05,108900.0,OP-SHIFT_2-02,True
UNIT-001801,FA-05,109260.0,OP-SHIFT_2-02,True
UNIT-001801,FA-06,109320.0,OP-SHIFT_2-02,True
UNIT-001801,FA-07,109380.0,OP-SHIFT_2-02,True
UNIT-001801,FA-08,109440.0,OP-SHIFT_2-02,True
UNIT-001802,PT-05,108960.0,OP-SHIFT_2-03,True
UNIT-001802,FA-05,109320.0,OP-SHIFT_2-03,True
UNIT-001802,FA-06,109380.0,OP-SHIFT_2-03,True
UNIT-001802,FA-07,109440.0,OP-SHIFT_2-03,True
UNIT-001802,FA-08,109500.0,OP-SHIFT_2-03,True
UNIT-001803,PT-05,109020.0,OP-SHIFT_2-04,True
UNIT-001803,FA-05,109380.0,OP-SHIFT_2-04,True
UNIT-001803,FA-06,109440.0,OP-SHIFT_2-04,True
UNIT-001803,FA-07,109500.0,OP-SHIFT_2-04,True
UNIT-001803,FA-08,109560.0,OP-SHIFT_2-04,True
UNIT-001804,PT-05,109080.0,OP-SHIFT_2-05,True
UNIT-001804,FA-05,109440.0,OP-SHIFT_2-05,True
UNIT-001804,FA-06,109500.0,OP-SHIFT_2-05,True
UNIT-001804,FA-07,109560.0,OP-SHIFT_2-05,True
UNIT-001804,FA-08,109620.0,OP-SHIFT_2-05,True
UNIT-001805,PT-05,109140.0,OP-SHIFT_2-06,True
UNIT-001805,FA-05,109500.0,OP-SHIFT_2-06,True
UNIT-001805,FA-06,109560.0,OP-SHIFT_2-06,True
UNIT-001805,FA-07,109620.0,OP-SHIFT_2-06,True
UNIT-001805,FA-08,109680.0,OP-SHIFT_2-06,True
UNIT-001806,PT-05,109200.0,OP-SHIFT_2-01,True
UNIT-001806,FA-05,109560.0,OP-SHIFT_2-01,True
UNIT-001806,FA-06,109620.0,OP-SHIFT_2-01,True
UNIT-001806,FA-07,109680.0,OP-SHIFT_2-01,True
UNIT-001806,FA-08,109740.0,OP-SHIFT_2-01,True
UNIT-001807,PT-05,109260.0,OP-SHIFT_2-02,True
UNIT-001807,FA-05,109620.0,OP-SHIFT_2-02,True
UNIT-001807,FA-06,109680.0,OP-SHIFT_2-02,True
UNIT-001807,FA-07,109740.0,OP-SHIFT_2-02,True
UNIT-001807,FA-08,109800.0,OP-SHIFT_2-02,True
UNIT-001808,PT-05,109320.0,OP-SHIFT_2-03,True
UNIT-001808,FA-05,109680.0,OP-SHIFT_2-03,True
UNIT-001808,FA-06,109740.0,OP-SHIFT_2-03,True
UNIT-001808,FA-07,109800.0,OP-SHIFT_2-03,True
UNIT-001808,FA-08,109860.0,OP-SHIFT_2-03,True
UNIT-001809,PT-05,109380.0,OP-SHIFT_2-04,True
UNIT-001809,FA-05,109740.0,OP-SHIFT_2-04,True
UNIT-001809,FA-06,109800.0,OP-SHIFT_2-04,True
UNIT-001809,FA-07,109860.0,OP-SHIFT_2-04,True
UNIT-001809,FA-08,109920.0,OP-SHIFT_2-04,True
UNIT-001810,PT-05,109440.0,OP-SHIFT_2-05,True
UNIT-001810,FA-05,109800.0,OP-SHIFT_2-05,True
UNIT-001810,FA-06,109860.0,OP-SHIFT_2-05,True
UNIT-001810,FA-07,109920.0,OP-SHIFT_2-05,True
UNIT-001810,FA-08,109980.0,OP-SHIFT_2-05,True
UNIT-001811,PT-05,109500.0,OP-SHIFT_2-06,True
UNIT-001811,FA-05,109860.0,OP-SHIFT_2-06,True
UNIT-001811,FA-06,109920.0,OP-SHIFT_2-06,True
UNIT-001811,FA-07,109980.0,OP-SHIFT_2-06,True
UNIT-001811,FA-08,110040.0,OP-SHIFT_2-06,True
UNIT-001812,PT-05,109560.0,OP-SHIFT_2-01,True
UNIT-001812,FA-05,109920.0,OP-SHIFT_2-01,True
UNIT-001812,FA-06,109980.0,OP-SHIFT_2-01,True
UNIT-001812,FA-07,110040.0,OP-SHIFT_2-01,True
UNIT-001812,FA-08,110100.0,OP-SHIFT_2-01,True
UNIT-001813,PT-05,109620.0,OP-SHIFT_2-02,True
UNIT-001813,FA-05,109980.0,OP-SHIFT_2-02,True
UNIT-001813,FA-06,110040.0,OP-SHIFT_2-02,True
UNIT-001813,FA-07,110100.0,OP-SHIFT_2-02,True
UNIT-001813,FA-08,110160.0,OP-SHIFT_2-02,True
UNIT-001814,PT-05,109680.0,OP-SHIFT_2-03,True
UNIT-001814,FA-05,110040.0,OP-SHIFT_2-03,True
UNIT-001814,FA-06,110100.0,OP-SHIFT_2-03,True
UNIT-001814,FA-07,110160.0,OP-SHIFT_2-03,True
UNIT-001814,FA-08,110220.0,OP-SHIFT_2-03,True
UNIT-001815,PT-05,109740.0,OP-SHIFT_2-04,True
UNIT-001815,FA-05,110100.0,OP-SHIFT_2-04,True
UNIT-001815,FA-06,110160.0,OP-SHIFT_2-04,True
UNIT-001815,FA-07,110220.0,OP-SHIFT_2-04,True
UNIT-001815,FA-08,110280.0,OP-SHIFT_2-04,True
UNIT-001816,PT-05,109800.0,OP-SHIFT_2-05,True
UNIT-001816,FA-05,110160.0,OP-SHIFT_2-05,True
UNIT-001816,FA-06,110220.0,OP-SHIFT_2-05,True
UNIT-001816,FA-07,110280.0,OP-SHIFT_2-05,True
UNIT-001816,FA-08,110340.0,OP-SHIFT_2-05,True
UNIT-001817,PT-05,109860.0,OP-SHIFT_2-06,True
UNIT-001817,FA-05,110220.0,OP-SHIFT_2-06,True
UNIT-001817,FA-06,110280.0,OP-SHIFT_2-06,True
UNIT-001817,FA-07,110340.0,OP-SHIFT_2-06,True
UNIT-001817,FA-08,110400.0,OP-SHIFT_2-06,True
UNIT-001818,PT-05,109920.0,OP-SHIFT_2-01,True
UNIT-001818,FA-05,110280.0,OP-SHIFT_2-01,True
UNIT-001818,FA-06,110340.0,OP-SHIFT_2-01,True
UNIT-001818,FA-07,110400.0,OP-SHIFT_2-01,True
UNIT-001818,FA-08,110460.0,OP-SHIFT_2-01,True
UNIT-001819,PT-05,109980.0,OP-SHIFT_2-02,True
UNIT-001819,FA-05,110340.0,OP-SHIFT_2-02,True
UNIT-001819,FA-06,110400.0,OP-SHIFT_2-02,True
UNIT-001819,FA-07,110460.0,OP-SHIFT_2-02,True
UNIT-001819,FA-08,110520.0,OP-SHIFT_2-02,True
UNIT-001820,PT-05,110040.0,OP-SHIFT_2-03,True
UNIT-001820,FA-05,110400.0,OP-SHIFT_2-03,True
UNIT-001820,FA-06,110460.0,OP-SHIFT_2-03,True
UNIT-001820,FA-07,110520.0,OP-SHIFT_2-03,True
UNIT-001820,FA-08,110580.0,OP-SHIFT_2-03,True
UNIT-001821,PT-05,110100.0,OP-SHIFT_2-04,True
UNIT-001821,FA-05,110460.0,OP-SHIFT_2-04,True
UNIT-001821,FA-06,110520.0,OP-SHIFT_2-04,True
UNIT-001821,FA-07,110580.0,OP-SHIFT_2-04,True
UNIT-001821,FA-08,110640.0,OP-SHIFT_2-04,True
UNIT-001822,PT-05,110160.0,OP-SHIFT_2-05,True
UNIT-001822,FA-05,110520.0,OP-SHIFT_2-05,False
UNIT-001822,FA-06,110580.0,OP-SHIFT_2-05,True
UNIT-001822,FA-07,110640.0,OP-SHIFT_2-05,True
UNIT-001822,FA-08,110700.0,OP-SHIFT_2-05,True
UNIT-001823,PT-05,110220.0,OP-SHIFT_2-06,True
UNIT-001823,FA-05,110580.0,OP-SHIFT_2-06,True
UNIT-001823,FA-06,110640.0,OP-SHIFT_2-06,True
UNIT-001823,FA-07,110700.0,OP-SHIFT_2-06,True
UNIT-001823,FA-08,110760.0,OP-SHIFT_2-06,True
UNIT-001824,PT-05,110280.0,OP-SHIFT_2-01,True
UNIT-001824,FA-05,110640.0,OP-SHIFT_2-01,True
UNIT-001824,FA-06,110700.0,OP-SHIFT_2-01,True
UNIT-001824,FA-07,110760.0,OP-SHIFT_2-01,True
UNIT-001824,FA-08,110820.0,OP-SHIFT_2-01,True
UNIT-001825,PT-05,110340.0,OP-SHIFT_2-02,True
UNIT-001825,FA-05,110700.0,OP-SHIFT_2-02,True
UNIT-001825,FA-06,110760.0,OP-SHIFT_2-02,True
UNIT-001825,FA-07,110820.0,OP-SHIFT_2-02,True
UNIT-001825,FA-08,110880.0,OP-SHIFT_2-02,True
UNIT-001826,PT-05,110400.0,OP-SHIFT_2-03,True
UNIT-001826,FA-05,110760.0,OP-SHIFT_2-03,True
UNIT-001826,FA-06,110820.0,OP-SHIFT_2-03,True
UNIT-001826,FA-07,110880.0,OP-SHIFT_2-03,True
UNIT-001826,FA-08,110940.0,OP-SHIFT_2-03,True
UNIT-001827,PT-05,110460.0,OP-SHIFT_2-04,True
UNIT-001827,FA-05,110820.0,OP-SHIFT_2-04,True
UNIT-001827,FA-06,110880.0,OP-SHIFT_2-04,True
UNIT-001827,FA-07,110940.0,OP-SHIFT_2-04,True
UNIT-001827,FA-08,111000.0,OP-SHIFT_2-04,True
UNIT-001828,PT-05,110520.0,OP-SHIFT_2-05,True
UNIT-001828,FA-05,110880.0,OP-SHIFT_2-05,False
UNIT-001828,FA-06,110940.0,OP-SHIFT_2-05,True
UNIT-001828,FA-07,111000.0,OP-SHIFT_2-05,True
UNIT-001828,FA-08,111060.0,OP-SHIFT_2-05,True
UNIT-001829,PT-05,110580.0,OP-SHIFT_2-06,True
UNIT-001829,FA-05,110940.0,OP-SHIFT_2-06,True
UNIT-001829,FA-06,111000.0,OP-SHIFT_2-06,True
UNIT-001829,FA-07,111060.0,OP-SHIFT_2-06,True
UNIT-001829,FA-08,111120.0,OP-SHIFT_2-06,True
UNIT-001830,PT-05,110640.0,OP-SHIFT_2-01,True
UNIT-001830,FA-05,111000.0,OP-SHIFT_2-01,True
UNIT-001830,FA-06,111060.0,OP-SHIFT_2-01,True
UNIT-001830,FA-07,111120.0,OP-SHIFT_2-01,True
UNIT-001830,FA-08,111180.0,OP-SHIFT_2-01,True
UNIT-001831,PT-05,110700.0,OP-SHIFT_2-02,True
UNIT-001831,FA-05,111060.0,OP-SHIFT_2-02,True
UNIT-001831,FA-06,111120.0,OP-SHIFT_2-02,True
UNIT-001831,FA-07,111180.0,OP-SHIFT_2-02,True
UNIT-001831,FA-08,111240.0,OP-SHIFT_2-02,True
UNIT-001832,PT-05,110760.0,OP-SHIFT_2-03,True
UNIT-001832,FA-05,111120.0,OP-SHIFT_2-03,True
UNIT-001832,FA-06,111180.0,OP-SHIFT_2-03,True
UNIT-001832,FA-07,111240.0,OP-SHIFT_2-03,True
UNIT-001832,FA-08,111300.0,OP-SHIFT_2-03,True
UNIT-001833,PT-05,110820.0,OP-SHIFT_2-04,True
UNIT-001833,FA-05,111180.0,OP-SHIFT_2-04,True
UNIT-001833,FA-06,111240.0,OP-SHIFT_2-04,True
UNIT-001833,FA-07,111300.0,OP-SHIFT_2-04,True
UNIT-001833,FA-08,111360.0,OP-SHIFT_2-04,True
UNIT-001834,PT-05,110880.0,OP-SHIFT_2-05,True
UNIT-001834,FA-05,111240.0,OP-SHIFT_2-05,True
UNIT-001834,FA-06,111300.0,OP-SHIFT_2-05,True
UNIT-001834,FA-07,111360.0,OP-SHIFT_2-05,True
UNIT-001834,FA-08,111420.0,OP-SHIFT_2-05,True
UNIT-001835,PT-05,110940.0,OP-SHIFT_2-06,True
UNIT-001835,FA-05,111300.0,OP-SHIFT_2-06,True
UNIT-001835,FA-06,111360.0,OP-SHIFT_2-06,True
UNIT-001835,FA-07,111420.0,OP-SHIFT_2-06,True
UNIT-001835,FA-08,111480.0,OP-SHIFT_2-06,True
UNIT-001836,PT-05,111000.0,OP-SHIFT_2-01,True
UNIT-001836,FA-05,111360.0,OP-SHIFT_2-01,True
UNIT-001836,FA-06,111420.0,OP-SHIFT_2-01,True
UNIT-001836,FA-07,111480.0,OP-SHIFT_2-01,True
UNIT-001836,FA-08,111540.0,OP-SHIFT_2-01,True
UNIT-001837,PT-05,111060.0,OP-SHIFT_2-02,True
UNIT-001837,FA-05,111420.0,OP-SHIFT_2-02,True
UNIT-001837,FA-06,111480.0,OP-SHIFT_2-02,True
UNIT-001837,FA-07,111540.0,OP-SHIFT_2-02,True
UNIT-001837,FA-08,111600.0,OP-SHIFT_2-02,True
UNIT-001838,PT-05,111120.0,OP-SHIFT_2-03,True
UNIT-001838,FA-05,111480.0,OP-SHIFT_2-03,True
UNIT-001838,FA-06,111540.0,OP-SHIFT_2-03,True
UNIT-001838,FA-07,111600.0,OP-SHIFT_2-03,True
UNIT-001838,FA-08,111660.0,OP-SHIFT_2-03,True
UNIT-001839,PT-05,111180.0,OP-SHIFT_2-04,True
UNIT-001839,FA-05,111540.0,OP-SHIFT_2-04,True
UNIT-001839,FA-06,111600.0,OP-SHIFT_2-04,True
UNIT-001839,FA-07,111660.0,OP-SHIFT_2-04,True
UNIT-001839,FA-08,111720.0,OP-SHIFT_2-04,True
UNIT-001840,PT-05,111240.0,OP-SHIFT_2-05,True
UNIT-001840,FA-05,111600.0,OP-SHIFT_2-05,True
UNIT-001840,FA-06,111660.0,OP-SHIFT_2-05,True
UNIT-001840,FA-07,111720.0,OP-SHIFT_2-05,True
UNIT-001840,FA-08,111780.0,OP-SHIFT_2-05,True
UNIT-001841,PT-05,111300.0,OP-SHIFT_2-06,True
UNIT-001841,FA-05,111660.0,OP-SHIFT_2-06,True
UNIT-001841,FA-06,111720.0,OP-SHIFT_2-06,True
UNIT-001841,FA-07,111780.0,OP-SHIFT_2-06,True
UNIT-001841,FA-08,111840.0,OP-SHIFT_2-06,True
UNIT-001842,PT-05,111360.0,OP-SHIFT_2-01,True
UNIT-001842,FA-05,111720.0,OP-SHIFT_2-01,True
UNIT-001842,FA-06,111780.0,OP-SHIFT_2-01,True
UNIT-001842,FA-07,111840.0,OP-SHIFT_2-01,True
UNIT-001842,FA-08,111900.0,OP-SHIFT_2-01,True
UNIT-001843,PT-05,111420.0,OP-SHIFT_2-02,True
UNIT-001843,FA-05,111780.0,OP-SHIFT_2-02,True
UNIT-001843,FA-06,111840.0,OP-SHIFT_2-02,True
UNIT-001843,FA-07,111900.0,OP-SHIFT_2-02,True
UNIT-001843,FA-08,111960.0,OP-SHIFT_2-02,True
UNIT-001844,PT-05,111480.0,OP-SHIFT_2-03,True
UNIT-001844,FA-05,111840.0,OP-SHIFT_2-03,True
UNIT-001844,FA-06,111900.0,OP-SHIFT_2-03,True
UNIT-001844,FA-07,111960.0,OP-SHIFT_2-03,True
UNIT-001844,FA-08,112020.0,OP-SHIFT_2-03,True
UNIT-001845,PT-05,111540.0,OP-SHIFT_2-04,True
UNIT-001845,FA-05,111900.0,OP-SHIFT_2-04,True
UNIT-001845,FA-06,111960.0,OP-SHIFT_2-04,True
UNIT-001845,FA-07,112020.0,OP-SHIFT_2-04,True
UNIT-001845,FA-08,112080.0,OP-SHIFT_2-04,True
UNIT-001846,PT-05,111600.0,OP-SHIFT_2-05,True
UNIT-001846,FA-05,111960.0,OP-SHIFT_2-05,True
UNIT-001846,FA-06,112020.0,OP-SHIFT_2-05,True
UNIT-001846,FA-07,112080.0,OP-SHIFT_2-05,True
UNIT-001846,FA-08,112140.0,OP-SHIFT_2-05,True
UNIT-001847,PT-05,111660.0,OP-SHIFT_2-06,True
UNIT-001847,FA-05,112020.0,OP-SHIFT_2-06,True
UNIT-001847,FA-06,112080.0,OP-SHIFT_2-06,True
UNIT-001847,FA-07,112140.0,OP-SHIFT_2-06,True
UNIT-001847,FA-08,112200.0,OP-SHIFT_2-06,True
UNIT-001848,PT-05,111720.0,OP-SHIFT_2-01,True
UNIT-001848,FA-05,112080.0,OP-SHIFT_2-01,True
UNIT-001848,FA-06,112140.0,OP-SHIFT_2-01,True
UNIT-001848,FA-07,112200.0,OP-SHIFT_2-01,True
UNIT-001848,FA-08,112260.0,OP-SHIFT_2-01,True
UNIT-001849,PT-05,111780.0,OP-SHIFT_2-02,True
UNIT-001849,FA-05,112140.0,OP-SHIFT_2-02,True
UNIT-001849,FA-06,112200.0,OP-SHIFT_2-02,True
UNIT-001849,FA-07,112260.0,OP-SHIFT_2-02,True
UNIT-001849,FA-08,112320.0,OP-SHIFT_2-02,True
UNIT-001850,PT-05,111840.0,OP-SHIFT_2-03,True
UNIT-001850,FA-05,112200.0,OP-SHIFT_2-03,True
UNIT-001850,FA-06,112260.0,OP-SHIFT_2-03,True
UNIT-001850,FA-07,112320.0,OP-SHIFT_2-03,True
UNIT-001850,FA-08,112380.0,OP-SHIFT_2-03,True
UNIT-001851,PT-05,111900.0,OP-SHIFT_2-04,True
UNIT-001851,FA-05,112260.0,OP-SHIFT_2-04,True
UNIT-001851,FA-06,112320.0,OP-SHIFT_2-04,True
UNIT-001851,FA-07,112380.0,OP-SHIFT_2-04,True
UNIT-001851,FA-08,112440.0,OP-SHIFT_2-04,True
UNIT-001852,PT-05,111960.0,OP-SHIFT_2-05,True
UNIT-001852,FA-05,112320.0,OP-SHIFT_2-05,True
UNIT-001852,FA-06,112380.0,OP-SHIFT_2-05,True
UNIT-001852,FA-07,112440.0,OP-SHIFT_2-05,True
UNIT-001852,FA-08,112500.0,OP-SHIFT_2-05,True
UNIT-001853,PT-05,112020.0,OP-SHIFT_2-06,True
UNIT-001853,FA-05,112380.0,OP-SHIFT_2-06,True
UNIT-001853,FA-06,112440.0,OP-SHIFT_2-06,True
UNIT-001853,FA-07,112500.0,OP-SHIFT_2-06,True
UNIT-001853,FA-08,112560.0,OP-SHIFT_2-06,True
UNIT-001854,PT-05,112080.0,OP-SHIFT_2-01,True
UNIT-001854,FA-05,112440.0,OP-SHIFT_2-01,True
UNIT-001854,FA-06,112500.0,OP-SHIFT_2-01,True
UNIT-001854,FA-07,112560.0,OP-SHIFT_2-01,True
UNIT-001854,FA-08,112620.0,OP-SHIFT_2-01,True
UNIT-001855,PT-05,112140.0,OP-SHIFT_2-02,True
UNIT-001855,FA-05,112500.0,OP-SHIFT_2-02,True
UNIT-001855,FA-06,112560.0,OP-SHIFT_2-02,True
UNIT-001855,FA-07,112620.0,OP-SHIFT_2-02,True
UNIT-001855,FA-08,112680.0,OP-SHIFT_2-02,True
UNIT-001856,PT-05,112200.0,OP-SHIFT_2-03,True
UNIT-001856,FA-05,112560.0,OP-SHIFT_2-03,True
UNIT-001856,FA-06,112620.0,OP-SHIFT_2-03,True
UNIT-001856,FA-07,112680.0,OP-SHIFT_2-03,True
UNIT-001856,FA-08,112740.0,OP-SHIFT_2-03,True
UNIT-001857,PT-05,112260.0,OP-SHIFT_2-04,True
UNIT-001857,FA-05,112620.0,OP-SHIFT_2-04,True
UNIT-001857,FA-06,112680.0,OP-SHIFT_2-04,True
UNIT-001857,FA-07,112740.0,OP-SHIFT_2-04,True
UNIT-001857,FA-08,112800.0,OP-SHIFT_2-04,True
UNIT-001858,PT-05,112320.0,OP-SHIFT_2-05,True
UNIT-001858,FA-05,112680.0,OP-SHIFT_2-05,True
UNIT-001858,FA-06,112740.0,OP-SHIFT_2-05,True
UNIT-001858,FA-07,112800.0,OP-SHIFT_2-05,True
UNIT-001858,FA-08,112860.0,OP-SHIFT_2-05,True
UNIT-001859,PT-05,112380.0,OP-SHIFT_2-06,True
UNIT-001859,FA-05,112740.0,OP-SHIFT_2-06,True
UNIT-001859,FA-06,112800.0,OP-SHIFT_2-06,True
UNIT-001859,FA-07,112860.0,OP-SHIFT_2-06,True
UNIT-001859,FA-08,112920.0,OP-SHIFT_2-06,True
UNIT-001860,PT-05,112440.0,OP-SHIFT_2-01,True
UNIT-001860,FA-05,112800.0,OP-SHIFT_2-01,True
UNIT-001860,FA-06,112860.0,OP-SHIFT_2-01,True
UNIT-001860,FA-07,112920.0,OP-SHIFT_2-01,True
UNIT-001860,FA-08,112980.0,OP-SHIFT_2-01,True
UNIT-001861,PT-05,112500.0,OP-SHIFT_2-02,True
UNIT-001861,FA-05,112860.0,OP-SHIFT_2-02,True
UNIT-001861,FA-06,112920.0,OP-SHIFT_2-02,True
UNIT-001861,FA-07,112980.0,OP-SHIFT_2-02,True
UNIT-001861,FA-08,113040.0,OP-SHIFT_2-02,True
UNIT-001862,PT-05,112560.0,OP-SHIFT_2-03,True
UNIT-001862,FA-05,112920.0,OP-SHIFT_2-03,True
UNIT-001862,FA-06,112980.0,OP-SHIFT_2-03,True
UNIT-001862,FA-07,113040.0,OP-SHIFT_2-03,True
UNIT-001862,FA-08,113100.0,OP-SHIFT_2-03,True
UNIT-001863,PT-05,112620.0,OP-SHIFT_2-04,True
UNIT-001863,FA-05,112980.0,OP-SHIFT_2-04,True
UNIT-001863,FA-06,113040.0,OP-SHIFT_2-04,True
UNIT-001863,FA-07,113100.0,OP-SHIFT_2-04,True
UNIT-001863,FA-08,113160.0,OP-SHIFT_2-04,True
UNIT-001864,PT-05,112680.0,OP-SHIFT_2-05,True
UNIT-001864,FA-05,113040.0,OP-SHIFT_2-05,True
UNIT-001864,FA-06,113100.0,OP-SHIFT_2-05,True
UNIT-001864,FA-07,113160.0,OP-SHIFT_2-05,True
UNIT-001864,FA-08,113220.0,OP-SHIFT_2-05,True
UNIT-001865,PT-05,112740.0,OP-SHIFT_2-06,True
UNIT-001865,FA-05,113100.0,OP-SHIFT_2-06,True
UNIT-001865,FA-06,113160.0,OP-SHIFT_2-06,True
UNIT-001865,FA-07,113220.0,OP-SHIFT_2-06,True
UNIT-001865,FA-08,113280.0,OP-SHIFT_2-06,True
UNIT-001866,PT-05,112800.0,OP-SHIFT_2-01,True
UNIT-001866,FA-05,113160.0,OP-SHIFT_2-01,True
UNIT-001866,FA-06,113220.0,OP-SHIFT_2-01,True
UNIT-001866,FA-07,113280.0,OP-SHIFT_2-01,True
UNIT-001866,FA-08,113340.0,OP-SHIFT_2-01,True
UNIT-001867,PT-05,112860.0,OP-SHIFT_2-02,True
UNIT-001867,FA-05,113220.0,OP-SHIFT_2-02,True
UNIT-001867,FA-06,113280.0,OP-SHIFT_2-02,True
UNIT-001867,FA-07,113340.0,OP-SHIFT_2-02,True
UNIT-001867,FA-08,113400.0,OP-SHIFT_2-02,True
UNIT-001868,PT-05,112920.0,OP-SHIFT_2-03,True
UNIT-001868,FA-05,113280.0,OP-SHIFT_2-03,True
UNIT-001868,FA-06,113340.0,OP-SHIFT_2-03,True
UNIT-001868,FA-07,113400.0,OP-SHIFT_2-03,True
UNIT-001868,FA-08,113460.0,OP-SHIFT_2-03,True
UNIT-001869,PT-05,112980.0,OP-SHIFT_2-04,True
UNIT-001869,FA-05,113340.0,OP-SHIFT_2-04,True
UNIT-001869,FA-06,113400.0,OP-SHIFT_2-04,True
UNIT-001869,FA-07,113460.0,OP-SHIFT_2-04,True
UNIT-001869,FA-08,113520.0,OP-SHIFT_2-04,True
UNIT-001870,PT-05,113040.0,OP-SHIFT_2-05,True
UNIT-001870,FA-05,113400.0,OP-SHIFT_2-05,True
UNIT-001870,FA-06,113460.0,OP-SHIFT_2-05,True
UNIT-001870,FA-07,113520.0,OP-SHIFT_2-05,True
UNIT-001870,FA-08,113580.0,OP-SHIFT_2-05,True
UNIT-001871,PT-05,113100.0,OP-SHIFT_2-06,True
UNIT-001871,FA-05,113460.0,OP-SHIFT_2-06,True
UNIT-001871,FA-06,113520.0,OP-SHIFT_2-06,True
UNIT-001871,FA-07,113580.0,OP-SHIFT_2-06,True
UNIT-001871,FA-08,113640.0,OP-SHIFT_2-06,True
UNIT-001872,PT-05,113160.0,OP-SHIFT_2-01,True
UNIT-001872,FA-05,113520.0,OP-SHIFT_2-01,True
UNIT-001872,FA-06,113580.0,OP-SHIFT_2-01,True
UNIT-001872,FA-07,113640.0,OP-SHIFT_2-01,True
UNIT-001872,FA-08,113700.0,OP-SHIFT_2-01,True
UNIT-001873,PT-05,113220.0,OP-SHIFT_2-02,True
UNIT-001873,FA-05,113580.0,OP-SHIFT_2-02,True
UNIT-001873,FA-06,113640.0,OP-SHIFT_2-02,True
UNIT-001873,FA-07,113700.0,OP-SHIFT_2-02,True
UNIT-001873,FA-08,113760.0,OP-SHIFT_2-02,True
UNIT-001874,PT-05,113280.0,OP-SHIFT_2-03,True
UNIT-001874,FA-05,113640.0,OP-SHIFT_2-03,True
UNIT-001874,FA-06,113700.0,OP-SHIFT_2-03,True
UNIT-001874,FA-07,113760.0,OP-SHIFT_2-03,True
UNIT-001874,FA-08,113820.0,OP-SHIFT_2-03,True
UNIT-001875,PT-05,113340.0,OP-SHIFT_2-04,True
UNIT-001875,FA-05,113700.0,OP-SHIFT_2-04,True
UNIT-001875,FA-06,113760.0,OP-SHIFT_2-04,True
UNIT-001875,FA-07,113820.0,OP-SHIFT_2-04,True
UNIT-001875,FA-08,113880.0,OP-SHIFT_2-04,True
UNIT-001876,PT-05,113400.0,OP-SHIFT_2-05,True
UNIT-001876,FA-05,113760.0,OP-SHIFT_2-05,True
UNIT-001876,FA-06,113820.0,OP-SHIFT_2-05,True
UNIT-001876,FA-07,113880.0,OP-SHIFT_2-05,True
UNIT-001876,FA-08,113940.0,OP-SHIFT_2-05,True
UNIT-001877,PT-05,113460.0,OP-SHIFT_2-06,True
UNIT-001877,FA-05,113820.0,OP-SHIFT_2-06,True
UNIT-001877,FA-06,113880.0,OP-SHIFT_2-06,True
UNIT-001877,FA-07,113940.0,OP-SHIFT_2-06,True
UNIT-001877,FA-08,114000.0,OP-SHIFT_2-06,True
UNIT-001878,PT-05,113520.0,OP-SHIFT_2-01,True
UNIT-001878,FA-05,113880.0,OP-SHIFT_2-01,True
UNIT-001878,FA-06,113940.0,OP-SHIFT_2-01,True
UNIT-001878,FA-07,114000.0,OP-SHIFT_2-01,True
UNIT-001878,FA-08,114060.0,OP-SHIFT_2-01,True
UNIT-001879,PT-05,113580.0,OP-SHIFT_2-02,False
UNIT-001879,FA-05,113940.0,OP-SHIFT_2-02,True
UNIT-001879,FA-06,114000.0,OP-SHIFT_2-02,True
UNIT-001879,FA-07,114060.0,OP-SHIFT_2-02,True
UNIT-001879,FA-08,114120.0,OP-SHIFT_2-02,True
UNIT-001880,PT-05,113640.0,OP-SHIFT_2-03,True
UNIT-001880,FA-05,114000.0,OP-SHIFT_2-03,True
UNIT-001880,FA-06,114060.0,OP-SHIFT_2-03,True
UNIT-001880,FA-07,114120.0,OP-SHIFT_2-03,True
UNIT-001880,FA-08,114180.0,OP-SHIFT_2-03,True
UNIT-001881,PT-05,113700.0,OP-SHIFT_2-04,True
UNIT-001881,FA-05,114060.0,OP-SHIFT_2-04,True
UNIT-001881,FA-06,114120.0,OP-SHIFT_2-04,True
UNIT-001881,FA-07,114180.0,OP-SHIFT_2-04,True
UNIT-001881,FA-08,114240.0,OP-SHIFT_2-04,True
UNIT-001882,PT-05,113760.0,OP-SHIFT_2-05,True
UNIT-001882,FA-05,114120.0,OP-SHIFT_2-05,True
UNIT-001882,FA-06,114180.0,OP-SHIFT_2-05,True
UNIT-001882,FA-07,114240.0,OP-SHIFT_2-05,True
UNIT-001882,FA-08,114300.0,OP-SHIFT_2-05,True
UNIT-001883,PT-05,113820.0,OP-SHIFT_2-06,True
UNIT-001883,FA-05,114180.0,OP-SHIFT_2-06,True
UNIT-001883,FA-06,114240.0,OP-SHIFT_2-06,True
UNIT-001883,FA-07,114300.0,OP-SHIFT_2-06,True
UNIT-001883,FA-08,114360.0,OP-SHIFT_2-06,True
UNIT-001884,PT-05,113880.0,OP-SHIFT_2-01,True
UNIT-001884,FA-05,114240.0,OP-SHIFT_2-01,True
UNIT-001884,FA-06,114300.0,OP-SHIFT_2-01,True
UNIT-001884,FA-07,114360.0,OP-SHIFT_2-01,True
UNIT-001884,FA-08,114420.0,OP-SHIFT_2-01,True
UNIT-001885,PT-05,113940.0,OP-SHIFT_2-02,True
UNIT-001885,FA-05,114300.0,OP-SHIFT_2-02,True
UNIT-001885,FA-06,114360.0,OP-SHIFT_2-02,True
UNIT-001885,FA-07,114420.0,OP-SHIFT_2-02,True
UNIT-001885,FA-08,114480.0,OP-SHIFT_2-02,True
UNIT-001886,PT-05,114000.0,OP-SHIFT_2-03,True
UNIT-001886,FA-05,114360.0,OP-SHIFT_2-03,True
UNIT-001886,FA-06,114420.0,OP-SHIFT_2-03,True
UNIT-001886,FA-07,114480.0,OP-SHIFT_2-03,True
UNIT-001886,FA-08,114540.0,OP-SHIFT_2-03,True
UNIT-001887,PT-05,114060.0,OP-SHIFT_2-04,True
UNIT-001887,FA-05,114420.0,OP-SHIFT_2-04,True
UNIT-001887,FA-06,114480.0,OP-SHIFT_2-04,True
UNIT-001887,FA-07,114540.0,OP-SHIFT_2-04,True
UNIT-001887,FA-08,114600.0,OP-SHIFT_2-04,True
UNIT-001888,PT-05,114120.0,OP-SHIFT_2-05,True
UNIT-001888,FA-05,114480.0,OP-SHIFT_2-05,True
UNIT-001888,FA-06,114540.0,OP-SHIFT_2-05,True
UNIT-001888,FA-07,114600.0,OP-SHIFT_2-05,True
UNIT-001888,FA-08,114660.0,OP-SHIFT_2-05,True
UNIT-001889,PT-05,114180.0,OP-SHIFT_2-06,True
UNIT-001889,FA-05,114540.0,OP-SHIFT_2-06,True
UNIT-001889,FA-06,114600.0,OP-SHIFT_2-06,True
UNIT-001889,FA-07,114660.0,OP-SHIFT_2-06,True
UNIT-001889,FA-08,114720.0,OP-SHIFT_2-06,True
UNIT-001890,PT-05,114240.0,OP-SHIFT_2-01,True
UNIT-001890,FA-05,114600.0,OP-SHIFT_2-01,True
UNIT-001890,FA-06,114660.0,OP-SHIFT_2-01,True
UNIT-001890,FA-07,114720.0,OP-SHIFT_2-01,True
UNIT-001890,FA-08,114780.0,OP-SHIFT_2-01,True
UNIT-001891,PT-05,114300.0,OP-SHIFT_2-02,True
UNIT-001891,FA-05,114660.0,OP-SHIFT_2-02,True
UNIT-001891,FA-06,114720.0,OP-SHIFT_2-02,True
UNIT-001891,FA-07,114780.0,OP-SHIFT_2-02,True
UNIT-001891,FA-08,114840.0,OP-SHIFT_2-02,True
UNIT-001892,PT-05,114360.0,OP-SHIFT_2-03,True
UNIT-001892,FA-05,114720.0,OP-SHIFT_2-03,True
UNIT-001892,FA-06,114780.0,OP-SHIFT_2-03,True
UNIT-001892,FA-07,114840.0,OP-SHIFT_2-03,True
UNIT-001892,FA-08,114900.0,OP-SHIFT_2-03,True
UNIT-001893,PT-05,114420.0,OP-SHIFT_2-04,True
UNIT-001893,FA-05,114780.0,OP-SHIFT_2-04,True
UNIT-001893,FA-06,114840.0,OP-SHIFT_2-04,True
UNIT-001893,FA-07,114900.0,OP-SHIFT_2-04,True
UNIT-001893,FA-08,114960.0,OP-SHIFT_2-04,True
UNIT-001894,PT-05,114480.0,OP-SHIFT_2-05,True
UNIT-001894,FA-05,114840.0,OP-SHIFT_2-05,True
UNIT-001894,FA-06,114900.0,OP-SHIFT_2-05,True
UNIT-001894,FA-07,114960.0,OP-SHIFT_2-05,True
UNIT-001894,FA-08,115020.0,OP-SHIFT_2-05,True
UNIT-001895,PT-05,114540.0,OP-SHIFT_2-06,True
UNIT-001895,FA-05,114900.0,OP-SHIFT_2-06,True
UNIT-001895,FA-06,114960.0,OP-SHIFT_2-06,True
UNIT-001895,FA-07,115020.0,OP-SHIFT_2-06,True
UNIT-001895,FA-08,115080.0,OP-SHIFT_2-06,True
UNIT-001896,PT-05,114600.0,OP-SHIFT_2-01,True
UNIT-001896,FA-05,114960.0,OP-SHIFT_2-01,True
UNIT-001896,FA-06,115020.0,OP-SHIFT_2-01,True
UNIT-001896,FA-07,115080.0,OP-SHIFT_2-01,True
UNIT-001896,FA-08,115140.0,OP-SHIFT_2-01,True
UNIT-001897,PT-05,114660.0,OP-SHIFT_2-02,True
UNIT-001897,FA-05,115020.0,OP-SHIFT_2-02,True
UNIT-001897,FA-06,115080.0,OP-SHIFT_2-02,True
UNIT-001897,FA-07,115140.0,OP-SHIFT_2-02,True
UNIT-001897,FA-08,115200.0,OP-SHIFT_2-02,True
UNIT-001898,PT-05,114720.0,OP-SHIFT_2-03,True
UNIT-001898,FA-05,115080.0,OP-SHIFT_2-03,True
UNIT-001898,FA-06,115140.0,OP-SHIFT_2-03,True
UNIT-001898,FA-07,115200.0,OP-SHIFT_2-03,True
UNIT-001898,FA-08,115260.0,OP-SHIFT_2-03,True
UNIT-001899,PT-05,114780.0,OP-SHIFT_2-04,True
UNIT-001899,FA-05,115140.0,OP-SHIFT_2-04,True
UNIT-001899,FA-06,115200.0,OP-SHIFT_2-04,True
UNIT-001899,FA-07,115260.0,OP-SHIFT_2-04,True
UNIT-001899,FA-08,115320.0,OP-SHIFT_2-04,True
UNIT-001900,PT-05,114840.0,OP-SHIFT_2-05,True
UNIT-001900,FA-05,115200.0,OP-SHIFT_2-05,True
UNIT-001900,FA-06,115260.0,OP-SHIFT_2-05,True
UNIT-001900,FA-07,115320.0,OP-SHIFT_2-05,True
UNIT-001900,FA-08,115380.0,OP-SHIFT_2-05,True
UNIT-001901,PT-05,114900.0,OP-SHIFT_2-06,True
UNIT-001901,FA-05,115260.0,OP-SHIFT_2-06,True
UNIT-001901,FA-06,115320.0,OP-SHIFT_2-06,True
UNIT-001901,FA-07,115380.0,OP-SHIFT_2-06,True
UNIT-001901,FA-08,115440.0,OP-SHIFT_2-06,True
UNIT-001902,PT-05,114960.0,OP-SHIFT_2-01,True
UNIT-001902,FA-05,115320.0,OP-SHIFT_2-01,True
UNIT-001902,FA-06,115380.0,OP-SHIFT_2-01,True
UNIT-001902,FA-07,115440.0,OP-SHIFT_2-01,True
UNIT-001902,FA-08,115500.0,OP-SHIFT_2-01,True
UNIT-001903,PT-05,115020.0,OP-SHIFT_2-02,True
UNIT-001903,FA-05,115380.0,OP-SHIFT_2-02,True
UNIT-001903,FA-06,115440.0,OP-SHIFT_2-02,True
UNIT-001903,FA-07,115500.0,OP-SHIFT_2-02,True
UNIT-001903,FA-08,115560.0,OP-SHIFT_2-02,True
UNIT-001904,PT-05,115080.0,OP-SHIFT_2-03,True
UNIT-001904,FA-05,115440.0,OP-SHIFT_2-03,True
UNIT-001904,FA-06,115500.0,OP-SHIFT_2-03,True
UNIT-001904,FA-07,115560.0,OP-SHIFT_2-03,True
UNIT-001904,FA-08,115620.0,OP-SHIFT_2-03,True
UNIT-001905,PT-05,115140.0,OP-SHIFT_2-04,True
UNIT-001905,FA-05,115500.0,OP-SHIFT_2-04,True
UNIT-001905,FA-06,115560.0,OP-SHIFT_2-04,True
UNIT-001905,FA-07,115620.0,OP-SHIFT_2-04,True
UNIT-001905,FA-08,115680.0,OP-SHIFT_2-04,True
UNIT-001906,PT-05,115200.0,OP-SHIFT_2-05,True
UNIT-001906,FA-05,115560.0,OP-SHIFT_2-05,True
UNIT-001906,FA-06,115620.0,OP-SHIFT_2-05,True
UNIT-001906,FA-07,115680.0,OP-SHIFT_2-05,True
UNIT-001906,FA-08,115740.0,OP-SHIFT_2-05,True
UNIT-001907,PT-05,115260.0,OP-SHIFT_2-06,True
UNIT-001907,FA-05,115620.0,OP-SHIFT_2-06,True
UNIT-001907,FA-06,115680.0,OP-SHIFT_2-06,True
UNIT-001907,FA-07,115740.0,OP-SHIFT_2-06,True
UNIT-001907,FA-08,115800.0,OP-SHIFT_2-06,True
UNIT-001908,PT-05,115320.0,OP-SHIFT_2-01,True
UNIT-001908,FA-05,115680.0,OP-SHIFT_2-01,True
UNIT-001908,FA-06,115740.0,OP-SHIFT_2-01,True
UNIT-001908,FA-07,115800.0,OP-SHIFT_2-01,True
UNIT-001908,FA-08,115860.0,OP-SHIFT_2-01,True
UNIT-001909,PT-05,115380.0,OP-SHIFT_2-02,True
UNIT-001909,FA-05,115740.0,OP-SHIFT_2-02,True
UNIT-001909,FA-06,115800.0,OP-SHIFT_2-02,True
UNIT-001909,FA-07,115860.0,OP-SHIFT_2-02,True
UNIT-001909,FA-08,115920.0,OP-SHIFT_2-02,True
UNIT-001910,PT-05,115440.0,OP-SHIFT_2-03,True
UNIT-001910,FA-05,115800.0,OP-SHIFT_2-03,True
UNIT-001910,FA-06,115860.0,OP-SHIFT_2-03,True
UNIT-001910,FA-07,115920.0,OP-SHIFT_2-03,True
UNIT-001910,FA-08,115980.0,OP-SHIFT_2-03,True
UNIT-001911,PT-05,115500.0,OP-SHIFT_2-04,True
UNIT-001911,FA-05,115860.0,OP-SHIFT_2-04,True
UNIT-001911,FA-06,115920.0,OP-SHIFT_2-04,True
UNIT-001911,FA-07,115980.0,OP-SHIFT_2-04,True
UNIT-001911,FA-08,116040.0,OP-SHIFT_2-04,True
UNIT-001912,PT-05,115560.0,OP-SHIFT_2-05,True
UNIT-001912,FA-05,115920.0,OP-SHIFT_2-05,True
UNIT-001912,FA-06,115980.0,OP-SHIFT_2-05,True
UNIT-001912,FA-07,116040.0,OP-SHIFT_2-05,True
UNIT-001912,FA-08,116100.0,OP-SHIFT_2-05,True
UNIT-001913,PT-05,115620.0,OP-SHIFT_2-06,True
UNIT-001913,FA-05,115980.0,OP-SHIFT_2-06,True
UNIT-001913,FA-06,116040.0,OP-SHIFT_2-06,True
UNIT-001913,FA-07,116100.0,OP-SHIFT_2-06,True
UNIT-001913,FA-08,116160.0,OP-SHIFT_2-06,True
UNIT-001914,PT-05,115680.0,OP-SHIFT_2-01,True
UNIT-001914,FA-05,116040.0,OP-SHIFT_2-01,True
UNIT-001914,FA-06,116100.0,OP-SHIFT_2-01,True
UNIT-001914,FA-07,116160.0,OP-SHIFT_2-01,True
UNIT-001914,FA-08,116220.0,OP-SHIFT_2-01,True
UNIT-001915,PT-05,115740.0,OP-SHIFT_2-02,True
UNIT-001915,FA-05,116100.0,OP-SHIFT_2-02,True
UNIT-001915,FA-06,116160.0,OP-SHIFT_2-02,True
UNIT-001915,FA-07,116220.0,OP-SHIFT_2-02,True
UNIT-001915,FA-08,116280.0,OP-SHIFT_2-02,True
UNIT-001916,PT-05,115800.0,OP-SHIFT_2-03,True
UNIT-001916,FA-05,116160.0,OP-SHIFT_2-03,True
UNIT-001916,FA-06,116220.0,OP-SHIFT_2-03,True
UNIT-001916,FA-07,116280.0,OP-SHIFT_2-03,True
UNIT-001916,FA-08,116340.0,OP-SHIFT_2-03,True
UNIT-001917,PT-05,115860.0,OP-SHIFT_2-04,True
UNIT-001917,FA-05,116220.0,OP-SHIFT_2-04,True
UNIT-001917,FA-06,116280.0,OP-SHIFT_2-04,True
UNIT-001917,FA-07,116340.0,OP-SHIFT_2-04,True
UNIT-001917,FA-08,116400.0,OP-SHIFT_2-04,True
UNIT-001918,PT-05,115920.0,OP-SHIFT_2-05,True
UNIT-001918,FA-05,116280.0,OP-SHIFT_2-05,True
UNIT-001918,FA-06,116340.0,OP-SHIFT_2-05,True
UNIT-001918,FA-07,116400.0,OP-SHIFT_2-05,True
UNIT-001918,FA-08,116460.0,OP-SHIFT_2-05,True
UNIT-001919,PT-05,115980.0,OP-SHIFT_2-06,True
UNIT-001919,FA-05,116340.0,OP-SHIFT_2-06,True
UNIT-001919,FA-06,116400.0,OP-SHIFT_2-06,True
UNIT-001919,FA-07,116460.0,OP-SHIFT_2-06,True
UNIT-001919,FA-08,116520.0,OP-SHIFT_2-06,True
